Example 1 : 3D INT, UNIT CUBE
GENERAL INFORMATION
0,0,0
1000,1500
5.45901,0,0
NODES
2378
1,5.0000,0.0000,0.0000
2,0.0000,5.0000,0.0000
3,0.0000,5.0000,60.0000
4,5.0000,0.0000,60.0000
5,-5.0000,0.0000,0.0000
6,-0.0000,-5.0000,0.0000
7,-0.0000,-5.0000,60.0000
8,-5.0000,0.0000,60.0000
9,4.8311,1.2885,0.0000
10,3.5423,3.5287,0.0000
11,1.2978,4.8286,0.0000
12,4.3359,2.4900,0.0000
13,2.5066,4.3263,0.0000
14,0.0000,5.0000,2.4226
15,0.0000,5.0000,57.5731
16,0.0000,5.0000,52.4838
17,0.0000,5.0000,47.0159
18,0.0000,5.0000,41.3682
19,0.0000,5.0000,35.6798
20,0.0000,5.0000,29.9879
21,0.0000,5.0000,24.2961
22,0.0000,5.0000,18.6084
23,0.0000,5.0000,12.9653
24,0.0000,5.0000,7.5044
25,0.0000,5.0000,4.8453
26,0.0000,5.0000,10.1635
27,0.0000,5.0000,15.7670
28,0.0000,5.0000,21.4498
29,0.0000,5.0000,27.1424
30,0.0000,5.0000,32.8334
31,0.0000,5.0000,38.5261
32,0.0000,5.0000,44.2104
33,0.0000,5.0000,49.8215
34,0.0000,5.0000,55.1461
35,1.2988,4.8284,60.0000
36,3.5412,3.5299,60.0000
37,4.8305,1.2910,60.0000
38,2.5083,4.3253,60.0000
39,4.3333,2.4945,60.0000
40,5.0000,0.0000,2.4492
41,5.0000,0.0000,57.5537
42,5.0000,0.0000,52.4087
43,5.0000,0.0000,46.9142
44,5.0000,0.0000,41.2978
45,5.0000,0.0000,35.6529
46,5.0000,0.0000,30.0029
47,5.0000,0.0000,24.3537
48,5.0000,0.0000,18.7117
49,5.0000,0.0000,13.1000
50,5.0000,0.0000,7.6025
51,5.0000,0.0000,4.8983
52,5.0000,0.0000,10.3067
53,5.0000,0.0000,15.8934
54,5.0000,0.0000,21.5301
55,5.0000,0.0000,27.1774
56,5.0000,0.0000,32.8285
57,5.0000,0.0000,38.4773
58,5.0000,0.0000,44.1184
59,5.0000,0.0000,49.7100
60,5.0000,0.0000,55.1075
61,-4.8298,-1.2933,0.0000
62,-3.5350,-3.5361,0.0000
63,-1.2926,-4.8300,0.0000
64,-4.3310,-2.4986,0.0000
65,-2.4972,-4.3317,0.0000
66,-0.0000,-5.0000,2.4039
67,-0.0000,-5.0000,57.5895
68,-0.0000,-5.0000,52.5267
69,-0.0000,-5.0000,47.0639
70,-0.0000,-5.0000,41.4016
71,-0.0000,-5.0000,35.6926
72,-0.0000,-5.0000,29.9803
73,-0.0000,-5.0000,24.2736
74,-0.0000,-5.0000,18.5768
75,-0.0000,-5.0000,12.9253
76,-0.0000,-5.0000,7.4633
77,-0.0000,-5.0000,4.8078
78,-0.0000,-5.0000,10.1189
79,-0.0000,-5.0000,15.7316
80,-0.0000,-5.0000,21.4220
81,-0.0000,-5.0000,27.1253
82,-0.0000,-5.0000,32.8353
83,-0.0000,-5.0000,38.5499
84,-0.0000,-5.0000,44.2533
85,-0.0000,-5.0000,49.8745
86,-0.0000,-5.0000,55.1789
87,-1.2961,-4.8291,60.0000
88,-3.5357,-3.5354,60.0000
89,-4.8291,-1.2959,60.0000
90,-2.5036,-4.3280,60.0000
91,-4.3282,-2.5033,60.0000
92,-5.0000,0.0000,2.4129
93,-5.0000,0.0000,57.5924
94,-5.0000,0.0000,52.5297
95,-5.0000,0.0000,47.0702
96,-5.0000,0.0000,41.4208
97,-5.0000,0.0000,35.7244
98,-5.0000,0.0000,30.0186
99,-5.0000,0.0000,24.3094
100,-5.0000,0.0000,18.6095
101,-5.0000,0.0000,12.9594
102,-5.0000,0.0000,7.4900
103,-5.0000,0.0000,4.8257
104,-5.0000,0.0000,10.1543
105,-5.0000,0.0000,15.7645
106,-5.0000,0.0000,21.4545
107,-5.0000,0.0000,27.1642
108,-5.0000,0.0000,32.8729
109,-5.0000,0.0000,38.5758
110,-5.0000,0.0000,44.2658
111,-5.0000,0.0000,49.8746
112,-5.0000,0.0000,55.1849
113,-1.3009,4.8278,0.0000
114,-3.5447,3.5263,0.0000
115,-4.8312,1.2883,0.0000
116,-2.5121,4.3231,0.0000
117,-4.3361,2.4897,0.0000
118,-4.8311,1.2888,60.0000
119,-3.5414,3.5296,60.0000
120,-1.2968,4.8289,60.0000
121,-4.3356,2.4904,60.0000
122,-2.5049,4.3273,60.0000
123,1.2941,-4.8296,0.0000
124,3.5327,-3.5384,0.0000
125,4.8286,-1.2979,0.0000
126,2.5000,-4.3301,0.0000
127,4.3261,-2.5069,0.0000
128,4.8297,-1.2937,60.0000
129,3.5355,-3.5356,60.0000
130,1.2937,-4.8297,60.0000
131,4.3306,-2.4993,60.0000
132,2.4992,-4.3306,60.0000
133,4.8346,1.2718,2.4684
134,4.8357,1.2666,4.9674
135,4.8361,1.2648,7.6210
136,4.8363,1.2642,10.3223
137,4.8363,1.2640,13.0932
138,4.8363,1.2639,15.8851
139,4.8363,1.2639,18.6992
140,4.8363,1.2639,21.5196
141,4.8363,1.2640,24.3452
142,4.8363,1.2640,27.1721
143,4.8363,1.2640,30.0004
144,4.8363,1.2639,32.8289
145,4.8363,1.2639,35.6564
146,4.8363,1.2639,38.4828
147,4.8363,1.2639,41.3051
148,4.8363,1.2639,44.1212
149,4.8363,1.2640,46.9153
150,4.8363,1.2642,49.6877
151,4.8361,1.2648,52.3862
152,4.8357,1.2668,55.0365
153,4.8344,1.2725,57.5334
154,4.3463,2.4689,2.4797
155,4.3504,2.4610,4.9985
156,4.3519,2.4582,7.6284
157,4.3524,2.4573,10.3227
158,4.3525,2.4570,13.0819
159,4.3526,2.4569,15.8722
160,4.3526,2.4569,18.6854
161,4.3526,2.4569,21.5081
162,4.3526,2.4569,24.3363
163,4.3526,2.4569,27.1666
164,4.3526,2.4569,29.9980
165,4.3526,2.4569,32.8295
166,4.3526,2.4569,35.6603
167,4.3526,2.4569,38.4893
168,4.3526,2.4569,41.3135
169,4.3526,2.4569,44.1285
170,4.3525,2.4570,46.9209
171,4.3523,2.4573,49.6815
172,4.3518,2.4583,52.3747
173,4.3503,2.4613,55.0031
174,4.3458,2.4698,57.5209
175,3.5615,3.5072,2.4807
176,3.5686,3.4995,5.0019
177,3.5711,3.4968,7.6209
178,3.5719,3.4959,10.3088
179,3.5722,3.4956,13.0640
180,3.5723,3.4955,15.8545
181,3.5723,3.4954,18.6695
182,3.5723,3.4954,21.4954
183,3.5723,3.4955,24.3270
184,3.5722,3.4955,27.1608
185,3.5723,3.4955,29.9955
186,3.5723,3.4954,32.8303
187,3.5723,3.4954,35.6646
188,3.5723,3.4954,38.4969
189,3.5723,3.4954,41.3240
190,3.5723,3.4955,44.1407
191,3.5722,3.4956,46.9334
192,3.5719,3.4959,49.6903
193,3.5710,3.4968,52.3784
194,3.5685,3.4996,54.9973
195,3.5611,3.5076,57.5188
196,2.5289,4.3117,2.4708
197,2.5369,4.3066,4.9806
198,2.5397,4.3049,7.5970
199,2.5406,4.3043,10.2796
200,2.5409,4.3041,13.0383
201,2.5410,4.3040,15.8315
202,2.5410,4.3040,18.6513
203,2.5410,4.3040,21.4814
204,2.5410,4.3040,24.3171
205,2.5410,4.3040,27.1547
206,2.5410,4.3040,29.9930
207,2.5410,4.3040,32.8313
208,2.5410,4.3040,35.6693
209,2.5410,4.3040,38.5055
210,2.5410,4.3040,41.3367
211,2.5410,4.3040,44.1580
212,2.5409,4.3041,46.9536
213,2.5406,4.3043,49.7146
214,2.5396,4.3049,52.3986
215,2.5368,4.3067,55.0162
216,2.5290,4.3117,57.5274
217,1.3152,4.8230,2.4507
218,1.3208,4.8212,4.9318
219,1.3227,4.8206,7.5571
220,1.3233,4.8204,10.2329
221,1.3235,4.8204,13.0049
222,1.3236,4.8203,15.8027
223,1.3236,4.8203,18.6307
224,1.3236,4.8203,21.4662
225,1.3236,4.8203,24.3068
226,1.3235,4.8203,27.1486
227,1.3235,4.8203,29.9904
228,1.3236,4.8203,32.8323
229,1.3236,4.8203,35.6744
230,1.3236,4.8203,38.5153
231,1.3236,4.8203,41.3517
232,1.3236,4.8203,44.1810
233,1.3235,4.8204,46.9817
234,1.3233,4.8204,49.7566
235,1.3227,4.8206,52.4348
236,1.3207,4.8212,55.0623
237,1.3153,4.8229,57.5463
238,-4.8341,-1.2738,2.4362
239,-4.8356,-1.2673,4.9034
240,-4.8361,-1.2650,7.5246
241,-4.8362,-1.2643,10.1991
242,-4.8363,-1.2640,12.9732
243,-4.8363,-1.2639,15.7753
244,-4.8363,-1.2639,18.6099
245,-4.8363,-1.2639,21.4532
246,-4.8363,-1.2639,24.3048
247,-4.8363,-1.2640,27.1583
248,-4.8363,-1.2640,30.0122
249,-4.8363,-1.2639,32.8659
250,-4.8363,-1.2639,35.7178
251,-4.8363,-1.2639,38.5680
252,-4.8363,-1.2639,41.4117
253,-4.8363,-1.2640,44.2469
254,-4.8362,-1.2643,47.0489
255,-4.8360,-1.2651,49.8217
256,-4.8355,-1.2677,52.4899
257,-4.8337,-1.2759,55.1043
258,-4.8273,-1.3014,57.5674
259,-4.3447,-2.4720,2.4514
260,-4.3498,-2.4621,4.9427
261,-4.3517,-2.4586,7.5467
262,-4.3523,-2.4574,10.2219
263,-4.3525,-2.4570,12.9809
264,-4.3526,-2.4569,15.7795
265,-4.3526,-2.4569,18.6085
266,-4.3526,-2.4569,21.4502
267,-4.3526,-2.4569,24.2998
268,-4.3526,-2.4569,27.1523
269,-4.3526,-2.4569,30.0059
270,-4.3526,-2.4569,32.8595
271,-4.3526,-2.4569,35.7118
272,-4.3526,-2.4569,38.5615
273,-4.3526,-2.4569,41.4044
274,-4.3525,-2.4570,44.2348
275,-4.3523,-2.4575,47.0339
276,-4.3516,-2.4588,49.7919
277,-4.3495,-2.4628,52.4628
278,-4.3433,-2.4747,55.0620
279,-4.3250,-2.5081,57.5506
280,-3.5588,-3.5101,2.4557
281,-3.5676,-3.5005,4.9533
282,-3.5707,-3.4971,7.5518
283,-3.5718,-3.4960,10.2259
284,-3.5721,-3.4956,12.9802
285,-3.5722,-3.4955,15.7774
286,-3.5723,-3.4954,18.6046
287,-3.5723,-3.4954,21.4455
288,-3.5723,-3.4954,24.2942
289,-3.5722,-3.4955,27.1461
290,-3.5723,-3.4955,29.9996
291,-3.5723,-3.4954,32.8533
292,-3.5723,-3.4954,35.7062
293,-3.5723,-3.4954,38.5565
294,-3.5722,-3.4955,41.3997
295,-3.5721,-3.4956,44.2292
296,-3.5718,-3.4960,47.0277
297,-3.5706,-3.4972,49.7817
298,-3.5671,-3.5011,52.4528
299,-3.5569,-3.5122,55.0482
300,-3.5287,-3.5418,57.5445
301,-2.5258,-4.3137,2.4486
302,-2.5358,-4.3073,4.9378
303,-2.5393,-4.3051,7.5387
304,-2.5405,-4.3043,10.2117
305,-2.5409,-4.3041,12.9701
306,-2.5410,-4.3040,15.7688
307,-2.5410,-4.3040,18.5978
308,-2.5410,-4.3040,21.4392
309,-2.5410,-4.3040,24.2879
310,-2.5410,-4.3040,27.1396
311,-2.5410,-4.3040,29.9932
312,-2.5410,-4.3040,32.8473
313,-2.5410,-4.3040,35.7012
314,-2.5410,-4.3040,38.5529
315,-2.5410,-4.3040,41.3979
316,-2.5409,-4.3041,44.2303
317,-2.5405,-4.3044,47.0313
318,-2.5392,-4.3052,49.7904
319,-2.5354,-4.3076,52.4611
320,-2.5241,-4.3148,55.0599
321,-2.4925,-4.3340,57.5497
322,-1.3132,-4.8236,2.4305
323,-1.3200,-4.8214,4.8931
324,-1.3224,-4.8207,7.5080
325,-1.3232,-4.8204,10.1776
326,-1.3235,-4.8204,12.9511
327,-1.3235,-4.8203,15.7538
328,-1.3236,-4.8203,18.5883
329,-1.3236,-4.8203,21.4314
330,-1.3236,-4.8203,24.2810
331,-1.3235,-4.8203,27.1327
332,-1.3235,-4.8203,29.9868
333,-1.3236,-4.8203,32.8413
334,-1.3236,-4.8203,35.6967
335,-1.3236,-4.8203,38.5507
336,-1.3236,-4.8203,41.3988
337,-1.3235,-4.8204,44.2381
338,-1.3232,-4.8205,47.0441
339,-1.3224,-4.8207,49.8197
340,-1.3198,-4.8215,52.4870
341,-1.3119,-4.8240,55.1000
342,-1.2874,-4.8311,57.5655
343,-1.3161,4.8227,2.4452
344,-2.5302,4.3109,2.4597
345,-3.5623,3.5063,2.4635
346,-4.3466,2.4684,2.4563
347,-4.8346,1.2716,2.4386
348,-1.3210,4.8211,4.9209
349,-2.5372,4.3064,4.9582
350,-3.5688,3.4992,4.9676
351,-4.3505,2.4608,4.9518
352,-4.8357,1.2665,4.9078
353,-1.3227,4.8206,7.5407
354,-2.5398,4.3048,7.5639
355,-3.5711,3.4967,7.5700
356,-4.3519,2.4582,7.5585
357,-4.8361,1.2648,7.5304
358,-1.3233,4.8204,10.2129
359,-2.5406,4.3043,10.2388
360,-3.5719,3.4958,10.2457
361,-4.3524,2.4573,10.2348
362,-4.8363,1.2642,10.2055
363,-1.3235,4.8204,12.9839
364,-2.5409,4.3041,12.9960
365,-3.5722,3.4955,12.9993
366,-4.3525,2.4570,12.9936
367,-4.8363,1.2640,12.9795
368,-1.3236,4.8203,15.7832
369,-2.5410,4.3040,15.7923
370,-3.5723,3.4955,15.7949
371,-4.3526,2.4569,15.7912
372,-4.8363,1.2639,15.7812
373,-1.3236,4.8203,18.6145
374,-2.5410,4.3040,18.6186
375,-3.5723,3.4954,18.6202
376,-4.3526,2.4569,18.6189
377,-4.8363,1.2639,18.6151
378,-1.3236,4.8203,21.4542
379,-2.5410,4.3040,21.4572
380,-3.5723,3.4954,21.4589
381,-4.3526,2.4569,21.4591
382,-4.8363,1.2639,21.4576
383,-1.3236,4.8203,24.2994
384,-2.5410,4.3040,24.3025
385,-3.5723,3.4954,24.3050
386,-4.3526,2.4569,24.3069
387,-4.8363,1.2639,24.3083
388,-1.3235,4.8203,27.1462
389,-2.5410,4.3040,27.1500
390,-3.5722,3.4955,27.1537
391,-4.3526,2.4569,27.1573
392,-4.8363,1.2640,27.1608
393,-1.3235,4.8203,29.9929
394,-2.5410,4.3040,29.9979
395,-3.5723,3.4955,30.0029
396,-4.3526,2.4569,30.0080
397,-4.8363,1.2640,30.0132
398,-1.3236,4.8203,32.8395
399,-2.5410,4.3040,32.8456
400,-3.5723,3.4954,32.8519
401,-4.3526,2.4569,32.8585
402,-4.8363,1.2639,32.8655
403,-1.3236,4.8203,35.6860
404,-2.5410,4.3040,35.6926
405,-3.5723,3.4954,35.6998
406,-4.3526,2.4569,35.7075
407,-4.8363,1.2639,35.7157
408,-1.3236,4.8203,38.5312
409,-2.5410,4.3040,38.5374
410,-3.5723,3.4954,38.5450
411,-4.3526,2.4569,38.5539
412,-4.8363,1.2639,38.5642
413,-1.3236,4.8203,41.3713
414,-2.5410,4.3040,41.3762
415,-3.5723,3.4954,41.3836
416,-4.3526,2.4569,41.3938
417,-4.8363,1.2639,41.4064
418,-1.3236,4.8203,44.2034
419,-2.5410,4.3040,44.2032
420,-3.5723,3.4955,44.2093
421,-4.3526,2.4569,44.2217
422,-4.8363,1.2639,44.2404
423,-1.3235,4.8204,47.0052
424,-2.5409,4.3041,47.0010
425,-3.5722,3.4956,47.0056
426,-4.3525,2.4570,47.0194
427,-4.8363,1.2640,47.0417
428,-1.3233,4.8204,49.7787
429,-2.5406,4.3043,49.7594
430,-3.5719,3.4959,49.7594
431,-4.3523,2.4573,49.7774
432,-4.8363,1.2642,49.8146
433,-1.3226,4.8206,52.4526
434,-2.5396,4.3049,52.4346
435,-3.5710,3.4968,52.4336
436,-4.3518,2.4583,52.4504
437,-4.8361,1.2648,52.4838
438,-1.3207,4.8213,55.0741
439,-2.5367,4.3067,55.0403
440,-3.5684,3.4996,55.0343
441,-4.3503,2.4612,55.0533
442,-4.8357,1.2667,55.1002
443,-1.3149,4.8231,57.5522
444,-2.5284,4.3120,57.5395
445,-3.5611,3.5076,57.5373
446,-4.3461,2.4693,57.5461
447,-4.8345,1.2721,57.5653
448,1.2736,-4.8342,2.4357
449,2.4714,-4.3450,2.4596
450,3.5087,-3.5601,2.4730
451,4.3122,-2.5282,2.4751
452,4.8231,-1.3149,2.4664
453,1.2672,-4.8356,4.9024
454,2.4618,-4.3500,4.9590
455,3.5000,-3.5681,4.9875
456,4.3069,-2.5365,4.9903
457,4.8213,-1.3206,4.9644
458,1.2650,-4.8361,7.5233
459,2.4585,-4.3517,7.5710
460,3.4969,-3.5709,7.6025
461,4.3049,-2.5395,7.6172
462,4.8206,-1.3226,7.6159
463,1.2643,-4.8362,10.1965
464,2.4574,-4.3523,10.2516
465,3.4959,-3.5718,10.2888
466,4.3043,-2.5405,10.3103
467,4.8204,-1.3233,10.3166
468,1.2640,-4.8363,12.9717
469,2.4570,-4.3525,13.0121
470,3.4956,-3.5721,13.0448
471,4.3041,-2.5409,13.0695
472,4.8204,-1.3235,13.0872
473,1.2639,-4.8363,15.7730
474,2.4569,-4.3526,15.8078
475,3.4955,-3.5722,15.8370
476,4.3040,-2.5410,15.8608
477,4.8203,-1.3235,15.8796
478,1.2639,-4.8363,18.6044
479,2.4569,-4.3526,18.6303
480,3.4954,-3.5723,18.6539
481,4.3040,-2.5410,18.6751
482,4.8203,-1.3236,18.6942
483,1.2639,-4.8363,21.4434
484,2.4569,-4.3526,21.4634
485,3.4954,-3.5723,21.4820
486,4.3040,-2.5410,21.4993
487,4.8203,-1.3236,21.5153
488,1.2639,-4.8363,24.2883
489,2.4569,-4.3526,24.3026
490,3.4954,-3.5723,24.3162
491,4.3040,-2.5410,24.3293
492,4.8203,-1.3236,24.3417
493,1.2640,-4.8363,27.1351
494,2.4569,-4.3526,27.1444
495,3.4955,-3.5722,27.1533
496,4.3040,-2.5410,27.1617
497,4.8203,-1.3235,27.1698
498,1.2640,-4.8363,29.9843
499,2.4569,-4.3526,29.9883
500,3.4955,-3.5723,29.9921
501,4.3040,-2.5410,29.9958
502,4.8203,-1.3235,29.9994
503,1.2639,-4.8363,32.8342
504,2.4569,-4.3526,32.8329
505,3.4954,-3.5723,32.8316
506,4.3040,-2.5410,32.8304
507,4.8203,-1.3236,32.8293
508,1.2639,-4.8363,35.6850
509,2.4569,-4.3526,35.6778
510,3.4954,-3.5723,35.6709
511,4.3040,-2.5410,35.6645
512,4.8203,-1.3236,35.6585
513,1.2639,-4.8363,38.5348
514,2.4569,-4.3526,38.5209
515,3.4954,-3.5723,38.5082
516,4.3040,-2.5410,38.4968
517,4.8203,-1.3236,38.4865
518,1.2639,-4.8363,41.3791
519,2.4569,-4.3526,41.3584
520,3.4954,-3.5723,41.3400
521,4.3040,-2.5410,41.3240
522,4.8203,-1.3236,41.3102
523,1.2639,-4.8363,44.2159
524,2.4569,-4.3526,44.1853
525,3.4955,-3.5722,44.1606
526,4.3040,-2.5410,44.1414
527,4.8203,-1.3236,44.1275
528,1.2640,-4.8363,47.0210
529,2.4570,-4.3525,46.9843
530,3.4956,-3.5721,46.9556
531,4.3041,-2.5409,46.9352
532,4.8204,-1.3235,46.9222
533,1.2643,-4.8362,49.7988
534,2.4574,-4.3523,49.7465
535,3.4959,-3.5718,49.7129
536,4.3043,-2.5405,49.6956
537,4.8204,-1.3232,49.6941
538,1.2650,-4.8361,52.4702
539,2.4586,-4.3517,52.4259
540,3.4971,-3.5708,52.3978
541,4.3050,-2.5394,52.3867
542,4.8207,-1.3225,52.3916
543,1.2673,-4.8356,55.0894
544,2.4621,-4.3499,55.0366
545,3.5004,-3.5677,55.0113
546,4.3072,-2.5360,55.0111
547,4.8214,-1.3202,55.0394
548,1.2738,-4.8341,57.5597
549,2.4719,-4.3447,57.5377
550,3.5098,-3.5591,57.5260
551,4.3133,-2.5264,57.5253
552,4.8235,-1.3137,57.5354
553,-0.0008,-0.0016,0.0000
554,-0.3655,0.3626,0.0000
555,-0.7322,0.7289,0.0000
556,1.0894,-0.3623,0.0000
557,0.7268,-0.0021,0.0000
558,0.3640,0.3626,0.0000
559,-0.0008,0.7252,0.0000
560,-0.3610,1.0878,0.0000
561,1.4278,-0.0025,0.0000
562,1.0896,0.3577,0.0000
563,0.7307,0.7289,0.0000
564,0.3594,1.0878,0.0000
565,-0.0009,1.4260,0.0000
566,0.3640,-0.3666,0.0000
567,0.7305,-0.7333,0.0000
568,-1.0911,0.3577,0.0000
569,-0.7282,-0.0021,0.0000
570,-0.3654,-0.3666,0.0000
571,-0.0007,-0.7293,0.0000
572,0.3593,-1.0921,0.0000
573,-1.4292,-0.0024,0.0000
574,-1.0909,-0.3622,0.0000
575,-0.7319,-0.7332,0.0000
576,-0.3607,-1.0920,0.0000
577,-0.0006,-1.4302,0.0000
578,0.5231,-2.2253,0.0000
579,1.0464,-1.9394,0.0000
580,1.5315,-1.5347,0.0000
581,1.9365,-1.0499,0.0000
582,2.2229,-0.5266,0.0000
583,0.7310,-2.8547,0.0000
584,1.4261,-2.5329,0.0000
585,2.0407,-2.0443,0.0000
586,2.5299,-1.4300,0.0000
587,2.8523,-0.7349,0.0000
588,0.9777,-3.7024,0.0000
589,1.8939,-3.3085,0.0000
590,2.6879,-2.6921,0.0000
591,3.3054,-1.8986,0.0000
592,3.7005,-0.9818,0.0000
593,-0.5243,-2.2253,0.0000
594,-0.7320,-2.8547,0.0000
595,-0.9779,-3.7025,0.0000
596,-1.0477,-1.9393,0.0000
597,-1.4273,-2.5328,0.0000
598,-1.8944,-3.3087,0.0000
599,-1.5329,-1.5344,0.0000
600,-2.0422,-2.0438,0.0000
601,-2.6896,-2.6910,0.0000
602,-1.9380,-1.0494,0.0000
603,-2.5315,-1.4291,0.0000
604,-3.3075,-1.8961,0.0000
605,-2.2242,-0.5262,0.0000
606,-2.8536,-0.7340,0.0000
607,-3.7017,-0.9798,0.0000
608,-2.2247,0.5209,0.0000
609,-2.8543,0.7283,0.0000
610,-3.7028,0.9739,0.0000
611,-1.9389,1.0442,0.0000
612,-2.5331,1.4232,0.0000
613,-3.3104,1.8892,0.0000
614,-1.5342,1.5295,0.0000
615,-2.0447,2.0383,0.0000
616,-2.6945,2.6842,0.0000
617,-1.0491,1.9348,0.0000
618,-1.4300,2.5281,0.0000
619,-1.9004,3.3032,0.0000
620,-0.5253,2.2214,0.0000
621,-0.7339,2.8511,0.0000
622,-0.9820,3.6994,0.0000
623,0.5234,2.2215,0.0000
624,0.7318,2.8513,0.0000
625,0.9795,3.6999,0.0000
626,1.0473,1.9351,0.0000
627,1.4280,2.5286,0.0000
628,1.8976,3.3044,0.0000
629,1.5326,1.5298,0.0000
630,2.0431,2.0388,0.0000
631,2.6926,2.6854,0.0000
632,1.9376,1.0444,0.0000
633,2.5319,1.4236,0.0000
634,3.3094,1.8897,0.0000
635,2.2234,0.5208,0.0000
636,2.8533,0.7282,0.0000
637,3.7021,0.9739,0.0000
638,1.7657,-0.3163,0.0000
639,1.4733,-0.7108,0.0000
640,1.1098,-1.1128,0.0000
641,0.7076,-1.4760,0.0000
642,0.3130,-1.7682,0.0000
643,-1.7671,-0.3161,0.0000
644,-1.4747,-0.7106,0.0000
645,-1.1112,-1.1126,0.0000
646,-0.7089,-1.4760,0.0000
647,-0.3142,-1.7682,0.0000
648,-0.0006,-2.3504,0.0000
649,-0.0005,-2.9726,0.0000
650,-0.0002,-3.8393,0.0000
651,-1.7674,0.3110,0.0000
652,-1.4752,0.7057,0.0000
653,-1.1119,1.1080,0.0000
654,-0.7096,1.4716,0.0000
655,-0.3147,1.7641,0.0000
656,-2.3494,-0.0027,0.0000
657,-2.9718,-0.0028,0.0000
658,-3.8388,-0.0025,0.0000
659,2.3482,-0.0030,0.0000
660,2.9708,-0.0033,0.0000
661,3.8381,-0.0032,0.0000
662,0.3130,1.7641,0.0000
663,0.7079,1.4717,0.0000
664,1.1103,1.1081,0.0000
665,1.4738,0.7058,0.0000
666,1.7660,0.3110,0.0000
667,-0.0010,2.3467,0.0000
668,-0.0010,2.9696,0.0000
669,-0.0010,3.8373,0.0000
670,-1.9603,-0.0026,0.0000
671,-0.0009,1.9573,0.0000
672,1.9590,-0.0028,0.0000
673,-0.0006,-1.9613,0.0000
674,0.7313,0.7281,60.0000
675,0.3646,0.3614,60.0000
676,-0.0002,-0.0036,60.0000
677,-0.3649,-0.3678,60.0000
678,-0.7314,-0.7341,60.0000
679,1.0901,0.3570,60.0000
680,0.7273,-0.0031,60.0000
681,0.3645,-0.3678,60.0000
682,-0.0002,-0.7303,60.0000
683,-0.3602,-1.0928,60.0000
684,1.4284,-0.0029,60.0000
685,1.0900,-0.3629,60.0000
686,0.7310,-0.7341,60.0000
687,0.3598,-1.0928,60.0000
688,-0.0002,-1.4309,60.0000
689,-1.0903,-0.3630,60.0000
690,-0.7276,-0.0031,60.0000
691,-0.3649,0.3614,60.0000
692,-0.0001,0.7243,60.0000
693,0.3601,1.0871,60.0000
694,-1.4287,-0.0031,60.0000
695,-1.0904,0.3569,60.0000
696,-0.7315,0.7281,60.0000
697,-0.3603,1.0870,60.0000
698,-0.0001,1.4254,60.0000
699,0.5242,2.2209,60.0000
700,1.0479,1.9345,60.0000
701,1.5330,1.5293,60.0000
702,1.9379,1.0442,60.0000
703,2.2238,0.5208,60.0000
704,0.7327,2.8508,60.0000
705,1.4286,2.5282,60.0000
706,2.0433,2.0387,60.0000
707,2.5319,1.4238,60.0000
708,2.8535,0.7286,60.0000
709,0.9804,3.6995,60.0000
710,1.8982,3.3039,60.0000
711,2.6924,2.6857,60.0000
712,3.3088,1.8909,60.0000
713,3.7019,0.9751,60.0000
714,-0.5242,2.2210,60.0000
715,-0.7325,2.8509,60.0000
716,-0.9797,3.6997,60.0000
717,-1.0480,1.9346,60.0000
718,-1.4285,2.5283,60.0000
719,-1.8975,3.3044,60.0000
720,-1.5333,1.5293,60.0000
721,-2.0435,2.0386,60.0000
722,-2.6926,2.6855,60.0000
723,-1.9382,1.0440,60.0000
724,-2.5323,1.4233,60.0000
725,-3.3096,1.8898,60.0000
726,-2.2241,0.5205,60.0000
727,-2.8538,0.7281,60.0000
728,-3.7024,0.9740,60.0000
729,-2.2237,-0.5268,60.0000
730,-2.8532,-0.7346,60.0000
731,-3.7012,-0.9809,60.0000
732,-1.9375,-1.0500,60.0000
733,-2.5310,-1.4297,60.0000
734,-3.3067,-1.8973,60.0000
735,-1.5325,-1.5349,60.0000
736,-2.0420,-2.0440,60.0000
737,-2.6897,-2.6910,60.0000
738,-1.0475,-1.9397,60.0000
739,-1.4275,-2.5329,60.0000
740,-1.8959,-3.3079,60.0000
741,-0.5241,-2.2258,60.0000
742,-0.7322,-2.8549,60.0000
743,-0.9792,-3.7024,60.0000
744,0.5234,-2.2259,60.0000
745,0.7313,-2.8551,60.0000
746,0.9778,-3.7027,60.0000
747,1.0470,-1.9398,60.0000
748,1.4268,-2.5331,60.0000
749,1.8945,-3.3086,60.0000
750,1.5322,-1.5349,60.0000
751,2.0417,-2.0441,60.0000
752,2.6895,-2.6911,60.0000
753,1.9373,-1.0499,60.0000
754,2.5309,-1.4294,60.0000
755,3.3072,-1.8963,60.0000
756,2.2235,-0.5265,60.0000
757,2.8531,-0.7342,60.0000
758,3.7014,-0.9798,60.0000
759,1.7664,0.3107,60.0000
760,1.4742,0.7053,60.0000
761,1.1109,1.1076,60.0000
762,0.7086,1.4711,60.0000
763,0.3138,1.7635,60.0000
764,-1.7667,0.3105,60.0000
765,-1.4745,0.7052,60.0000
766,-1.1111,1.1075,60.0000
767,-0.7088,1.4711,60.0000
768,-0.3139,1.7635,60.0000
769,0.0000,2.3462,60.0000
770,0.0001,2.9692,60.0000
771,0.0003,3.8371,60.0000
772,-1.7666,-0.3167,60.0000
773,-1.4742,-0.7112,60.0000
774,-1.1108,-1.1133,60.0000
775,-0.7085,-1.4766,60.0000
776,-0.3139,-1.7687,60.0000
777,-2.3489,-0.0032,60.0000
778,-2.9714,-0.0032,60.0000
779,-3.8385,-0.0029,60.0000
780,2.3487,-0.0029,60.0000
781,2.9712,-0.0027,60.0000
782,3.8384,-0.0021,60.0000
783,0.3133,-1.7688,60.0000
784,0.7081,-1.4766,60.0000
785,1.1104,-1.1133,60.0000
786,1.4739,-0.7111,60.0000
787,1.7664,-0.3165,60.0000
788,-0.0003,-2.3509,60.0000
789,-0.0004,-2.9731,60.0000
790,-0.0005,-3.8396,60.0000
791,-1.9598,-0.0031,60.0000
792,-0.0003,-1.9618,60.0000
793,1.9595,-0.0029,60.0000
794,-0.0000,1.9568,60.0000
795,4.9156,0.6443,0.0000
796,4.8328,1.2802,1.2342
797,4.9173,0.6359,2.4588
798,5.0000,0.0000,1.2246
799,4.8351,1.2692,3.7179
800,4.9179,0.6333,4.9328
801,5.0000,0.0000,3.6738
802,4.8359,1.2657,6.2942
803,4.9181,0.6324,7.6117
804,5.0000,0.0000,6.2504
805,4.8362,1.2645,8.9716
806,4.9181,0.6321,10.3145
807,5.0000,0.0000,8.9546
808,4.8363,1.2641,11.7077
809,4.9182,0.6320,13.0966
810,5.0000,0.0000,11.7034
811,4.8363,1.2640,14.4891
812,4.9182,0.6320,15.8892
813,5.0000,0.0000,14.4967
814,4.8363,1.2639,17.2921
815,4.9182,0.6320,18.7055
816,5.0000,0.0000,17.3025
817,4.8363,1.2639,20.1094
818,4.9182,0.6320,21.5248
819,5.0000,0.0000,20.1209
820,4.8363,1.2639,22.9324
821,4.9182,0.6320,24.3495
822,5.0000,0.0000,22.9419
823,4.8363,1.2640,25.7587
824,4.9182,0.6320,27.1748
825,5.0000,0.0000,25.7656
826,4.8363,1.2640,28.5863
827,4.9182,0.6320,30.0017
828,5.0000,0.0000,28.5902
829,4.8363,1.2639,31.4147
830,4.9182,0.6320,32.8287
831,5.0000,0.0000,31.4157
832,4.8363,1.2639,34.2426
833,4.9182,0.6320,35.6546
834,5.0000,0.0000,34.2407
835,4.8363,1.2639,37.0696
836,4.9182,0.6320,38.4801
837,5.0000,0.0000,37.0651
838,4.8363,1.2639,39.8939
839,4.9182,0.6320,41.3014
840,5.0000,0.0000,39.8876
841,4.8363,1.2639,42.7131
842,4.9182,0.6320,44.1198
843,5.0000,0.0000,42.7081
844,4.8363,1.2640,45.5182
845,4.9182,0.6320,46.9148
846,5.0000,0.0000,45.5163
847,4.8363,1.2641,48.3015
848,4.9181,0.6321,49.6988
849,5.0000,0.0000,48.3121
850,4.8362,1.2645,51.0369
851,4.9181,0.6324,52.3974
852,5.0000,0.0000,51.0594
853,4.8359,1.2658,53.7113
854,4.9178,0.6334,55.0720
855,5.0000,0.0000,53.7581
856,4.8350,1.2696,56.2849
857,4.9172,0.6363,57.5436
858,5.0000,0.0000,56.3306
859,4.8324,1.2818,58.7667
860,4.9152,0.6455,60.0000
861,5.0000,0.0000,58.7769
862,4.5835,1.8893,0.0000
863,4.3411,2.4794,1.2399
864,4.5904,1.8704,2.4741
865,4.3484,2.4650,3.7391
866,4.5931,1.8638,4.9829
867,4.3511,2.4596,6.3135
868,4.5940,1.8615,7.6247
869,4.3521,2.4578,8.9756
870,4.5943,1.8607,10.3225
871,4.3524,2.4572,11.7023
872,4.5944,1.8605,13.0875
873,4.3525,2.4570,14.4770
874,4.5944,1.8604,15.8786
875,4.3526,2.4569,17.2788
876,4.5944,1.8604,18.6923
877,4.3526,2.4569,20.0967
878,4.5944,1.8604,21.5139
879,4.3526,2.4569,22.9222
880,4.5944,1.8604,24.3408
881,4.3526,2.4569,25.7514
882,4.5944,1.8604,27.1694
883,4.3526,2.4569,28.5823
884,4.5944,1.8604,29.9992
885,4.3526,2.4569,31.4137
886,4.5944,1.8604,32.8292
887,4.3526,2.4569,34.2449
888,4.5944,1.8604,35.6584
889,4.3526,2.4569,37.0748
890,4.5945,1.8604,38.4861
891,4.3526,2.4569,39.9014
892,4.5944,1.8604,41.3093
893,4.3526,2.4569,42.7210
894,4.5944,1.8604,44.1249
895,4.3525,2.4570,45.5247
896,4.5944,1.8605,46.9181
897,4.3524,2.4572,48.3012
898,4.5943,1.8608,49.6846
899,4.3521,2.4578,51.0281
900,4.5940,1.8616,52.3804
901,4.3511,2.4598,53.6889
902,4.5930,1.8640,55.0198
903,4.3481,2.4655,56.2620
904,4.5901,1.8712,57.5271
905,4.3396,2.4822,58.7605
906,4.5819,1.8927,60.0000
907,3.9391,3.0094,0.0000
908,3.5519,3.5179,1.2403
909,3.9539,2.9880,2.4802
910,3.5651,3.5033,3.7413
911,3.9595,2.9802,5.0002
912,3.5698,3.4981,6.3114
913,3.9615,2.9775,7.6247
914,3.5715,3.4963,8.9648
915,3.9621,2.9766,10.3157
916,3.5720,3.4957,11.6864
917,3.9623,2.9763,13.0729
918,3.5722,3.4955,14.4592
919,3.9624,2.9762,15.8633
920,3.5723,3.4954,17.2620
921,3.9624,2.9762,18.6774
922,3.5723,3.4954,20.0824
923,3.9624,2.9762,21.5017
924,3.5723,3.4954,22.9112
925,3.9624,2.9762,24.3316
926,3.5723,3.4955,25.7439
927,3.9624,2.9762,27.1637
928,3.5723,3.4955,28.5781
929,3.9624,2.9762,29.9967
930,3.5723,3.4954,31.4129
931,3.9624,2.9762,32.8299
932,3.5723,3.4954,34.2474
933,3.9624,2.9761,35.6624
934,3.5723,3.4954,37.0807
935,3.9624,2.9761,38.4931
936,3.5723,3.4954,39.9104
937,3.9624,2.9762,41.3188
938,3.5723,3.4954,42.7323
939,3.9624,2.9762,44.1346
940,3.5722,3.4955,45.5370
941,3.9623,2.9763,46.9271
942,3.5720,3.4957,48.3118
943,3.9621,2.9766,49.6859
944,3.5715,3.4963,51.0343
945,3.9614,2.9775,52.3766
946,3.5697,3.4982,53.6879
947,3.9594,2.9804,55.0002
948,3.5648,3.5036,56.2580
949,3.9535,2.9887,57.5198
950,3.5512,3.5187,58.7594
951,3.9372,3.0122,60.0000
952,3.0245,3.9275,0.0000
953,2.5178,4.3190,1.2354
954,3.0452,3.9094,2.4758
955,2.5329,4.3092,3.7257
956,3.0527,3.9030,4.9912
957,2.5383,4.3057,6.2888
958,3.0554,3.9008,7.6089
959,2.5401,4.3046,8.9383
960,3.0562,3.9001,10.2942
961,2.5407,4.3042,11.6590
962,3.0565,3.8998,13.0511
963,2.5409,4.3041,14.4349
964,3.0566,3.8997,15.8430
965,2.5410,4.3040,17.2414
966,3.0566,3.8997,18.6604
967,2.5410,4.3040,20.0663
968,3.0566,3.8997,21.4884
969,2.5410,4.3040,22.8992
970,3.0566,3.8997,24.3220
971,2.5410,4.3040,25.7359
972,3.0566,3.8997,27.1578
973,2.5410,4.3040,28.5738
974,3.0566,3.8997,29.9942
975,2.5410,4.3040,31.4121
976,3.0566,3.8997,32.8308
977,2.5410,4.3040,34.2503
978,3.0566,3.8997,35.6669
979,2.5410,4.3040,37.0874
980,3.0567,3.8997,38.5012
981,2.5410,4.3040,39.9211
982,3.0566,3.8997,41.3304
983,2.5410,4.3040,42.7474
984,3.0566,3.8997,44.1493
985,2.5409,4.3041,45.5558
986,3.0565,3.8998,46.9435
987,2.5407,4.3042,48.3341
988,3.0562,3.9001,49.7024
989,2.5401,4.3046,51.0566
990,3.0553,3.9008,52.3885
991,2.5382,4.3058,53.7074
992,3.0526,3.9031,55.0067
993,2.5329,4.3092,56.2718
994,3.0450,3.9096,57.5231
995,2.5187,4.3185,58.7637
996,3.0248,3.9276,60.0000
997,1.9022,4.5775,0.0000
998,1.3065,4.8258,1.2253
999,1.9221,4.5673,2.4607
1000,1.3180,4.8221,3.6912
1001,1.9288,4.5639,4.9562
1002,1.3217,4.8209,6.2444
1003,1.9312,4.5627,7.5770
1004,1.3230,4.8205,8.8950
1005,1.9319,4.5623,10.2563
1006,1.3234,4.8204,11.6189
1007,1.9322,4.5622,13.0216
1008,1.3235,4.8204,14.4038
1009,1.9323,4.5622,15.8171
1010,1.3236,4.8203,17.2167
1011,1.9323,4.5622,18.6410
1012,1.3236,4.8203,20.0485
1013,1.9323,4.5622,21.4738
1014,1.3236,4.8203,22.8865
1015,1.9323,4.5622,24.3119
1016,1.3235,4.8203,25.7277
1017,1.9322,4.5622,27.1517
1018,1.3235,4.8203,28.5695
1019,1.9323,4.5622,29.9917
1020,1.3235,4.8203,31.4114
1021,1.9323,4.5622,32.8318
1022,1.3236,4.8203,34.2533
1023,1.9323,4.5622,35.6718
1024,1.3236,4.8203,37.0948
1025,1.9323,4.5622,38.5104
1026,1.3236,4.8203,39.9335
1027,1.9323,4.5622,41.3442
1028,1.3236,4.8203,42.7663
1029,1.9323,4.5622,44.1695
1030,1.3235,4.8203,45.5814
1031,1.9322,4.5622,46.9677
1032,1.3234,4.8204,48.3692
1033,1.9319,4.5624,49.7356
1034,1.3230,4.8205,51.0957
1035,1.9311,4.5628,52.4167
1036,1.3217,4.8209,53.7486
1037,1.9288,4.5639,55.0392
1038,1.3180,4.8221,56.3043
1039,1.9221,4.5673,57.5368
1040,1.3070,4.8257,58.7732
1041,1.9035,4.5768,60.0000
1042,0.6489,4.9143,0.0000
1043,0.0000,5.0000,1.2113
1044,0.6576,4.9115,2.4367
1045,0.0000,5.0000,3.6340
1046,0.6604,4.9106,4.8886
1047,0.0000,5.0000,6.1749
1048,0.6613,4.9103,7.5307
1049,0.0000,5.0000,8.8340
1050,0.6616,4.9102,10.1982
1051,0.0000,5.0000,11.5644
1052,0.6617,4.9102,12.9851
1053,0.0000,5.0000,14.3662
1054,0.6618,4.9102,15.7849
1055,0.0000,5.0000,17.1877
1056,0.6618,4.9102,18.6196
1057,0.0000,5.0000,20.0291
1058,0.6618,4.9102,21.4580
1059,0.0000,5.0000,22.8729
1060,0.6618,4.9102,24.3014
1061,0.0000,5.0000,25.7192
1062,0.6618,4.9102,27.1455
1063,0.0000,5.0000,28.5652
1064,0.6618,4.9102,29.9892
1065,0.0000,5.0000,31.4107
1066,0.6618,4.9102,32.8329
1067,0.0000,5.0000,34.2566
1068,0.6618,4.9102,35.6771
1069,0.0000,5.0000,37.1029
1070,0.6618,4.9102,38.5207
1071,0.0000,5.0000,39.9472
1072,0.6618,4.9102,41.3599
1073,0.0000,5.0000,42.7893
1074,0.6618,4.9102,44.1957
1075,0.0000,5.0000,45.6131
1076,0.6617,4.9102,46.9988
1077,0.0000,5.0000,48.4187
1078,0.6616,4.9102,49.7891
1079,0.0000,5.0000,51.1526
1080,0.6613,4.9103,52.4593
1081,0.0000,5.0000,53.8150
1082,0.6604,4.9106,55.1042
1083,0.0000,5.0000,56.3596
1084,0.6577,4.9115,57.5597
1085,0.0000,5.0000,58.7865
1086,0.6494,4.9142,60.0000
1087,-4.9149,-0.6466,0.0000
1088,-4.8320,-1.2835,1.2181
1089,-4.9171,-0.6369,2.4245
1090,-5.0000,0.0000,1.2064
1091,-4.8348,-1.2706,3.6698
1092,-4.9178,-0.6337,4.8646
1093,-5.0000,0.0000,3.6193
1094,-4.8358,-1.2662,6.2140
1095,-4.9180,-0.6325,7.5073
1096,-5.0000,0.0000,6.1579
1097,-4.8362,-1.2647,8.8619
1098,-4.9181,-0.6321,10.1767
1099,-5.0000,0.0000,8.8222
1100,-4.8363,-1.2641,11.5861
1101,-4.9181,-0.6320,12.9663
1102,-5.0000,0.0000,11.5568
1103,-4.8363,-1.2640,14.3742
1104,-4.9182,-0.6320,15.7699
1105,-5.0000,0.0000,14.3619
1106,-4.8363,-1.2639,17.1926
1107,-4.9182,-0.6320,18.6097
1108,-5.0000,0.0000,17.1870
1109,-4.8363,-1.2639,20.0315
1110,-4.9182,-0.6320,21.4538
1111,-5.0000,0.0000,20.0320
1112,-4.8363,-1.2639,22.8790
1113,-4.9182,-0.6320,24.3071
1114,-5.0000,0.0000,22.8819
1115,-4.8363,-1.2640,25.7316
1116,-4.9182,-0.6320,27.1613
1117,-5.0000,0.0000,25.7368
1118,-4.8363,-1.2640,28.5853
1119,-4.9182,-0.6320,30.0154
1120,-5.0000,0.0000,28.5914
1121,-4.8363,-1.2639,31.4391
1122,-4.9182,-0.6320,32.8694
1123,-5.0000,0.0000,31.4457
1124,-4.8363,-1.2639,34.2919
1125,-4.9182,-0.6320,35.7211
1126,-5.0000,0.0000,34.2986
1127,-4.8363,-1.2639,37.1429
1128,-4.9182,-0.6320,38.5719
1129,-5.0000,0.0000,37.1501
1130,-4.8363,-1.2639,39.9899
1131,-4.9182,-0.6320,41.4163
1132,-5.0000,0.0000,39.9983
1133,-4.8363,-1.2640,42.8293
1134,-4.9181,-0.6320,44.2564
1135,-5.0000,0.0000,42.8433
1136,-4.8363,-1.2642,45.6479
1137,-4.9181,-0.6321,47.0596
1138,-5.0000,0.0000,45.6680
1139,-4.8361,-1.2647,48.4353
1140,-4.9180,-0.6326,49.8482
1141,-5.0000,0.0000,48.4724
1142,-4.8358,-1.2664,51.1558
1143,-4.9177,-0.6339,52.5098
1144,-5.0000,0.0000,51.2022
1145,-4.8346,-1.2718,53.7971
1146,-4.9168,-0.6379,55.1446
1147,-5.0000,0.0000,53.8573
1148,-4.8305,-1.2886,56.3358
1149,-4.9137,-0.6507,57.5799
1150,-5.0000,0.0000,56.3887
1151,-4.8282,-1.2986,58.7837
1152,-4.9146,-0.6480,60.0000
1153,-5.0000,0.0000,58.7962
1154,-4.5804,-1.8959,0.0000
1155,-4.3378,-2.4853,1.2257
1156,-4.5894,-1.8729,2.4438
1157,-4.3473,-2.4671,3.6970
1158,-4.5927,-1.8647,4.9231
1159,-4.3507,-2.4604,6.2447
1160,-4.5939,-1.8618,7.5357
1161,-4.3520,-2.4580,8.8843
1162,-4.5943,-1.8609,10.2105
1163,-4.3524,-2.4572,11.6014
1164,-4.5944,-1.8605,12.9770
1165,-4.3525,-2.4570,14.3802
1166,-4.5944,-1.8604,15.7774
1167,-4.3526,-2.4569,17.1940
1168,-4.5944,-1.8604,18.6092
1169,-4.3526,-2.4569,20.0294
1170,-4.5944,-1.8604,21.4517
1171,-4.3526,-2.4569,22.8750
1172,-4.5944,-1.8604,24.3023
1173,-4.3526,-2.4569,25.7261
1174,-4.5944,-1.8604,27.1553
1175,-4.3526,-2.4569,28.5791
1176,-4.5944,-1.8604,30.0090
1177,-4.3526,-2.4569,31.4327
1178,-4.5944,-1.8604,32.8627
1179,-4.3526,-2.4569,34.2856
1180,-4.5944,-1.8604,35.7148
1181,-4.3526,-2.4569,37.1366
1182,-4.5944,-1.8604,38.5648
1183,-4.3526,-2.4569,39.9830
1184,-4.5944,-1.8604,41.4081
1185,-4.3525,-2.4570,42.8196
1186,-4.5944,-1.8605,44.2408
1187,-4.3524,-2.4572,45.6343
1188,-4.5943,-1.8609,47.0414
1189,-4.3519,-2.4581,48.4129
1190,-4.5938,-1.8619,49.8068
1191,-4.3506,-2.4608,51.1274
1192,-4.5925,-1.8653,52.4763
1193,-4.3464,-2.4687,53.7624
1194,-4.5885,-1.8753,55.0832
1195,-4.3341,-2.4914,56.3063
1196,-4.5762,-1.9047,57.5590
1197,-4.3266,-2.5057,58.7753
1198,-4.5787,-1.8996,60.0000
1199,-3.9330,-3.0173,0.0000
1200,-3.5469,-3.5231,1.2279
1201,-3.9518,-2.9911,2.4536
1202,-3.5632,-3.5053,3.7045
1203,-3.9587,-2.9813,4.9480
1204,-3.5692,-3.4988,6.2525
1205,-3.9612,-2.9779,7.5493
1206,-3.5713,-3.4965,8.8889
1207,-3.9620,-2.9767,10.2239
1208,-3.5720,-3.4958,11.6031
1209,-3.9623,-2.9763,12.9806
1210,-3.5722,-3.4955,14.3788
1211,-3.9624,-2.9762,15.7785
1212,-3.5723,-3.4955,17.1910
1213,-3.9624,-2.9762,18.6066
1214,-3.5723,-3.4954,20.0250
1215,-3.9624,-2.9762,21.4478
1216,-3.5723,-3.4954,22.8698
1217,-3.9624,-2.9762,24.2970
1218,-3.5723,-3.4955,25.7202
1219,-3.9624,-2.9762,27.1492
1220,-3.5723,-3.4955,28.5728
1221,-3.9624,-2.9762,30.0027
1222,-3.5723,-3.4954,31.4264
1223,-3.9624,-2.9762,32.8564
1224,-3.5723,-3.4954,34.2797
1225,-3.9624,-2.9762,35.7090
1226,-3.5723,-3.4954,37.1313
1227,-3.9624,-2.9762,38.5590
1228,-3.5723,-3.4955,39.9781
1229,-3.9624,-2.9762,41.4021
1230,-3.5722,-3.4955,42.8145
1231,-3.9623,-2.9763,44.2320
1232,-3.5720,-3.4958,45.6285
1233,-3.9620,-2.9767,47.0308
1234,-3.5712,-3.4966,48.4047
1235,-3.9611,-2.9780,49.7868
1236,-3.5689,-3.4992,51.1173
1237,-3.9583,-2.9819,52.4578
1238,-3.5620,-3.5066,53.7505
1239,-3.9501,-2.9934,55.0551
1240,-3.5428,-3.5270,56.2964
1241,-3.9268,-3.0249,57.5476
1242,-3.5322,-3.5386,58.7723
1243,-3.9319,-3.0194,60.0000
1244,-3.0161,-3.9339,0.0000
1245,-2.5115,-4.3227,1.2243
1246,-3.0423,-3.9119,2.4522
1247,-2.5308,-4.3105,3.6932
1248,-3.0517,-3.9039,4.9455
1249,-2.5376,-4.3062,6.2383
1250,-3.0550,-3.9011,7.5453
1251,-2.5399,-4.3047,8.8752
1252,-3.0561,-3.9002,10.2188
1253,-2.5407,-4.3042,11.5909
1254,-3.0565,-3.8998,12.9752
1255,-2.5409,-4.3041,14.3695
1256,-3.0566,-3.8997,15.7731
1257,-2.5410,-4.3040,17.1833
1258,-3.0566,-3.8997,18.6012
1259,-2.5410,-4.3040,20.0185
1260,-3.0566,-3.8997,21.4424
1261,-2.5410,-4.3040,22.8636
1262,-3.0566,-3.8997,24.2911
1263,-2.5410,-4.3040,25.7138
1264,-3.0566,-3.8997,27.1429
1265,-2.5410,-4.3040,28.5664
1266,-3.0566,-3.8997,29.9964
1267,-2.5410,-4.3040,31.4202
1268,-3.0566,-3.8997,32.8503
1269,-2.5410,-4.3040,34.2742
1270,-3.0566,-3.8997,35.7037
1271,-2.5410,-4.3040,37.1271
1272,-3.0566,-3.8997,38.5547
1273,-2.5410,-4.3040,39.9754
1274,-3.0566,-3.8997,41.3988
1275,-2.5409,-4.3041,42.8141
1276,-3.0565,-3.8998,44.2298
1277,-2.5407,-4.3042,45.6308
1278,-3.0561,-3.9002,47.0295
1279,-2.5398,-4.3048,48.4109
1280,-3.0549,-3.9012,49.7861
1281,-2.5373,-4.3064,51.1258
1282,-3.0512,-3.9043,52.4569
1283,-2.5297,-4.3112,53.7605
1284,-3.0405,-3.9135,55.0540
1285,-2.5083,-4.3244,56.3048
1286,-3.0106,-3.9379,57.5471
1287,-2.4981,-4.3310,58.7748
1288,-3.0196,-3.9317,60.0000
1289,-1.8949,-4.5809,0.0000
1290,-1.3029,-4.8268,1.2152
1291,-1.9195,-4.5686,2.4395
1292,-1.3166,-4.8225,3.6618
1293,-1.9279,-4.5644,4.9154
1294,-1.3212,-4.8211,6.2005
1295,-1.9309,-4.5629,7.5234
1296,-1.3228,-4.8206,8.8428
1297,-1.9318,-4.5624,10.1947
1298,-1.3233,-4.8204,11.5644
1299,-1.9322,-4.5622,12.9606
1300,-1.3235,-4.8204,14.3524
1301,-1.9323,-4.5622,15.7613
1302,-1.3236,-4.8203,17.1710
1303,-1.9323,-4.5622,18.5930
1304,-1.3236,-4.8203,20.0098
1305,-1.9323,-4.5622,21.4353
1306,-1.3236,-4.8203,22.8562
1307,-1.9323,-4.5622,24.2845
1308,-1.3235,-4.8203,25.7069
1309,-1.9322,-4.5622,27.1362
1310,-1.3235,-4.8203,28.5597
1311,-1.9323,-4.5622,29.9900
1312,-1.3235,-4.8203,31.4141
1313,-1.9323,-4.5622,32.8443
1314,-1.3236,-4.8203,34.2690
1315,-1.9323,-4.5622,35.6990
1316,-1.3236,-4.8203,37.1237
1317,-1.9323,-4.5622,38.5518
1318,-1.3236,-4.8203,39.9748
1319,-1.9323,-4.5622,41.3984
1320,-1.3235,-4.8204,42.8185
1321,-1.9322,-4.5622,44.2342
1322,-1.3233,-4.8204,45.6411
1323,-1.9318,-4.5624,47.0377
1324,-1.3228,-4.8206,48.4319
1325,-1.9308,-4.5629,49.8050
1326,-1.3211,-4.8211,51.1533
1327,-1.9276,-4.5646,52.4740
1328,-1.3158,-4.8228,53.7935
1329,-1.9180,-4.5694,55.0799
1330,-1.2996,-4.8276,56.3327
1331,-1.8900,-4.5826,57.5576
1332,-1.2918,-4.8301,58.7828
1333,-1.8999,-4.5786,60.0000
1334,-0.6463,-4.9150,0.0000
1335,-0.0000,-5.0000,1.2019
1336,-0.6566,-4.9118,2.4172
1337,-0.0000,-5.0000,3.6058
1338,-0.6600,-4.9107,4.8504
1339,-0.0000,-5.0000,6.1355
1340,-0.6612,-4.9103,7.4857
1341,-0.0000,-5.0000,8.7911
1342,-0.6616,-4.9102,10.1483
1343,-0.0000,-5.0000,11.5221
1344,-0.6617,-4.9102,12.9382
1345,-0.0000,-5.0000,14.3285
1346,-0.6618,-4.9102,15.7427
1347,-0.0000,-5.0000,17.1542
1348,-0.6618,-4.9102,18.5826
1349,-0.0000,-5.0000,19.9994
1350,-0.6618,-4.9102,21.4267
1351,-0.0000,-5.0000,22.8478
1352,-0.6618,-4.9102,24.2773
1353,-0.0000,-5.0000,25.6994
1354,-0.6618,-4.9102,27.1290
1355,-0.0000,-5.0000,28.5528
1356,-0.6618,-4.9102,29.9835
1357,-0.0000,-5.0000,31.4078
1358,-0.6618,-4.9102,32.8383
1359,-0.0000,-5.0000,34.2639
1360,-0.6618,-4.9102,35.6947
1361,-0.0000,-5.0000,37.1212
1362,-0.6618,-4.9102,38.5503
1363,-0.0000,-5.0000,39.9758
1364,-0.6618,-4.9102,41.4002
1365,-0.0000,-5.0000,42.8275
1366,-0.6617,-4.9102,44.2457
1367,-0.0000,-5.0000,45.6586
1368,-0.6616,-4.9102,47.0540
1369,-0.0000,-5.0000,48.4692
1370,-0.6612,-4.9104,49.8471
1371,-0.0000,-5.0000,51.2006
1372,-0.6599,-4.9108,52.5069
1373,-0.0000,-5.0000,53.8528
1374,-0.6559,-4.9120,55.1394
1375,-0.0000,-5.0000,56.3842
1376,-0.6437,-4.9156,57.5775
1377,-0.0000,-5.0000,58.7947
1378,-0.6481,-4.9145,60.0000
1379,-0.6504,4.9139,0.0000
1380,-1.3085,4.8252,1.2226
1381,-0.6581,4.9113,2.4339
1382,-1.9065,4.5755,0.0000
1383,-2.5212,4.3170,1.2298
1384,-1.9232,4.5668,2.4525
1385,-3.0284,3.9247,0.0000
1386,-3.5535,3.5163,1.2318
1387,-3.0463,3.9086,2.4616
1388,-3.9404,3.0080,0.0000
1389,-4.3413,2.4790,1.2282
1390,-3.9544,2.9874,2.4599
1391,-4.5836,1.8890,0.0000
1392,-4.8329,1.2800,1.2193
1393,-4.5906,1.8700,2.4474
1394,-4.9156,0.6442,0.0000
1395,-4.9173,0.6358,2.4257
1396,-1.3186,4.8219,3.6831
1397,-0.6605,4.9106,4.8831
1398,-2.5337,4.3086,3.7090
1399,-1.9291,4.5638,4.9396
1400,-3.5656,3.5028,3.7156
1401,-3.0530,3.9028,4.9629
1402,-4.3485,2.4646,3.7041
1403,-3.9597,2.9800,4.9597
1404,-4.8352,1.2691,3.6732
1405,-4.5931,1.8637,4.9298
1406,-4.9179,0.6333,4.8668
1407,-1.3219,4.8209,6.2308
1408,-0.6614,4.9103,7.5226
1409,-2.5385,4.3056,6.2611
1410,-1.9313,4.5627,7.5523
1411,-3.5700,3.4979,6.2688
1412,-3.0555,3.9007,7.5669
1413,-4.3512,2.4595,6.2551
1414,-3.9615,2.9774,7.5642
1415,-4.8359,1.2656,6.2191
1416,-4.5940,1.8615,7.5445
1417,-4.9181,0.6324,7.5102
1418,-1.3230,4.8205,8.8768
1419,-0.6617,4.9102,10.1882
1420,-2.5402,4.3045,8.9013
1421,-1.9320,4.5623,10.2258
1422,-3.5715,3.4962,8.9078
1423,-3.0563,3.9000,10.2422
1424,-4.3521,2.4577,8.8966
1425,-3.9621,2.9765,10.2402
1426,-4.8362,1.2645,8.8680
1427,-4.5943,1.8607,10.2201
1428,-4.9181,0.6321,10.1799
1429,-1.3234,4.8204,11.5984
1430,-0.6617,4.9102,12.9746
1431,-2.5408,4.3042,11.6174
1432,-1.9322,4.5622,12.9899
1433,-3.5721,3.4957,11.6225
1434,-3.0565,3.8998,12.9977
1435,-4.3524,2.4571,11.6142
1436,-3.9623,2.9763,12.9965
1437,-4.8363,1.2641,11.5925
1438,-4.5944,1.8605,12.9865
1439,-4.9182,0.6320,12.9694
1440,-1.3235,4.8203,14.3835
1441,-0.6618,4.9102,15.7751
1442,-2.5409,4.3040,14.3941
1443,-1.9323,4.5622,15.7878
1444,-3.5722,3.4955,14.3971
1445,-3.0566,3.8997,15.7936
1446,-4.3525,2.4569,14.3924
1447,-3.9624,2.9762,15.7930
1448,-4.8363,1.2640,14.3803
1449,-4.5944,1.8604,15.7862
1450,-4.9182,0.6320,15.7728
1451,-1.3236,4.8203,17.1988
1452,-0.6618,4.9102,18.6114
1453,-2.5410,4.3040,17.2055
1454,-1.9323,4.5622,18.6166
1455,-3.5723,3.4954,17.2075
1456,-3.0566,3.8997,18.6194
1457,-4.3526,2.4569,17.2050
1458,-3.9624,2.9762,18.6196
1459,-4.8363,1.2639,17.1981
1460,-4.5944,1.8604,18.6170
1461,-4.9182,0.6320,18.6123
1462,-1.3236,4.8203,20.0343
1463,-0.6618,4.9102,21.4520
1464,-2.5410,4.3040,20.0379
1465,-1.9323,4.5622,21.4557
1466,-3.5723,3.4954,20.0395
1467,-3.0566,3.8997,21.4581
1468,-4.3526,2.4569,20.0390
1469,-3.9624,2.9762,21.4590
1470,-4.8363,1.2639,20.0364
1471,-4.5944,1.8604,21.4583
1472,-4.9182,0.6320,21.4560
1473,-1.3236,4.8203,22.8768
1474,-0.6618,4.9102,24.2978
1475,-2.5410,4.3040,22.8798
1476,-1.9323,4.5622,24.3009
1477,-3.5723,3.4954,22.8819
1478,-3.0566,3.8997,24.3037
1479,-4.3526,2.4569,22.8830
1480,-3.9624,2.9762,24.3059
1481,-4.8363,1.2639,22.8830
1482,-4.5944,1.8604,24.3076
1483,-4.9182,0.6320,24.3088
1484,-1.3235,4.8203,25.7228
1485,-0.6618,4.9102,27.1443
1486,-2.5410,4.3040,25.7262
1487,-1.9322,4.5622,27.1481
1488,-3.5723,3.4955,25.7293
1489,-3.0566,3.8997,27.1518
1490,-4.3526,2.4569,25.7321
1491,-3.9624,2.9762,27.1555
1492,-4.8363,1.2640,25.7345
1493,-4.5944,1.8604,27.1590
1494,-4.9182,0.6320,27.1625
1495,-1.3235,4.8203,28.5695
1496,-0.6618,4.9102,29.9904
1497,-2.5410,4.3040,28.5739
1498,-1.9323,4.5622,29.9954
1499,-3.5723,3.4955,28.5783
1500,-3.0566,3.8997,30.0004
1501,-4.3526,2.4569,28.5826
1502,-3.9624,2.9762,30.0055
1503,-4.8363,1.2640,28.5870
1504,-4.5944,1.8604,30.0106
1505,-4.9182,0.6320,30.0159
1506,-1.3235,4.8203,31.4162
1507,-0.6618,4.9102,32.8365
1508,-2.5410,4.3040,31.4217
1509,-1.9323,4.5622,32.8425
1510,-3.5723,3.4954,31.4274
1511,-3.0566,3.8997,32.8488
1512,-4.3526,2.4569,31.4333
1513,-3.9624,2.9762,32.8552
1514,-4.8363,1.2639,31.4394
1515,-4.5944,1.8604,32.8620
1516,-4.9182,0.6320,32.8692
1517,-1.3236,4.8203,34.2627
1518,-0.6618,4.9102,35.6829
1519,-2.5410,4.3040,34.2691
1520,-1.9323,4.5622,35.6893
1521,-3.5723,3.4954,34.2758
1522,-3.0566,3.8997,35.6962
1523,-4.3526,2.4569,34.2830
1524,-3.9624,2.9761,35.7036
1525,-4.8363,1.2639,34.2906
1526,-4.5944,1.8604,35.7116
1527,-4.9182,0.6320,35.7200
1528,-1.3236,4.8203,37.1086
1529,-0.6618,4.9102,38.5287
1530,-2.5410,4.3040,37.1150
1531,-1.9323,4.5622,38.5343
1532,-3.5723,3.4954,37.1224
1533,-3.0567,3.8997,38.5412
1534,-4.3526,2.4569,37.1307
1535,-3.9624,2.9761,38.5495
1536,-4.8363,1.2639,37.1400
1537,-4.5945,1.8604,38.5591
1538,-4.9182,0.6320,38.5700
1539,-1.3236,4.8203,39.9513
1540,-0.6618,4.9102,41.3698
1541,-2.5410,4.3040,39.9568
1542,-1.9323,4.5622,41.3738
1543,-3.5723,3.4954,39.9643
1544,-3.0566,3.8997,41.3799
1545,-4.3526,2.4569,39.9739
1546,-3.9624,2.9761,41.3887
1547,-4.8363,1.2639,39.9853
1548,-4.5945,1.8604,41.4001
1549,-4.9182,0.6320,41.4136
1550,-1.3236,4.8203,42.7874
1551,-0.6618,4.9102,44.2069
1552,-2.5410,4.3040,42.7897
1553,-1.9323,4.5622,44.2033
1554,-3.5723,3.4954,42.7965
1555,-3.0566,3.8997,44.2062
1556,-4.3526,2.4569,42.8077
1557,-3.9624,2.9762,44.2155
1558,-4.8363,1.2639,42.8234
1559,-4.5944,1.8604,44.2310
1560,-4.9182,0.6320,44.2531
1561,-1.3235,4.8204,45.6043
1562,-0.6617,4.9102,47.0106
1563,-2.5409,4.3041,45.6021
1564,-1.9322,4.5622,47.0031
1565,-3.5722,3.4955,45.6074
1566,-3.0565,3.8998,47.0033
1567,-4.3525,2.4569,45.6205
1568,-3.9623,2.9763,47.0125
1569,-4.8363,1.2640,45.6410
1570,-4.5944,1.8605,47.0305
1571,-4.9182,0.6320,47.0560
1572,-1.3234,4.8204,48.3920
1573,-0.6616,4.9102,49.8001
1574,-2.5407,4.3042,48.3802
1575,-1.9319,4.5624,49.7690
1576,-3.5720,3.4957,48.3825
1577,-3.0562,3.9001,49.7594
1578,-4.3524,2.4572,48.3984
1579,-3.9621,2.9766,49.7684
1580,-4.8363,1.2641,48.4281
1581,-4.5943,1.8608,49.7960
1582,-4.9181,0.6321,49.8446
1583,-1.3230,4.8205,51.1156
1584,-0.6613,4.9103,52.4682
1585,-2.5401,4.3046,51.0970
1586,-1.9311,4.5628,52.4436
1587,-3.5714,3.4963,51.0965
1588,-3.0553,3.9009,52.4341
1589,-4.3521,2.4578,51.1139
1590,-3.9614,2.9776,52.4420
1591,-4.8362,1.2645,51.1492
1592,-4.5940,1.8616,52.4671
1593,-4.9181,0.6324,52.5068
1594,-1.3217,4.8209,53.7634
1595,-0.6603,4.9106,55.1101
1596,-2.5382,4.3058,53.7374
1597,-1.9287,4.5640,55.0572
1598,-3.5697,3.4982,53.7339
1599,-3.0526,3.9032,55.0373
1600,-4.3511,2.4598,53.7519
1601,-3.9594,2.9804,55.0438
1602,-4.8359,1.2658,53.7920
1603,-4.5930,1.8640,55.0768
1604,-4.9178,0.6334,55.1425
1605,-1.3178,4.8222,56.3132
1606,-0.6574,4.9115,57.5626
1607,-2.5326,4.3094,56.2899
1608,-1.9217,4.5675,57.5458
1609,-3.5648,3.5036,56.2858
1610,-3.0448,3.9098,57.5384
1611,-4.3482,2.4652,56.2997
1612,-3.9536,2.9884,57.5417
1613,-4.8351,1.2694,56.3328
1614,-4.5903,1.8707,57.5557
1615,-4.9173,0.6360,57.5789
1616,-1.3059,4.8260,58.7761
1617,-0.6484,4.9144,60.0000
1618,-2.5167,4.3196,58.7697
1619,-1.9009,4.5781,60.0000
1620,-3.5513,3.5186,58.7686
1621,-3.0232,3.9285,60.0000
1622,-4.3409,2.4798,58.7730
1623,-3.9385,3.0100,60.0000
1624,-4.8328,1.2804,58.7827
1625,-4.5833,1.8896,60.0000
1626,-4.9155,0.6444,60.0000
1627,0.6470,-4.9148,0.0000
1628,1.2839,-4.8319,1.2178
1629,0.6368,-4.9171,2.4198
1630,1.8970,-4.5799,0.0000
1631,2.4857,-4.3376,1.2298
1632,1.8725,-4.5896,2.4477
1633,3.0163,-3.9343,0.0000
1634,3.5207,-3.5492,1.2365
1635,2.9901,-3.9526,2.4663
1636,3.9294,-3.0226,0.0000
1637,4.3192,-2.5175,1.2376
1638,3.9105,-3.0441,2.4740
1639,4.5774,-1.9024,0.0000
1640,4.8258,-1.3064,1.2332
1641,4.5676,-1.9215,2.4708
1642,4.9143,-0.6490,0.0000
1643,4.9115,-0.6575,2.4578
1644,1.2704,-4.8349,3.6690
1645,0.6336,-4.9178,4.8551
1646,2.4666,-4.3475,3.7093
1647,1.8645,-4.5928,4.9307
1648,3.5044,-3.5641,3.7302
1649,2.9809,-3.9591,4.9732
1650,4.3095,-2.5323,3.7327
1651,3.9034,-3.0523,4.9889
1652,4.8222,-1.3177,3.7154
1653,4.5641,-1.9285,4.9774
1654,4.9106,-0.6603,4.9314
1655,1.2661,-4.8358,6.2129
1656,0.6325,-4.9180,7.4933
1657,2.4601,-4.3509,6.2650
1658,1.8617,-4.5939,7.5472
1659,3.4985,-3.5695,6.2950
1660,2.9777,-3.9613,7.5868
1661,4.3059,-2.5380,6.3037
1662,3.9009,-3.0552,7.6098
1663,4.8210,-1.3216,6.2902
1664,4.5628,-1.9311,7.6165
1665,4.9103,-0.6613,7.6092
1666,1.2646,-4.8362,8.8599
1667,0.6321,-4.9181,10.1577
1668,2.4579,-4.3520,8.9113
1669,1.8608,-4.5943,10.2241
1670,3.4964,-3.5714,8.9457
1671,2.9766,-3.9621,10.2702
1672,4.3046,-2.5400,8.9637
1673,3.9001,-3.0562,10.2995
1674,4.8205,-1.3229,8.9662
1675,4.5624,-1.9319,10.3134
1676,4.9102,-0.6616,10.3117
1677,1.2641,-4.8363,11.5841
1678,0.6320,-4.9181,12.9485
1679,2.4572,-4.3524,11.6319
1680,1.8605,-4.5944,12.9919
1681,3.4957,-3.5720,11.6668
1682,2.9763,-3.9623,13.0284
1683,4.3042,-2.5407,11.6899
1684,3.8998,-3.0565,13.0571
1685,4.8204,-1.3234,11.7019
1686,4.5622,-1.9322,13.0783
1687,4.9102,-0.6617,13.0936
1688,1.2640,-4.8363,14.3723
1689,0.6320,-4.9182,15.7523
1690,2.4570,-4.3525,14.4100
1691,1.8604,-4.5944,15.7904
1692,3.4955,-3.5722,14.4409
1693,2.9762,-3.9624,15.8224
1694,4.3041,-2.5409,14.4651
1695,3.8997,-3.0566,15.8489
1696,4.8204,-1.3235,14.4834
1697,4.5622,-1.9323,15.8702
1698,4.9102,-0.6618,15.8865
1699,1.2639,-4.8363,17.1887
1700,0.6320,-4.9182,18.5906
1701,2.4569,-4.3526,17.2191
1702,1.8604,-4.5944,18.6174
1703,3.4955,-3.5723,17.2455
1704,2.9762,-3.9624,18.6421
1705,4.3040,-2.5410,17.2680
1706,3.8997,-3.0566,18.6645
1707,4.8203,-1.3236,17.2869
1708,4.5622,-1.9323,18.6847
1709,4.9102,-0.6618,18.7029
1710,1.2639,-4.8363,20.0239
1711,0.6320,-4.9182,21.4327
1712,2.4569,-4.3526,20.0469
1713,1.8604,-4.5944,21.4534
1714,3.4954,-3.5723,20.0680
1715,2.9762,-3.9624,21.4727
1716,4.3040,-2.5410,20.0872
1717,3.8997,-3.0566,21.4907
1718,4.8203,-1.3236,20.1047
1719,4.5622,-1.9323,21.5073
1720,4.9102,-0.6618,21.5227
1721,1.2639,-4.8363,22.8659
1722,0.6320,-4.9182,24.2810
1723,2.4569,-4.3526,22.8830
1724,1.8604,-4.5944,24.2955
1725,3.4954,-3.5723,22.8991
1726,2.9762,-3.9624,24.3094
1727,4.3040,-2.5410,22.9143
1728,3.8997,-3.0566,24.3228
1729,4.8203,-1.3236,22.9285
1730,4.5622,-1.9323,24.3355
1731,4.9102,-0.6618,24.3477
1732,1.2640,-4.8363,25.7117
1733,0.6320,-4.9182,27.1302
1734,2.4569,-4.3526,25.7235
1735,1.8604,-4.5944,27.1398
1736,3.4955,-3.5723,25.7348
1737,2.9762,-3.9624,27.1488
1738,4.3040,-2.5410,25.7455
1739,3.8997,-3.0566,27.1575
1740,4.8203,-1.3235,25.7557
1741,4.5622,-1.9322,27.1657
1742,4.9102,-0.6618,27.1736
1743,1.2640,-4.8363,28.5597
1744,0.6320,-4.9182,29.9823
1745,2.4569,-4.3526,28.5664
1746,1.8604,-4.5944,29.9863
1747,3.4955,-3.5723,28.5727
1748,2.9762,-3.9624,29.9902
1749,4.3040,-2.5410,28.5787
1750,3.8997,-3.0566,29.9940
1751,4.8203,-1.3235,28.5846
1752,4.5622,-1.9323,29.9976
1753,4.9102,-0.6618,30.0012
1754,1.2639,-4.8363,31.4092
1755,0.6320,-4.9182,32.8347
1756,2.4569,-4.3526,31.4106
1757,1.8604,-4.5944,32.8335
1758,3.4954,-3.5723,31.4119
1759,2.9762,-3.9624,32.8322
1760,4.3040,-2.5410,31.4131
1761,3.8997,-3.0566,32.8310
1762,4.8203,-1.3235,31.4144
1763,4.5622,-1.9323,32.8299
1764,4.9102,-0.6618,32.8289
1765,1.2639,-4.8363,34.2596
1766,0.6320,-4.9182,35.6888
1767,2.4569,-4.3526,34.2553
1768,1.8604,-4.5944,35.6814
1769,3.4954,-3.5723,34.2513
1770,2.9761,-3.9624,35.6743
1771,4.3040,-2.5410,34.2474
1772,3.8997,-3.0566,35.6677
1773,4.8203,-1.3236,34.2439
1774,4.5622,-1.9323,35.6615
1775,4.9102,-0.6618,35.6557
1776,1.2639,-4.8363,37.1099
1777,0.6320,-4.9182,38.5423
1778,2.4569,-4.3526,37.0993
1779,1.8604,-4.5945,38.5278
1780,3.4954,-3.5723,37.0896
1781,2.9761,-3.9624,38.5146
1782,4.3040,-2.5410,37.0807
1783,3.8997,-3.0567,38.5025
1784,4.8203,-1.3236,37.0725
1785,4.5622,-1.9323,38.4917
1786,4.9102,-0.6618,38.4819
1787,1.2639,-4.8363,39.9570
1788,0.6320,-4.9182,41.3904
1789,2.4569,-4.3526,39.9396
1790,1.8604,-4.5944,41.3688
1791,3.4954,-3.5723,39.9241
1792,2.9762,-3.9624,41.3492
1793,4.3040,-2.5410,39.9104
1794,3.8997,-3.0566,41.3320
1795,4.8203,-1.3236,39.8984
1796,4.5622,-1.9323,41.3171
1797,4.9102,-0.6618,41.3040
1798,1.2639,-4.8363,42.7975
1799,0.6320,-4.9182,44.2346
1800,2.4569,-4.3526,42.7718
1801,1.8604,-4.5944,44.2006
1802,3.4955,-3.5723,42.7503
1803,2.9762,-3.9624,44.1729
1804,4.3040,-2.5410,42.7327
1805,3.8997,-3.0566,44.1510
1806,4.8203,-1.3236,42.7188
1807,4.5622,-1.9323,44.1344
1808,4.9102,-0.6618,44.1229
1809,1.2640,-4.8363,45.6185
1810,0.6320,-4.9181,47.0425
1811,2.4570,-4.3525,45.5848
1812,1.8605,-4.5944,47.0026
1813,3.4955,-3.5722,45.5581
1814,2.9763,-3.9623,46.9699
1815,4.3041,-2.5409,45.5383
1816,3.8998,-3.0565,46.9454
1817,4.8204,-1.3235,45.5248
1818,4.5622,-1.9322,46.9287
1819,4.9102,-0.6617,46.9182
1820,1.2641,-4.8363,48.4099
1821,0.6321,-4.9181,49.8366
1822,2.4572,-4.3524,48.3654
1823,1.8608,-4.5943,49.7727
1824,3.4958,-3.5720,48.3342
1825,2.9767,-3.9621,49.7297
1826,4.3042,-2.5407,48.3154
1827,3.9001,-3.0562,49.7042
1828,4.8204,-1.3234,48.3082
1829,4.5624,-1.9319,49.6948
1830,4.9102,-0.6616,49.7021
1831,1.2646,-4.8362,51.1345
1832,0.6325,-4.9180,52.4985
1833,2.4580,-4.3520,51.0862
1834,1.8618,-4.5939,52.4481
1835,3.4965,-3.5713,51.0553
1836,2.9778,-3.9612,52.4119
1837,4.3047,-2.5399,51.0411
1838,3.9011,-3.0551,52.3922
1839,4.8206,-1.3229,51.0428
1840,4.5629,-1.9309,52.3891
1841,4.9103,-0.6612,52.4001
1842,1.2662,-4.8358,53.7798
1843,0.6337,-4.9178,55.1342
1844,2.4603,-4.3508,53.7313
1845,1.8647,-4.5927,55.0630
1846,3.4987,-3.5693,53.7046
1847,2.9812,-3.9588,55.0240
1848,4.3061,-2.5377,53.6989
1849,3.9038,-3.0519,55.0112
1850,4.8210,-1.3214,53.7155
1851,4.5643,-1.9281,55.0252
1852,4.9107,-0.6601,55.0734
1853,1.2706,-4.8348,56.3246
1854,0.6369,-4.9171,57.5746
1855,2.4670,-4.3473,56.2872
1856,1.8729,-4.5894,57.5487
1857,3.5051,-3.5634,56.2687
1858,2.9909,-3.9519,57.5319
1859,4.3102,-2.5312,56.2682
1860,3.9116,-3.0428,57.5257
1861,4.8224,-1.3169,56.2874
1862,4.5684,-1.9200,57.5303
1863,4.9117,-0.6568,57.5445
1864,1.2837,-4.8319,58.7799
1865,0.6468,-4.9149,60.0000
1866,2.4856,-4.3377,58.7688
1867,1.8964,-4.5802,60.0000
1868,3.5227,-3.5473,58.7630
1869,3.0174,-3.9331,60.0000
1870,4.3219,-2.5128,58.7627
1871,3.9330,-3.0174,60.0000
1872,4.8266,-1.3037,58.7677
1873,4.5801,-1.8965,60.0000
1874,4.9149,-0.6468,60.0000
1875,0.5335,-1.2840,0.0000
1876,0.5449,-0.9127,0.0000
1877,0.9202,-0.9230,0.0000
1878,0.9087,-1.2944,0.0000
1879,0.1793,-0.9107,0.0000
1880,0.1816,-0.5480,0.0000
1881,0.5472,-0.5499,0.0000
1882,-0.1831,-0.5479,0.0000
1883,-0.1831,-0.1841,0.0000
1884,0.1816,-0.1841,0.0000
1885,-0.5468,-0.1843,0.0000
1886,-0.5469,0.1803,0.0000
1887,-0.1831,0.1805,0.0000
1888,-0.9097,0.1778,0.0000
1889,-0.9117,0.5433,0.0000
1890,-0.5489,0.5458,0.0000
1891,-1.2831,0.5317,0.0000
1892,-1.2936,0.9069,0.0000
1893,-0.9221,0.9185,0.0000
1894,0.9100,-0.5478,0.0000
1895,1.2814,-0.5366,0.0000
1896,1.2915,-0.9118,0.0000
1897,0.5454,-0.1844,0.0000
1898,0.9081,-0.1822,0.0000
1899,0.1816,0.1805,0.0000
1900,0.5454,0.1802,0.0000
1901,-0.1832,0.5439,0.0000
1902,0.1816,0.5439,0.0000
1903,-0.5466,0.9083,0.0000
1904,-0.1809,0.9065,0.0000
1905,-0.9108,1.2898,0.0000
1906,-0.5353,1.2797,0.0000
1907,1.2586,-0.1824,0.0000
1908,1.5968,-0.1594,0.0000
1909,1.6195,-0.5135,0.0000
1910,0.9082,0.1778,0.0000
1911,1.2587,0.1776,0.0000
1912,0.5473,0.5458,0.0000
1913,0.9101,0.5433,0.0000
1914,0.1793,0.9065,0.0000
1915,0.5450,0.9084,0.0000
1916,-0.1809,1.2569,0.0000
1917,0.1793,1.2569,0.0000
1918,-0.5122,1.6178,0.0000
1919,-0.1578,1.5951,0.0000
1920,1.5969,0.1542,0.0000
1921,1.8625,0.1541,0.0000
1922,1.8624,-0.1595,0.0000
1923,1.2817,0.5317,0.0000
1924,1.6199,0.5084,0.0000
1925,0.9205,0.9185,0.0000
1926,1.2921,0.9070,0.0000
1927,0.5336,1.2798,0.0000
1928,0.9091,1.2899,0.0000
1929,0.1561,1.5951,0.0000
1930,0.5104,1.6179,0.0000
1931,-0.1578,1.8607,0.0000
1932,0.1560,1.8607,0.0000
1933,-1.5983,0.1543,0.0000
1934,-1.6213,0.5084,0.0000
1935,-1.2602,0.1776,0.0000
1936,-1.2601,-0.1823,0.0000
1937,-0.9096,-0.1822,0.0000
1938,-0.9114,-0.5477,0.0000
1939,-0.5487,-0.5499,0.0000
1940,-0.5463,-0.9126,0.0000
1941,-0.1807,-0.9107,0.0000
1942,-0.1807,-1.2611,0.0000
1943,0.1793,-1.2611,0.0000
1944,0.1562,-1.5992,0.0000
1945,0.5103,-1.6221,0.0000
1946,-1.8637,-0.1593,0.0000
1947,-1.8639,0.1542,0.0000
1948,-1.5982,-0.1592,0.0000
1949,-1.6209,-0.5133,0.0000
1950,-1.2828,-0.5364,0.0000
1951,-1.2930,-0.9116,0.0000
1952,-0.9216,-0.9229,0.0000
1953,-0.9101,-1.2943,0.0000
1954,-0.5348,-1.2840,0.0000
1955,-0.5116,-1.6221,0.0000
1956,-0.1574,-1.5992,0.0000
1957,-0.1574,-1.8647,0.0000
1958,0.1562,-1.8647,0.0000
1959,0.2612,-2.2878,0.0000
1960,-0.0006,-2.1558,0.0000
1961,0.4180,-1.9968,0.0000
1962,0.7847,-2.0824,0.0000
1963,0.8770,-1.7077,0.0000
1964,1.2889,-1.7370,0.0000
1965,1.3206,-1.3237,0.0000
1966,1.7340,-1.2923,0.0000
1967,1.7049,-0.8803,0.0000
1968,2.0797,-0.7883,0.0000
1969,1.9943,-0.4215,0.0000
1970,2.2856,-0.2648,0.0000
1971,2.1536,-0.0029,0.0000
1972,0.3653,-2.9136,0.0000
1973,-0.0005,-2.6615,0.0000
1974,0.6270,-2.5400,0.0000
1975,1.0786,-2.6938,0.0000
1976,1.2363,-2.2361,0.0000
1977,1.7334,-2.2886,0.0000
1978,1.7861,-1.7895,0.0000
1979,2.2853,-1.7372,0.0000
1980,2.2332,-1.2399,0.0000
1981,2.6911,-1.0824,0.0000
1982,2.5376,-0.6308,0.0000
1983,2.9116,-0.3691,0.0000
1984,2.6595,-0.0031,0.0000
1985,0.4888,-3.7709,0.0000
1986,-0.0003,-3.4060,0.0000
1987,0.8544,-3.2785,0.0000
1988,1.4358,-3.5055,0.0000
1989,1.6600,-2.9207,0.0000
1990,2.2909,-3.0003,0.0000
1991,2.3643,-2.3682,0.0000
1992,2.9966,-2.2954,0.0000
1993,2.9176,-1.6643,0.0000
1994,3.5029,-1.4402,0.0000
1995,3.2764,-0.8583,0.0000
1996,3.7693,-0.4925,0.0000
1997,3.4045,-0.0032,0.0000
1998,-0.0001,-4.4196,0.0000
1999,1.1359,-4.2660,0.0000
2000,2.1970,-3.8193,0.0000
2001,3.1103,-3.1152,0.0000
2002,3.8157,-2.2028,0.0000
2003,4.2645,-1.1399,0.0000
2004,4.4191,-0.0016,0.0000
2005,-0.4192,-1.9968,0.0000
2006,-0.2624,-2.2878,0.0000
2007,-0.6281,-2.5400,0.0000
2008,-0.3662,-2.9137,0.0000
2009,-0.8549,-3.2786,0.0000
2010,-0.4891,-3.7709,0.0000
2011,-1.1352,-4.2663,0.0000
2012,-0.8783,-1.7076,0.0000
2013,-0.7860,-2.0823,0.0000
2014,-1.2375,-2.2360,0.0000
2015,-1.0796,-2.6937,0.0000
2016,-1.6608,-2.9207,0.0000
2017,-1.4362,-3.5056,0.0000
2018,-2.1958,-3.8202,0.0000
2019,-1.3220,-1.3235,0.0000
2020,-1.2903,-1.7369,0.0000
2021,-1.7876,-1.7891,0.0000
2022,-1.7347,-2.2883,0.0000
2023,-2.3659,-2.3674,0.0000
2024,-2.2920,-2.9998,0.0000
2025,-3.1123,-3.1136,0.0000
2026,-1.7064,-0.8800,0.0000
2027,-1.7354,-1.2919,0.0000
2028,-2.2347,-1.2393,0.0000
2029,-2.2868,-1.7364,0.0000
2030,-2.9195,-1.6626,0.0000
2031,-2.9986,-2.2936,0.0000
2032,-3.8192,-2.1973,0.0000
2033,-1.9957,-0.4211,0.0000
2034,-2.0811,-0.7878,0.0000
2035,-2.5389,-0.6301,0.0000
2036,-2.6925,-1.0815,0.0000
2037,-3.2777,-0.8569,0.0000
2038,-3.5046,-1.4379,0.0000
2039,-4.2658,-1.1365,0.0000
2040,-2.1549,-0.0026,0.0000
2041,-2.2868,-0.2645,0.0000
2042,-2.6606,-0.0028,0.0000
2043,-2.9127,-0.3684,0.0000
2044,-3.4053,-0.0026,0.0000
2045,-3.7702,-0.4911,0.0000
2046,-4.4194,-0.0012,0.0000
2047,-1.9960,0.4160,0.0000
2048,-2.2871,0.2591,0.0000
2049,-2.5395,0.6246,0.0000
2050,-2.9131,0.3627,0.0000
2051,-3.2785,0.8511,0.0000
2052,-3.7708,0.4857,0.0000
2053,-4.2670,1.1311,0.0000
2054,-1.7071,0.8750,0.0000
2055,-2.0818,0.7826,0.0000
2056,-2.2360,1.2337,0.0000
2057,-2.6937,1.0757,0.0000
2058,-2.9218,1.6562,0.0000
2059,-3.5066,1.4315,0.0000
2060,-3.8232,2.1894,0.0000
2061,-1.3230,1.3188,0.0000
2062,-1.7366,1.2869,0.0000
2063,-1.7895,1.7839,0.0000
2064,-2.2889,1.7308,0.0000
2065,-2.3696,2.3613,0.0000
2066,-3.0024,2.2867,0.0000
2067,-3.1196,3.1053,0.0000
2068,-0.8793,1.7032,0.0000
2069,-1.2916,1.7322,0.0000
2070,-1.2395,2.2315,0.0000
2071,-1.7374,2.2832,0.0000
2072,-1.6652,2.9156,0.0000
2073,-2.2974,2.9937,0.0000
2074,-2.2063,3.8131,0.0000
2075,-0.4200,1.9927,0.0000
2076,-0.7872,2.0781,0.0000
2077,-0.6296,2.5362,0.0000
2078,-1.0820,2.6896,0.0000
2079,-0.8580,3.2752,0.0000
2080,-1.4412,3.5013,0.0000
2081,-1.1414,4.2636,0.0000
2082,-0.0009,2.1520,0.0000
2083,-0.2631,2.2840,0.0000
2084,-0.0010,2.6582,0.0000
2085,-0.3675,2.9103,0.0000
2086,-0.0010,3.4035,0.0000
2087,-0.4915,3.7684,0.0000
2088,-0.0005,4.4187,0.0000
2089,0.4182,1.9928,0.0000
2090,0.2612,2.2841,0.0000
2091,0.6276,2.5364,0.0000
2092,0.3654,2.9105,0.0000
2093,0.8556,3.2756,0.0000
2094,0.4892,3.7686,0.0000
2095,1.1386,4.2643,0.0000
2096,0.8776,1.7034,0.0000
2097,0.7853,2.0783,0.0000
2098,1.2376,2.2319,0.0000
2099,1.0799,2.6900,0.0000
2100,1.6628,2.9165,0.0000
2101,1.4386,3.5022,0.0000
2102,2.2021,3.8153,0.0000
2103,1.3215,1.3190,0.0000
2104,1.2899,1.7324,0.0000
2105,1.7878,1.7843,0.0000
2106,1.7355,2.2837,0.0000
2107,2.3679,2.3621,0.0000
2108,2.2951,2.9949,0.0000
2109,3.1175,3.1071,0.0000
2110,1.7057,0.8751,0.0000
2111,1.7351,1.2871,0.0000
2112,2.2347,1.2340,0.0000
2113,2.2875,1.7312,0.0000
2114,2.9206,1.6566,0.0000
2115,3.0010,2.2876,0.0000
2116,3.8226,2.1899,0.0000
2117,1.9947,0.4159,0.0000
2118,2.0805,0.7826,0.0000
2119,2.5384,0.6245,0.0000
2120,2.6926,1.0759,0.0000
2121,3.2777,0.8510,0.0000
2122,3.5057,1.4318,0.0000
2123,4.2666,1.1312,0.0000
2124,2.2858,0.2589,0.0000
2125,2.9121,0.3625,0.0000
2126,3.7701,0.4854,0.0000
2127,-1.2595,0.1769,60.0000
2128,-1.2595,-0.1830,60.0000
2129,-0.9090,-0.1831,60.0000
2130,-0.9090,0.1769,60.0000
2131,-1.5976,-0.1599,60.0000
2132,-1.6204,-0.5140,60.0000
2133,-1.2823,-0.5371,60.0000
2134,0.5343,1.2791,60.0000
2135,0.5457,0.9076,60.0000
2136,0.9211,0.9178,60.0000
2137,0.9097,1.2893,60.0000
2138,0.1800,0.9057,60.0000
2139,0.1822,0.5428,60.0000
2140,0.5479,0.5448,60.0000
2141,-0.1825,0.5428,60.0000
2142,-0.1826,0.1789,60.0000
2143,0.1822,0.1789,60.0000
2144,-0.5463,0.1791,60.0000
2145,-0.5463,-0.1854,60.0000
2146,-0.1825,-0.1857,60.0000
2147,-0.9109,-0.5486,60.0000
2148,-0.5481,-0.5509,60.0000
2149,-1.2925,-0.9123,60.0000
2150,-0.9211,-0.9237,60.0000
2151,0.9107,0.5426,60.0000
2152,1.2822,0.5312,60.0000
2153,1.2926,0.9064,60.0000
2154,0.5460,0.1792,60.0000
2155,0.9087,0.1770,60.0000
2156,0.1821,-0.1857,60.0000
2157,0.5459,-0.1854,60.0000
2158,-0.1825,-0.5490,60.0000
2159,0.1821,-0.5490,60.0000
2160,-0.5458,-0.9134,60.0000
2161,-0.1802,-0.9115,60.0000
2162,-0.9096,-1.2949,60.0000
2163,-0.5344,-1.2847,60.0000
2164,1.2593,0.1770,60.0000
2165,1.5974,0.1539,60.0000
2166,1.6203,0.5080,60.0000
2167,0.9087,-0.1830,60.0000
2168,1.2592,-0.1829,60.0000
2169,0.5478,-0.5509,60.0000
2170,0.9105,-0.5485,60.0000
2171,0.1798,-0.9115,60.0000
2172,0.5454,-0.9134,60.0000
2173,-0.1802,-1.2618,60.0000
2174,0.1798,-1.2618,60.0000
2175,-0.5112,-1.6227,60.0000
2176,-0.1571,-1.5998,60.0000
2177,1.5974,-0.1597,60.0000
2178,1.8629,-0.1597,60.0000
2179,1.8630,0.1539,60.0000
2180,1.2820,-0.5370,60.0000
2181,1.6201,-0.5138,60.0000
2182,0.9207,-0.9237,60.0000
2183,1.2922,-0.9122,60.0000
2184,0.5339,-1.2847,60.0000
2185,0.9092,-1.2949,60.0000
2186,0.1565,-1.5998,60.0000
2187,0.5107,-1.6227,60.0000
2188,-0.1571,-1.8653,60.0000
2189,0.1565,-1.8653,60.0000
2190,-0.9110,0.5425,60.0000
2191,-0.5482,0.5448,60.0000
2192,-0.5459,0.9076,60.0000
2193,-0.1802,0.9057,60.0000
2194,-0.1802,1.2562,60.0000
2195,0.1800,1.2562,60.0000
2196,0.1569,1.5945,60.0000
2197,0.5112,1.6173,60.0000
2198,-1.8633,0.1537,60.0000
2199,-1.8632,-0.1599,60.0000
2200,-1.5977,0.1537,60.0000
2201,-1.6206,0.5079,60.0000
2202,-1.2825,0.5311,60.0000
2203,-1.2928,0.9064,60.0000
2204,-0.9213,0.9178,60.0000
2205,-0.9099,1.2893,60.0000
2206,-0.5345,1.2791,60.0000
2207,-0.5113,1.6173,60.0000
2208,-0.1570,1.5945,60.0000
2209,-0.1569,1.8602,60.0000
2210,0.1569,1.8601,60.0000
2211,0.2621,2.2836,60.0000
2212,-0.0000,2.1515,60.0000
2213,0.4190,1.9922,60.0000
2214,0.7861,2.0777,60.0000
2215,0.8783,1.7028,60.0000
2216,1.2905,1.7319,60.0000
2217,1.3220,1.3184,60.0000
2218,1.7355,1.2868,60.0000
2219,1.7061,0.8748,60.0000
2220,2.0808,0.7825,60.0000
2221,1.9951,0.4157,60.0000
2222,2.2862,0.2590,60.0000
2223,2.1541,-0.0029,60.0000
2224,0.3664,2.9100,60.0000
2225,0.0001,2.6577,60.0000
2226,0.6284,2.5359,60.0000
2227,1.0806,2.6895,60.0000
2228,1.2382,2.2313,60.0000
2229,1.7359,2.2834,60.0000
2230,1.7882,1.7840,60.0000
2231,2.2876,1.7312,60.0000
2232,2.2349,1.2340,60.0000
2233,2.6927,1.0762,60.0000
2234,2.5386,0.6247,60.0000
2235,2.9123,0.3629,60.0000
2236,2.6600,-0.0028,60.0000
2237,0.4903,3.7683,60.0000
2238,0.0002,3.4031,60.0000
2239,0.8566,3.2751,60.0000
2240,1.4393,3.5017,60.0000
2241,1.6634,2.9160,60.0000
2242,2.2953,2.9948,60.0000
2243,2.3678,2.3622,60.0000
2244,3.0006,2.2883,60.0000
2245,2.9203,1.6573,60.0000
2246,3.5054,1.4330,60.0000
2247,3.2777,0.8518,60.0000
2248,3.7702,0.4865,60.0000
2249,3.4048,-0.0024,60.0000
2250,0.0001,4.4185,60.0000
2251,1.1396,4.2639,60.0000
2252,2.2033,3.8146,60.0000
2253,3.1168,3.1078,60.0000
2254,3.8210,2.1927,60.0000
2255,4.2662,1.1330,60.0000
2256,4.4192,-0.0011,60.0000
2257,-0.4190,1.9923,60.0000
2258,-0.2621,2.2836,60.0000
2259,-0.6283,2.5360,60.0000
2260,-0.3662,2.9100,60.0000
2261,-0.8561,3.2753,60.0000
2262,-0.4897,3.7684,60.0000
2263,-1.1382,4.2643,60.0000
2264,-0.8784,1.7028,60.0000
2265,-0.7861,2.0778,60.0000
2266,-1.2382,2.2314,60.0000
2267,-1.0805,2.6896,60.0000
2268,-1.6630,2.9164,60.0000
2269,-1.4386,3.5021,60.0000
2270,-2.2012,3.8159,60.0000
2271,-1.3222,1.3184,60.0000
2272,-1.2906,1.7319,60.0000
2273,-1.7884,1.7839,60.0000
2274,-1.7360,2.2834,60.0000
2275,-2.3681,2.3621,60.0000
2276,-2.2951,2.9950,60.0000
2277,-3.1170,3.1076,60.0000
2278,-1.7064,0.8746,60.0000
2279,-1.7357,1.2866,60.0000
2280,-2.2352,1.2337,60.0000
2281,-2.2879,1.7310,60.0000
2282,-2.9209,1.6566,60.0000
2283,-3.0011,2.2877,60.0000
2284,-3.8226,2.1901,60.0000
2285,-1.9954,0.4155,60.0000
2286,-2.0811,0.7822,60.0000
2287,-2.5389,0.6243,60.0000
2288,-2.6931,1.0757,60.0000
2289,-3.2781,0.8510,60.0000
2290,-3.5060,1.4319,60.0000
2291,-4.2667,1.1314,60.0000
2292,-2.1544,-0.0032,60.0000
2293,-2.2865,0.2587,60.0000
2294,-2.6602,-0.0032,60.0000
2295,-2.9126,0.3624,60.0000
2296,-3.4050,-0.0030,60.0000
2297,-3.7704,0.4856,60.0000
2298,-4.4193,-0.0014,60.0000
2299,-1.9952,-0.4217,60.0000
2300,-2.2863,-0.2650,60.0000
2301,-2.5384,-0.6307,60.0000
2302,-2.9123,-0.3689,60.0000
2303,-3.2772,-0.8578,60.0000
2304,-3.7699,-0.4919,60.0000
2305,-4.2652,-1.1384,60.0000
2306,-1.7059,-0.8806,60.0000
2307,-2.0806,-0.7884,60.0000
2308,-2.2343,-1.2399,60.0000
2309,-2.6921,-1.0822,60.0000
2310,-2.9188,-1.6635,60.0000
2311,-3.5040,-1.4391,60.0000
2312,-3.8175,-2.2003,60.0000
2313,-1.3216,-1.3241,60.0000
2314,-1.7350,-1.2925,60.0000
2315,-1.7873,-1.7895,60.0000
2316,-2.2865,-1.7369,60.0000
2317,-2.3659,-2.3675,60.0000
2318,-2.9982,-2.2941,60.0000
2319,-3.1127,-3.1132,60.0000
2320,-0.8780,-1.7081,60.0000
2321,-1.2900,-1.7373,60.0000
2322,-1.2375,-2.2363,60.0000
2323,-1.7348,-2.2884,60.0000
2324,-1.6617,-2.9204,60.0000
2325,-2.2928,-2.9994,60.0000
2326,-2.1998,-3.8180,60.0000
2327,-0.4190,-1.9973,60.0000
2328,-0.7858,-2.0827,60.0000
2329,-0.6281,-2.5404,60.0000
2330,-1.0798,-2.6939,60.0000
2331,-0.8557,-3.2787,60.0000
2332,-1.4375,-3.5051,60.0000
2333,-1.1376,-4.2657,60.0000
2334,-0.0003,-2.1564,60.0000
2335,-0.2622,-2.2883,60.0000
2336,-0.0004,-2.6620,60.0000
2337,-0.3663,-2.9140,60.0000
2338,-0.0005,-3.4063,60.0000
2339,-0.4898,-3.7710,60.0000
2340,-0.0003,-4.4198,60.0000
2341,0.4184,-1.9973,60.0000
2342,0.2616,-2.2884,60.0000
2343,0.6274,-2.5405,60.0000
2344,0.3655,-2.9141,60.0000
2345,0.8546,-3.2789,60.0000
2346,0.4886,-3.7712,60.0000
2347,1.1357,-4.2662,60.0000
2348,0.8775,-1.7082,60.0000
2349,0.7852,-2.0828,60.0000
2350,1.2369,-2.2365,60.0000
2351,1.0791,-2.6941,60.0000
2352,1.6607,-2.9209,60.0000
2353,1.4362,-3.5057,60.0000
2354,2.1969,-3.8196,60.0000
2355,1.3213,-1.3241,60.0000
2356,1.2896,-1.7374,60.0000
2357,1.7870,-1.7895,60.0000
2358,1.7343,-2.2886,60.0000
2359,2.3656,-2.3676,60.0000
2360,2.2920,-2.9998,60.0000
2361,3.1125,-3.1133,60.0000
2362,1.7056,-0.8805,60.0000
2363,1.7348,-1.2924,60.0000
2364,2.2341,-1.2396,60.0000
2365,2.2863,-1.7367,60.0000
2366,2.9191,-1.6628,60.0000
2367,2.9983,-2.2937,60.0000
2368,3.8189,-2.1978,60.0000
2369,1.9949,-0.4215,60.0000
2370,2.0804,-0.7882,60.0000
2371,2.5383,-0.6303,60.0000
2372,2.6920,-1.0818,60.0000
2373,3.2772,-0.8570,60.0000
2374,3.5043,-1.4381,60.0000
2375,4.2655,-1.1368,60.0000
2376,2.2861,-0.2647,60.0000
2377,2.9122,-0.3684,60.0000
2378,3.7699,-0.4910,60.0000
ELEMENTS
792
1,1,9,133,40,795,796,797,798
2,40,133,134,51,797,799,800,801
3,51,134,135,50,800,802,803,804
4,50,135,136,52,803,805,806,807
5,52,136,137,49,806,808,809,810
6,49,137,138,53,809,811,812,813
7,53,138,139,48,812,814,815,816
8,48,139,140,54,815,817,818,819
9,54,140,141,47,818,820,821,822
10,47,141,142,55,821,823,824,825
11,55,142,143,46,824,826,827,828
12,46,143,144,56,827,829,830,831
13,56,144,145,45,830,832,833,834
14,45,145,146,57,833,835,836,837
15,57,146,147,44,836,838,839,840
16,44,147,148,58,839,841,842,843
17,58,148,149,43,842,844,845,846
18,43,149,150,59,845,847,848,849
19,59,150,151,42,848,850,851,852
20,42,151,152,60,851,853,854,855
21,60,152,153,41,854,856,857,858
22,41,153,37,4,857,859,860,861
23,9,12,154,133,862,863,864,796
24,133,154,155,134,864,865,866,799
25,134,155,156,135,866,867,868,802
26,135,156,157,136,868,869,870,805
27,136,157,158,137,870,871,872,808
28,137,158,159,138,872,873,874,811
29,138,159,160,139,874,875,876,814
30,139,160,161,140,876,877,878,817
31,140,161,162,141,878,879,880,820
32,141,162,163,142,880,881,882,823
33,142,163,164,143,882,883,884,826
34,143,164,165,144,884,885,886,829
35,144,165,166,145,886,887,888,832
36,145,166,167,146,888,889,890,835
37,146,167,168,147,890,891,892,838
38,147,168,169,148,892,893,894,841
39,148,169,170,149,894,895,896,844
40,149,170,171,150,896,897,898,847
41,150,171,172,151,898,899,900,850
42,151,172,173,152,900,901,902,853
43,152,173,174,153,902,903,904,856
44,153,174,39,37,904,905,906,859
45,12,10,175,154,907,908,909,863
46,154,175,176,155,909,910,911,865
47,155,176,177,156,911,912,913,867
48,156,177,178,157,913,914,915,869
49,157,178,179,158,915,916,917,871
50,158,179,180,159,917,918,919,873
51,159,180,181,160,919,920,921,875
52,160,181,182,161,921,922,923,877
53,161,182,183,162,923,924,925,879
54,162,183,184,163,925,926,927,881
55,163,184,185,164,927,928,929,883
56,164,185,186,165,929,930,931,885
57,165,186,187,166,931,932,933,887
58,166,187,188,167,933,934,935,889
59,167,188,189,168,935,936,937,891
60,168,189,190,169,937,938,939,893
61,169,190,191,170,939,940,941,895
62,170,191,192,171,941,942,943,897
63,171,192,193,172,943,944,945,899
64,172,193,194,173,945,946,947,901
65,173,194,195,174,947,948,949,903
66,174,195,36,39,949,950,951,905
67,10,13,196,175,952,953,954,908
68,175,196,197,176,954,955,956,910
69,176,197,198,177,956,957,958,912
70,177,198,199,178,958,959,960,914
71,178,199,200,179,960,961,962,916
72,179,200,201,180,962,963,964,918
73,180,201,202,181,964,965,966,920
74,181,202,203,182,966,967,968,922
75,182,203,204,183,968,969,970,924
76,183,204,205,184,970,971,972,926
77,184,205,206,185,972,973,974,928
78,185,206,207,186,974,975,976,930
79,186,207,208,187,976,977,978,932
80,187,208,209,188,978,979,980,934
81,188,209,210,189,980,981,982,936
82,189,210,211,190,982,983,984,938
83,190,211,212,191,984,985,986,940
84,191,212,213,192,986,987,988,942
85,192,213,214,193,988,989,990,944
86,193,214,215,194,990,991,992,946
87,194,215,216,195,992,993,994,948
88,195,216,38,36,994,995,996,950
89,13,11,217,196,997,998,999,953
90,196,217,218,197,999,1000,1001,955
91,197,218,219,198,1001,1002,1003,957
92,198,219,220,199,1003,1004,1005,959
93,199,220,221,200,1005,1006,1007,961
94,200,221,222,201,1007,1008,1009,963
95,201,222,223,202,1009,1010,1011,965
96,202,223,224,203,1011,1012,1013,967
97,203,224,225,204,1013,1014,1015,969
98,204,225,226,205,1015,1016,1017,971
99,205,226,227,206,1017,1018,1019,973
100,206,227,228,207,1019,1020,1021,975
101,207,228,229,208,1021,1022,1023,977
102,208,229,230,209,1023,1024,1025,979
103,209,230,231,210,1025,1026,1027,981
104,210,231,232,211,1027,1028,1029,983
105,211,232,233,212,1029,1030,1031,985
106,212,233,234,213,1031,1032,1033,987
107,213,234,235,214,1033,1034,1035,989
108,214,235,236,215,1035,1036,1037,991
109,215,236,237,216,1037,1038,1039,993
110,216,237,35,38,1039,1040,1041,995
111,11,2,14,217,1042,1043,1044,998
112,217,14,25,218,1044,1045,1046,1000
113,218,25,24,219,1046,1047,1048,1002
114,219,24,26,220,1048,1049,1050,1004
115,220,26,23,221,1050,1051,1052,1006
116,221,23,27,222,1052,1053,1054,1008
117,222,27,22,223,1054,1055,1056,1010
118,223,22,28,224,1056,1057,1058,1012
119,224,28,21,225,1058,1059,1060,1014
120,225,21,29,226,1060,1061,1062,1016
121,226,29,20,227,1062,1063,1064,1018
122,227,20,30,228,1064,1065,1066,1020
123,228,30,19,229,1066,1067,1068,1022
124,229,19,31,230,1068,1069,1070,1024
125,230,31,18,231,1070,1071,1072,1026
126,231,18,32,232,1072,1073,1074,1028
127,232,32,17,233,1074,1075,1076,1030
128,233,17,33,234,1076,1077,1078,1032
129,234,33,16,235,1078,1079,1080,1034
130,235,16,34,236,1080,1081,1082,1036
131,236,34,15,237,1082,1083,1084,1038
132,237,15,3,35,1084,1085,1086,1040
133,5,61,238,92,1087,1088,1089,1090
134,92,238,239,103,1089,1091,1092,1093
135,103,239,240,102,1092,1094,1095,1096
136,102,240,241,104,1095,1097,1098,1099
137,104,241,242,101,1098,1100,1101,1102
138,101,242,243,105,1101,1103,1104,1105
139,105,243,244,100,1104,1106,1107,1108
140,100,244,245,106,1107,1109,1110,1111
141,106,245,246,99,1110,1112,1113,1114
142,99,246,247,107,1113,1115,1116,1117
143,107,247,248,98,1116,1118,1119,1120
144,98,248,249,108,1119,1121,1122,1123
145,108,249,250,97,1122,1124,1125,1126
146,97,250,251,109,1125,1127,1128,1129
147,109,251,252,96,1128,1130,1131,1132
148,96,252,253,110,1131,1133,1134,1135
149,110,253,254,95,1134,1136,1137,1138
150,95,254,255,111,1137,1139,1140,1141
151,111,255,256,94,1140,1142,1143,1144
152,94,256,257,112,1143,1145,1146,1147
153,112,257,258,93,1146,1148,1149,1150
154,93,258,89,8,1149,1151,1152,1153
155,61,64,259,238,1154,1155,1156,1088
156,238,259,260,239,1156,1157,1158,1091
157,239,260,261,240,1158,1159,1160,1094
158,240,261,262,241,1160,1161,1162,1097
159,241,262,263,242,1162,1163,1164,1100
160,242,263,264,243,1164,1165,1166,1103
161,243,264,265,244,1166,1167,1168,1106
162,244,265,266,245,1168,1169,1170,1109
163,245,266,267,246,1170,1171,1172,1112
164,246,267,268,247,1172,1173,1174,1115
165,247,268,269,248,1174,1175,1176,1118
166,248,269,270,249,1176,1177,1178,1121
167,249,270,271,250,1178,1179,1180,1124
168,250,271,272,251,1180,1181,1182,1127
169,251,272,273,252,1182,1183,1184,1130
170,252,273,274,253,1184,1185,1186,1133
171,253,274,275,254,1186,1187,1188,1136
172,254,275,276,255,1188,1189,1190,1139
173,255,276,277,256,1190,1191,1192,1142
174,256,277,278,257,1192,1193,1194,1145
175,257,278,279,258,1194,1195,1196,1148
176,258,279,91,89,1196,1197,1198,1151
177,64,62,280,259,1199,1200,1201,1155
178,259,280,281,260,1201,1202,1203,1157
179,260,281,282,261,1203,1204,1205,1159
180,261,282,283,262,1205,1206,1207,1161
181,262,283,284,263,1207,1208,1209,1163
182,263,284,285,264,1209,1210,1211,1165
183,264,285,286,265,1211,1212,1213,1167
184,265,286,287,266,1213,1214,1215,1169
185,266,287,288,267,1215,1216,1217,1171
186,267,288,289,268,1217,1218,1219,1173
187,268,289,290,269,1219,1220,1221,1175
188,269,290,291,270,1221,1222,1223,1177
189,270,291,292,271,1223,1224,1225,1179
190,271,292,293,272,1225,1226,1227,1181
191,272,293,294,273,1227,1228,1229,1183
192,273,294,295,274,1229,1230,1231,1185
193,274,295,296,275,1231,1232,1233,1187
194,275,296,297,276,1233,1234,1235,1189
195,276,297,298,277,1235,1236,1237,1191
196,277,298,299,278,1237,1238,1239,1193
197,278,299,300,279,1239,1240,1241,1195
198,279,300,88,91,1241,1242,1243,1197
199,62,65,301,280,1244,1245,1246,1200
200,280,301,302,281,1246,1247,1248,1202
201,281,302,303,282,1248,1249,1250,1204
202,282,303,304,283,1250,1251,1252,1206
203,283,304,305,284,1252,1253,1254,1208
204,284,305,306,285,1254,1255,1256,1210
205,285,306,307,286,1256,1257,1258,1212
206,286,307,308,287,1258,1259,1260,1214
207,287,308,309,288,1260,1261,1262,1216
208,288,309,310,289,1262,1263,1264,1218
209,289,310,311,290,1264,1265,1266,1220
210,290,311,312,291,1266,1267,1268,1222
211,291,312,313,292,1268,1269,1270,1224
212,292,313,314,293,1270,1271,1272,1226
213,293,314,315,294,1272,1273,1274,1228
214,294,315,316,295,1274,1275,1276,1230
215,295,316,317,296,1276,1277,1278,1232
216,296,317,318,297,1278,1279,1280,1234
217,297,318,319,298,1280,1281,1282,1236
218,298,319,320,299,1282,1283,1284,1238
219,299,320,321,300,1284,1285,1286,1240
220,300,321,90,88,1286,1287,1288,1242
221,65,63,322,301,1289,1290,1291,1245
222,301,322,323,302,1291,1292,1293,1247
223,302,323,324,303,1293,1294,1295,1249
224,303,324,325,304,1295,1296,1297,1251
225,304,325,326,305,1297,1298,1299,1253
226,305,326,327,306,1299,1300,1301,1255
227,306,327,328,307,1301,1302,1303,1257
228,307,328,329,308,1303,1304,1305,1259
229,308,329,330,309,1305,1306,1307,1261
230,309,330,331,310,1307,1308,1309,1263
231,310,331,332,311,1309,1310,1311,1265
232,311,332,333,312,1311,1312,1313,1267
233,312,333,334,313,1313,1314,1315,1269
234,313,334,335,314,1315,1316,1317,1271
235,314,335,336,315,1317,1318,1319,1273
236,315,336,337,316,1319,1320,1321,1275
237,316,337,338,317,1321,1322,1323,1277
238,317,338,339,318,1323,1324,1325,1279
239,318,339,340,319,1325,1326,1327,1281
240,319,340,341,320,1327,1328,1329,1283
241,320,341,342,321,1329,1330,1331,1285
242,321,342,87,90,1331,1332,1333,1287
243,63,6,66,322,1334,1335,1336,1290
244,322,66,77,323,1336,1337,1338,1292
245,323,77,76,324,1338,1339,1340,1294
246,324,76,78,325,1340,1341,1342,1296
247,325,78,75,326,1342,1343,1344,1298
248,326,75,79,327,1344,1345,1346,1300
249,327,79,74,328,1346,1347,1348,1302
250,328,74,80,329,1348,1349,1350,1304
251,329,80,73,330,1350,1351,1352,1306
252,330,73,81,331,1352,1353,1354,1308
253,331,81,72,332,1354,1355,1356,1310
254,332,72,82,333,1356,1357,1358,1312
255,333,82,71,334,1358,1359,1360,1314
256,334,71,83,335,1360,1361,1362,1316
257,335,83,70,336,1362,1363,1364,1318
258,336,70,84,337,1364,1365,1366,1320
259,337,84,69,338,1366,1367,1368,1322
260,338,69,85,339,1368,1369,1370,1324
261,339,85,68,340,1370,1371,1372,1326
262,340,68,86,341,1372,1373,1374,1328
263,341,86,67,342,1374,1375,1376,1330
264,342,67,7,87,1376,1377,1378,1332
265,2,113,343,14,1379,1380,1381,1043
266,113,116,344,343,1382,1383,1384,1380
267,116,114,345,344,1385,1386,1387,1383
268,114,117,346,345,1388,1389,1390,1386
269,117,115,347,346,1391,1392,1393,1389
270,115,5,92,347,1394,1090,1395,1392
271,14,343,348,25,1381,1396,1397,1045
272,343,344,349,348,1384,1398,1399,1396
273,344,345,350,349,1387,1400,1401,1398
274,345,346,351,350,1390,1402,1403,1400
275,346,347,352,351,1393,1404,1405,1402
276,347,92,103,352,1395,1093,1406,1404
277,25,348,353,24,1397,1407,1408,1047
278,348,349,354,353,1399,1409,1410,1407
279,349,350,355,354,1401,1411,1412,1409
280,350,351,356,355,1403,1413,1414,1411
281,351,352,357,356,1405,1415,1416,1413
282,352,103,102,357,1406,1096,1417,1415
283,24,353,358,26,1408,1418,1419,1049
284,353,354,359,358,1410,1420,1421,1418
285,354,355,360,359,1412,1422,1423,1420
286,355,356,361,360,1414,1424,1425,1422
287,356,357,362,361,1416,1426,1427,1424
288,357,102,104,362,1417,1099,1428,1426
289,26,358,363,23,1419,1429,1430,1051
290,358,359,364,363,1421,1431,1432,1429
291,359,360,365,364,1423,1433,1434,1431
292,360,361,366,365,1425,1435,1436,1433
293,361,362,367,366,1427,1437,1438,1435
294,362,104,101,367,1428,1102,1439,1437
295,23,363,368,27,1430,1440,1441,1053
296,363,364,369,368,1432,1442,1443,1440
297,364,365,370,369,1434,1444,1445,1442
298,365,366,371,370,1436,1446,1447,1444
299,366,367,372,371,1438,1448,1449,1446
300,367,101,105,372,1439,1105,1450,1448
301,27,368,373,22,1441,1451,1452,1055
302,368,369,374,373,1443,1453,1454,1451
303,369,370,375,374,1445,1455,1456,1453
304,370,371,376,375,1447,1457,1458,1455
305,371,372,377,376,1449,1459,1460,1457
306,372,105,100,377,1450,1108,1461,1459
307,22,373,378,28,1452,1462,1463,1057
308,373,374,379,378,1454,1464,1465,1462
309,374,375,380,379,1456,1466,1467,1464
310,375,376,381,380,1458,1468,1469,1466
311,376,377,382,381,1460,1470,1471,1468
312,377,100,106,382,1461,1111,1472,1470
313,28,378,383,21,1463,1473,1474,1059
314,378,379,384,383,1465,1475,1476,1473
315,379,380,385,384,1467,1477,1478,1475
316,380,381,386,385,1469,1479,1480,1477
317,381,382,387,386,1471,1481,1482,1479
318,382,106,99,387,1472,1114,1483,1481
319,21,383,388,29,1474,1484,1485,1061
320,383,384,389,388,1476,1486,1487,1484
321,384,385,390,389,1478,1488,1489,1486
322,385,386,391,390,1480,1490,1491,1488
323,386,387,392,391,1482,1492,1493,1490
324,387,99,107,392,1483,1117,1494,1492
325,29,388,393,20,1485,1495,1496,1063
326,388,389,394,393,1487,1497,1498,1495
327,389,390,395,394,1489,1499,1500,1497
328,390,391,396,395,1491,1501,1502,1499
329,391,392,397,396,1493,1503,1504,1501
330,392,107,98,397,1494,1120,1505,1503
331,20,393,398,30,1496,1506,1507,1065
332,393,394,399,398,1498,1508,1509,1506
333,394,395,400,399,1500,1510,1511,1508
334,395,396,401,400,1502,1512,1513,1510
335,396,397,402,401,1504,1514,1515,1512
336,397,98,108,402,1505,1123,1516,1514
337,30,398,403,19,1507,1517,1518,1067
338,398,399,404,403,1509,1519,1520,1517
339,399,400,405,404,1511,1521,1522,1519
340,400,401,406,405,1513,1523,1524,1521
341,401,402,407,406,1515,1525,1526,1523
342,402,108,97,407,1516,1126,1527,1525
343,19,403,408,31,1518,1528,1529,1069
344,403,404,409,408,1520,1530,1531,1528
345,404,405,410,409,1522,1532,1533,1530
346,405,406,411,410,1524,1534,1535,1532
347,406,407,412,411,1526,1536,1537,1534
348,407,97,109,412,1527,1129,1538,1536
349,31,408,413,18,1529,1539,1540,1071
350,408,409,414,413,1531,1541,1542,1539
351,409,410,415,414,1533,1543,1544,1541
352,410,411,416,415,1535,1545,1546,1543
353,411,412,417,416,1537,1547,1548,1545
354,412,109,96,417,1538,1132,1549,1547
355,18,413,418,32,1540,1550,1551,1073
356,413,414,419,418,1542,1552,1553,1550
357,414,415,420,419,1544,1554,1555,1552
358,415,416,421,420,1546,1556,1557,1554
359,416,417,422,421,1548,1558,1559,1556
360,417,96,110,422,1549,1135,1560,1558
361,32,418,423,17,1551,1561,1562,1075
362,418,419,424,423,1553,1563,1564,1561
363,419,420,425,424,1555,1565,1566,1563
364,420,421,426,425,1557,1567,1568,1565
365,421,422,427,426,1559,1569,1570,1567
366,422,110,95,427,1560,1138,1571,1569
367,17,423,428,33,1562,1572,1573,1077
368,423,424,429,428,1564,1574,1575,1572
369,424,425,430,429,1566,1576,1577,1574
370,425,426,431,430,1568,1578,1579,1576
371,426,427,432,431,1570,1580,1581,1578
372,427,95,111,432,1571,1141,1582,1580
373,33,428,433,16,1573,1583,1584,1079
374,428,429,434,433,1575,1585,1586,1583
375,429,430,435,434,1577,1587,1588,1585
376,430,431,436,435,1579,1589,1590,1587
377,431,432,437,436,1581,1591,1592,1589
378,432,111,94,437,1582,1144,1593,1591
379,16,433,438,34,1584,1594,1595,1081
380,433,434,439,438,1586,1596,1597,1594
381,434,435,440,439,1588,1598,1599,1596
382,435,436,441,440,1590,1600,1601,1598
383,436,437,442,441,1592,1602,1603,1600
384,437,94,112,442,1593,1147,1604,1602
385,34,438,443,15,1595,1605,1606,1083
386,438,439,444,443,1597,1607,1608,1605
387,439,440,445,444,1599,1609,1610,1607
388,440,441,446,445,1601,1611,1612,1609
389,441,442,447,446,1603,1613,1614,1611
390,442,112,93,447,1604,1150,1615,1613
391,15,443,120,3,1606,1616,1617,1085
392,443,444,122,120,1608,1618,1619,1616
393,444,445,119,122,1610,1620,1621,1618
394,445,446,121,119,1612,1622,1623,1620
395,446,447,118,121,1614,1624,1625,1622
396,447,93,8,118,1615,1153,1626,1624
397,6,123,448,66,1627,1628,1629,1335
398,123,126,449,448,1630,1631,1632,1628
399,126,124,450,449,1633,1634,1635,1631
400,124,127,451,450,1636,1637,1638,1634
401,127,125,452,451,1639,1640,1641,1637
402,125,1,40,452,1642,798,1643,1640
403,66,448,453,77,1629,1644,1645,1337
404,448,449,454,453,1632,1646,1647,1644
405,449,450,455,454,1635,1648,1649,1646
406,450,451,456,455,1638,1650,1651,1648
407,451,452,457,456,1641,1652,1653,1650
408,452,40,51,457,1643,801,1654,1652
409,77,453,458,76,1645,1655,1656,1339
410,453,454,459,458,1647,1657,1658,1655
411,454,455,460,459,1649,1659,1660,1657
412,455,456,461,460,1651,1661,1662,1659
413,456,457,462,461,1653,1663,1664,1661
414,457,51,50,462,1654,804,1665,1663
415,76,458,463,78,1656,1666,1667,1341
416,458,459,464,463,1658,1668,1669,1666
417,459,460,465,464,1660,1670,1671,1668
418,460,461,466,465,1662,1672,1673,1670
419,461,462,467,466,1664,1674,1675,1672
420,462,50,52,467,1665,807,1676,1674
421,78,463,468,75,1667,1677,1678,1343
422,463,464,469,468,1669,1679,1680,1677
423,464,465,470,469,1671,1681,1682,1679
424,465,466,471,470,1673,1683,1684,1681
425,466,467,472,471,1675,1685,1686,1683
426,467,52,49,472,1676,810,1687,1685
427,75,468,473,79,1678,1688,1689,1345
428,468,469,474,473,1680,1690,1691,1688
429,469,470,475,474,1682,1692,1693,1690
430,470,471,476,475,1684,1694,1695,1692
431,471,472,477,476,1686,1696,1697,1694
432,472,49,53,477,1687,813,1698,1696
433,79,473,478,74,1689,1699,1700,1347
434,473,474,479,478,1691,1701,1702,1699
435,474,475,480,479,1693,1703,1704,1701
436,475,476,481,480,1695,1705,1706,1703
437,476,477,482,481,1697,1707,1708,1705
438,477,53,48,482,1698,816,1709,1707
439,74,478,483,80,1700,1710,1711,1349
440,478,479,484,483,1702,1712,1713,1710
441,479,480,485,484,1704,1714,1715,1712
442,480,481,486,485,1706,1716,1717,1714
443,481,482,487,486,1708,1718,1719,1716
444,482,48,54,487,1709,819,1720,1718
445,80,483,488,73,1711,1721,1722,1351
446,483,484,489,488,1713,1723,1724,1721
447,484,485,490,489,1715,1725,1726,1723
448,485,486,491,490,1717,1727,1728,1725
449,486,487,492,491,1719,1729,1730,1727
450,487,54,47,492,1720,822,1731,1729
451,73,488,493,81,1722,1732,1733,1353
452,488,489,494,493,1724,1734,1735,1732
453,489,490,495,494,1726,1736,1737,1734
454,490,491,496,495,1728,1738,1739,1736
455,491,492,497,496,1730,1740,1741,1738
456,492,47,55,497,1731,825,1742,1740
457,81,493,498,72,1733,1743,1744,1355
458,493,494,499,498,1735,1745,1746,1743
459,494,495,500,499,1737,1747,1748,1745
460,495,496,501,500,1739,1749,1750,1747
461,496,497,502,501,1741,1751,1752,1749
462,497,55,46,502,1742,828,1753,1751
463,72,498,503,82,1744,1754,1755,1357
464,498,499,504,503,1746,1756,1757,1754
465,499,500,505,504,1748,1758,1759,1756
466,500,501,506,505,1750,1760,1761,1758
467,501,502,507,506,1752,1762,1763,1760
468,502,46,56,507,1753,831,1764,1762
469,82,503,508,71,1755,1765,1766,1359
470,503,504,509,508,1757,1767,1768,1765
471,504,505,510,509,1759,1769,1770,1767
472,505,506,511,510,1761,1771,1772,1769
473,506,507,512,511,1763,1773,1774,1771
474,507,56,45,512,1764,834,1775,1773
475,71,508,513,83,1766,1776,1777,1361
476,508,509,514,513,1768,1778,1779,1776
477,509,510,515,514,1770,1780,1781,1778
478,510,511,516,515,1772,1782,1783,1780
479,511,512,517,516,1774,1784,1785,1782
480,512,45,57,517,1775,837,1786,1784
481,83,513,518,70,1777,1787,1788,1363
482,513,514,519,518,1779,1789,1790,1787
483,514,515,520,519,1781,1791,1792,1789
484,515,516,521,520,1783,1793,1794,1791
485,516,517,522,521,1785,1795,1796,1793
486,517,57,44,522,1786,840,1797,1795
487,70,518,523,84,1788,1798,1799,1365
488,518,519,524,523,1790,1800,1801,1798
489,519,520,525,524,1792,1802,1803,1800
490,520,521,526,525,1794,1804,1805,1802
491,521,522,527,526,1796,1806,1807,1804
492,522,44,58,527,1797,843,1808,1806
493,84,523,528,69,1799,1809,1810,1367
494,523,524,529,528,1801,1811,1812,1809
495,524,525,530,529,1803,1813,1814,1811
496,525,526,531,530,1805,1815,1816,1813
497,526,527,532,531,1807,1817,1818,1815
498,527,58,43,532,1808,846,1819,1817
499,69,528,533,85,1810,1820,1821,1369
500,528,529,534,533,1812,1822,1823,1820
501,529,530,535,534,1814,1824,1825,1822
502,530,531,536,535,1816,1826,1827,1824
503,531,532,537,536,1818,1828,1829,1826
504,532,43,59,537,1819,849,1830,1828
505,85,533,538,68,1821,1831,1832,1371
506,533,534,539,538,1823,1833,1834,1831
507,534,535,540,539,1825,1835,1836,1833
508,535,536,541,540,1827,1837,1838,1835
509,536,537,542,541,1829,1839,1840,1837
510,537,59,42,542,1830,852,1841,1839
511,68,538,543,86,1832,1842,1843,1373
512,538,539,544,543,1834,1844,1845,1842
513,539,540,545,544,1836,1846,1847,1844
514,540,541,546,545,1838,1848,1849,1846
515,541,542,547,546,1840,1850,1851,1848
516,542,42,60,547,1841,855,1852,1850
517,86,543,548,67,1843,1853,1854,1375
518,543,544,549,548,1845,1855,1856,1853
519,544,545,550,549,1847,1857,1858,1855
520,545,546,551,550,1849,1859,1860,1857
521,546,547,552,551,1851,1861,1862,1859
522,547,60,41,552,1852,858,1863,1861
523,67,548,130,7,1854,1864,1865,1377
524,548,549,132,130,1856,1866,1867,1864
525,549,550,129,132,1858,1868,1869,1866
526,550,551,131,129,1860,1870,1871,1868
527,551,552,128,131,1862,1872,1873,1870
528,552,41,4,128,1863,861,1874,1872
529,641,572,567,640,1875,1876,1877,1878
530,572,571,566,567,1879,1880,1881,1876
531,571,570,553,566,1882,1883,1884,1880
532,570,569,554,553,1885,1886,1887,1883
533,569,568,555,554,1888,1889,1890,1886
534,568,652,653,555,1891,1892,1893,1889
535,640,567,556,639,1877,1894,1895,1896
536,567,566,557,556,1881,1897,1898,1894
537,566,553,558,557,1884,1899,1900,1897
538,553,554,559,558,1887,1901,1902,1899
539,554,555,560,559,1890,1903,1904,1901
540,555,653,654,560,1893,1905,1906,1903
541,639,556,561,638,1895,1907,1908,1909
542,556,557,562,561,1898,1910,1911,1907
543,557,558,563,562,1900,1912,1913,1910
544,558,559,564,563,1902,1914,1915,1912
545,559,560,565,564,1904,1916,1917,1914
546,560,654,655,565,1906,1918,1919,1916
547,638,561,666,672,1908,1920,1921,1922
548,561,562,665,666,1911,1923,1924,1920
549,562,563,664,665,1913,1925,1926,1923
550,563,564,663,664,1915,1927,1928,1925
551,564,565,662,663,1917,1929,1930,1927
552,565,655,671,662,1919,1931,1932,1929
553,573,651,652,568,1933,1934,1891,1935
554,574,573,568,569,1936,1935,1888,1937
555,575,574,569,570,1938,1937,1885,1939
556,576,575,570,571,1940,1939,1882,1941
557,577,576,571,572,1942,1941,1879,1943
558,642,577,572,641,1944,1943,1875,1945
559,643,670,651,573,1946,1947,1933,1948
560,644,643,573,574,1949,1948,1936,1950
561,645,644,574,575,1951,1950,1938,1952
562,646,645,575,576,1953,1952,1940,1954
563,647,646,576,577,1955,1954,1942,1956
564,673,647,577,642,1957,1956,1944,1958
565,578,648,673,642,1959,1960,1958,1961
566,579,578,642,641,1962,1961,1945,1963
567,580,579,641,640,1964,1963,1878,1965
568,581,580,640,639,1966,1965,1896,1967
569,582,581,639,638,1968,1967,1909,1969
570,659,582,638,672,1970,1969,1922,1971
571,583,649,648,578,1972,1973,1959,1974
572,584,583,578,579,1975,1974,1962,1976
573,585,584,579,580,1977,1976,1964,1978
574,586,585,580,581,1979,1978,1966,1980
575,587,586,581,582,1981,1980,1968,1982
576,660,587,582,659,1983,1982,1970,1984
577,588,650,649,583,1985,1986,1972,1987
578,589,588,583,584,1988,1987,1975,1989
579,590,589,584,585,1990,1989,1977,1991
580,591,590,585,586,1992,1991,1979,1993
581,592,591,586,587,1994,1993,1981,1995
582,661,592,587,660,1996,1995,1983,1997
583,123,6,650,588,1627,1998,1985,1999
584,126,123,588,589,1630,1999,1988,2000
585,124,126,589,590,1633,2000,1990,2001
586,127,124,590,591,1636,2001,1992,2002
587,125,127,591,592,1639,2002,1994,2003
588,1,125,592,661,1642,2003,1996,2004
589,593,647,673,648,2005,1957,1960,2006
590,594,593,648,649,2007,2006,1973,2008
591,595,594,649,650,2009,2008,1986,2010
592,63,595,650,6,2011,2010,1998,1334
593,596,646,647,593,2012,1955,2005,2013
594,597,596,593,594,2014,2013,2007,2015
595,598,597,594,595,2016,2015,2009,2017
596,65,598,595,63,2018,2017,2011,1289
597,599,645,646,596,2019,1953,2012,2020
598,600,599,596,597,2021,2020,2014,2022
599,601,600,597,598,2023,2022,2016,2024
600,62,601,598,65,2025,2024,2018,1244
601,602,644,645,599,2026,1951,2019,2027
602,603,602,599,600,2028,2027,2021,2029
603,604,603,600,601,2030,2029,2023,2031
604,64,604,601,62,2032,2031,2025,1199
605,605,643,644,602,2033,1949,2026,2034
606,606,605,602,603,2035,2034,2028,2036
607,607,606,603,604,2037,2036,2030,2038
608,61,607,604,64,2039,2038,2032,1154
609,656,670,643,605,2040,1946,2033,2041
610,657,656,605,606,2042,2041,2035,2043
611,658,657,606,607,2044,2043,2037,2045
612,5,658,607,61,2046,2045,2039,1087
613,608,651,670,656,2047,1947,2040,2048
614,609,608,656,657,2049,2048,2042,2050
615,610,609,657,658,2051,2050,2044,2052
616,115,610,658,5,2053,2052,2046,1394
617,611,652,651,608,2054,1934,2047,2055
618,612,611,608,609,2056,2055,2049,2057
619,613,612,609,610,2058,2057,2051,2059
620,117,613,610,115,2060,2059,2053,1391
621,614,653,652,611,2061,1892,2054,2062
622,615,614,611,612,2063,2062,2056,2064
623,616,615,612,613,2065,2064,2058,2066
624,114,616,613,117,2067,2066,2060,1388
625,617,654,653,614,2068,1905,2061,2069
626,618,617,614,615,2070,2069,2063,2071
627,619,618,615,616,2072,2071,2065,2073
628,116,619,616,114,2074,2073,2067,1385
629,620,655,654,617,2075,1918,2068,2076
630,621,620,617,618,2077,2076,2070,2078
631,622,621,618,619,2079,2078,2072,2080
632,113,622,619,116,2081,2080,2074,1382
633,667,671,655,620,2082,1931,2075,2083
634,668,667,620,621,2084,2083,2077,2085
635,669,668,621,622,2086,2085,2079,2087
636,2,669,622,113,2088,2087,2081,1379
637,623,662,671,667,2089,1932,2082,2090
638,624,623,667,668,2091,2090,2084,2092
639,625,624,668,669,2093,2092,2086,2094
640,11,625,669,2,2095,2094,2088,1042
641,626,663,662,623,2096,1930,2089,2097
642,627,626,623,624,2098,2097,2091,2099
643,628,627,624,625,2100,2099,2093,2101
644,13,628,625,11,2102,2101,2095,997
645,629,664,663,626,2103,1928,2096,2104
646,630,629,626,627,2105,2104,2098,2106
647,631,630,627,628,2107,2106,2100,2108
648,10,631,628,13,2109,2108,2102,952
649,632,665,664,629,2110,1926,2103,2111
650,633,632,629,630,2112,2111,2105,2113
651,634,633,630,631,2114,2113,2107,2115
652,12,634,631,10,2116,2115,2109,907
653,635,666,665,632,2117,1924,2110,2118
654,636,635,632,633,2119,2118,2112,2120
655,637,636,633,634,2121,2120,2114,2122
656,9,637,634,12,2123,2122,2116,862
657,659,672,666,635,1971,1921,2117,2124
658,660,659,635,636,1984,2124,2119,2125
659,661,660,636,637,1997,2125,2121,2126
660,1,661,637,9,2004,2126,2123,795
661,695,694,689,690,2127,2128,2129,2130
662,694,772,773,689,2131,2132,2133,2128
663,762,693,674,761,2134,2135,2136,2137
664,693,692,675,674,2138,2139,2140,2135
665,692,691,676,675,2141,2142,2143,2139
666,691,690,677,676,2144,2145,2146,2142
667,690,689,678,677,2129,2147,2148,2145
668,689,773,774,678,2133,2149,2150,2147
669,761,674,679,760,2136,2151,2152,2153
670,674,675,680,679,2140,2154,2155,2151
671,675,676,681,680,2143,2156,2157,2154
672,676,677,682,681,2146,2158,2159,2156
673,677,678,683,682,2148,2160,2161,2158
674,678,774,775,683,2150,2162,2163,2160
675,760,679,684,759,2152,2164,2165,2166
676,679,680,685,684,2155,2167,2168,2164
677,680,681,686,685,2157,2169,2170,2167
678,681,682,687,686,2159,2171,2172,2169
679,682,683,688,687,2161,2173,2174,2171
680,683,775,776,688,2163,2175,2176,2173
681,759,684,787,793,2165,2177,2178,2179
682,684,685,786,787,2168,2180,2181,2177
683,685,686,785,786,2170,2182,2183,2180
684,686,687,784,785,2172,2184,2185,2182
685,687,688,783,784,2174,2186,2187,2184
686,688,776,792,783,2176,2188,2189,2186
687,696,695,690,691,2190,2130,2144,2191
688,697,696,691,692,2192,2191,2141,2193
689,698,697,692,693,2194,2193,2138,2195
690,763,698,693,762,2196,2195,2134,2197
691,764,791,772,694,2198,2199,2131,2200
692,765,764,694,695,2201,2200,2127,2202
693,766,765,695,696,2203,2202,2190,2204
694,767,766,696,697,2205,2204,2192,2206
695,768,767,697,698,2207,2206,2194,2208
696,794,768,698,763,2209,2208,2196,2210
697,699,769,794,763,2211,2212,2210,2213
698,700,699,763,762,2214,2213,2197,2215
699,701,700,762,761,2216,2215,2137,2217
700,702,701,761,760,2218,2217,2153,2219
701,703,702,760,759,2220,2219,2166,2221
702,780,703,759,793,2222,2221,2179,2223
703,704,770,769,699,2224,2225,2211,2226
704,705,704,699,700,2227,2226,2214,2228
705,706,705,700,701,2229,2228,2216,2230
706,707,706,701,702,2231,2230,2218,2232
707,708,707,702,703,2233,2232,2220,2234
708,781,708,703,780,2235,2234,2222,2236
709,709,771,770,704,2237,2238,2224,2239
710,710,709,704,705,2240,2239,2227,2241
711,711,710,705,706,2242,2241,2229,2243
712,712,711,706,707,2244,2243,2231,2245
713,713,712,707,708,2246,2245,2233,2247
714,782,713,708,781,2248,2247,2235,2249
715,35,3,771,709,1086,2250,2237,2251
716,38,35,709,710,1041,2251,2240,2252
717,36,38,710,711,996,2252,2242,2253
718,39,36,711,712,951,2253,2244,2254
719,37,39,712,713,906,2254,2246,2255
720,4,37,713,782,860,2255,2248,2256
721,714,768,794,769,2257,2209,2212,2258
722,715,714,769,770,2259,2258,2225,2260
723,716,715,770,771,2261,2260,2238,2262
724,120,716,771,3,2263,2262,2250,1617
725,717,767,768,714,2264,2207,2257,2265
726,718,717,714,715,2266,2265,2259,2267
727,719,718,715,716,2268,2267,2261,2269
728,122,719,716,120,2270,2269,2263,1619
729,720,766,767,717,2271,2205,2264,2272
730,721,720,717,718,2273,2272,2266,2274
731,722,721,718,719,2275,2274,2268,2276
732,119,722,719,122,2277,2276,2270,1621
733,723,765,766,720,2278,2203,2271,2279
734,724,723,720,721,2280,2279,2273,2281
735,725,724,721,722,2282,2281,2275,2283
736,121,725,722,119,2284,2283,2277,1623
737,726,764,765,723,2285,2201,2278,2286
738,727,726,723,724,2287,2286,2280,2288
739,728,727,724,725,2289,2288,2282,2290
740,118,728,725,121,2291,2290,2284,1625
741,777,791,764,726,2292,2198,2285,2293
742,778,777,726,727,2294,2293,2287,2295
743,779,778,727,728,2296,2295,2289,2297
744,8,779,728,118,2298,2297,2291,1626
745,729,772,791,777,2299,2199,2292,2300
746,730,729,777,778,2301,2300,2294,2302
747,731,730,778,779,2303,2302,2296,2304
748,89,731,779,8,2305,2304,2298,1152
749,732,773,772,729,2306,2132,2299,2307
750,733,732,729,730,2308,2307,2301,2309
751,734,733,730,731,2310,2309,2303,2311
752,91,734,731,89,2312,2311,2305,1198
753,735,774,773,732,2313,2149,2306,2314
754,736,735,732,733,2315,2314,2308,2316
755,737,736,733,734,2317,2316,2310,2318
756,88,737,734,91,2319,2318,2312,1243
757,738,775,774,735,2320,2162,2313,2321
758,739,738,735,736,2322,2321,2315,2323
759,740,739,736,737,2324,2323,2317,2325
760,90,740,737,88,2326,2325,2319,1288
761,741,776,775,738,2327,2175,2320,2328
762,742,741,738,739,2329,2328,2322,2330
763,743,742,739,740,2331,2330,2324,2332
764,87,743,740,90,2333,2332,2326,1333
765,788,792,776,741,2334,2188,2327,2335
766,789,788,741,742,2336,2335,2329,2337
767,790,789,742,743,2338,2337,2331,2339
768,7,790,743,87,2340,2339,2333,1378
769,744,783,792,788,2341,2189,2334,2342
770,745,744,788,789,2343,2342,2336,2344
771,746,745,789,790,2345,2344,2338,2346
772,130,746,790,7,2347,2346,2340,1865
773,747,784,783,744,2348,2187,2341,2349
774,748,747,744,745,2350,2349,2343,2351
775,749,748,745,746,2352,2351,2345,2353
776,132,749,746,130,2354,2353,2347,1867
777,750,785,784,747,2355,2185,2348,2356
778,751,750,747,748,2357,2356,2350,2358
779,752,751,748,749,2359,2358,2352,2360
780,129,752,749,132,2361,2360,2354,1869
781,753,786,785,750,2362,2183,2355,2363
782,754,753,750,751,2364,2363,2357,2365
783,755,754,751,752,2366,2365,2359,2367
784,131,755,752,129,2368,2367,2361,1871
785,756,787,786,753,2369,2181,2362,2370
786,757,756,753,754,2371,2370,2364,2372
787,758,757,754,755,2373,2372,2366,2374
788,128,758,755,131,2375,2374,2368,1873
789,780,793,787,756,2223,2178,2369,2376
790,781,780,756,757,2236,2376,2371,2377
791,782,781,757,758,2249,2377,2373,2378
792,4,782,758,128,2256,2378,2375,1874
BOUNDARY CONDITIONS
2666
1,0,0,1,0,1.272023e-06,0
2,0,0,1,0,1.339710e-06,0
3,0,0,1,0,-5.844823e-07,0
4,0,0,1,0,1.151391e-06,0
5,0,0,1,0,1.217042e-06,0
6,0,0,1,0,1.170015e-06,0
7,0,0,1,0,1.422198e-06,0
8,0,0,1,0,-9.048542e-07,0
9,0,0,1,0,6.769198e-06,0
10,0,0,1,0,0,0
11,0,0,1,0,0,0
12,0,0,1,0,0,0
13,0,0,1,0,0,0
14,0,0,1,0,0,0
15,0,0,1,0,1.208649e-06,0
16,0,0,1,0,9.698642e-07,0
17,0,0,1,0,1.266555e-06,0
18,0,0,1,0,1.054902e-06,0
19,0,0,1,0,1.101388e-06,0
20,0,0,1,0,3.483919e-07,0
21,0,0,1,0,4.595314e-07,0
22,0,0,1,0,5.856134e-07,0
23,0,0,1,0,7.756682e-07,0
24,0,0,1,0,9.548598e-07,0
25,0,0,1,0,1.136683e-06,0
26,0,0,1,0,1.328676e-07,0
27,0,0,1,0,3.842594e-07,0
28,0,0,1,0,4.891682e-07,0
29,0,0,1,0,6.475767e-07,0
30,0,0,1,0,8.457027e-07,0
31,0,0,1,0,1.039090e-06,0
32,0,0,1,0,1.207886e-06,0
33,0,0,1,0,-2.975210e-07,0
34,0,0,1,0,2.820840e-07,0
35,0,0,1,0,8.520879e-07,0
36,0,0,1,0,-4.559926e-09,0
37,0,0,1,0,5.646092e-07,0
38,0,0,1,0,1.676382e-06,0
39,0,0,1,0,1.646469e-06,0
40,0,0,1,0,1.634048e-06,0
41,0,0,1,0,1.526181e-06,0
42,0,0,1,0,1.410322e-06,0
43,0,0,1,0,1.297208e-06,0
44,0,0,1,0,1.714863e-06,0
45,0,0,1,0,1.652970e-06,0
46,0,0,1,0,1.642091e-06,0
47,0,0,1,0,1.592622e-06,0
48,0,0,1,0,1.475231e-06,0
49,0,0,1,0,1.358014e-06,0
50,0,0,1,0,1.256622e-06,0
51,0,0,1,0,1.110718e-06,0
52,0,0,1,0,8.002597e-07,0
53,0,0,1,0,1.080057e-06,0
54,0,0,1,0,9.193694e-07,0
55,0,0,1,0,9.123616e-07,0
56,0,0,1,0,2.214249e-06,0
57,0,0,1,0,1.979475e-06,0
58,0,0,1,0,1.742692e-06,0
59,0,0,1,0,1.546263e-06,0
60,0,0,1,0,1.338908e-06,0
61,0,0,1,0,1.207645e-06,0
62,0,0,1,0,2.071208e-06,0
63,0,0,1,0,2.087005e-06,0
64,0,0,1,0,1.833078e-06,0
65,0,0,1,0,1.619686e-06,0
66,0,0,1,0,1.434425e-06,0
67,0,0,1,0,1.276250e-06,0
68,0,0,1,0,1.161410e-06,0
69,0,0,1,0,1.099113e-06,0
70,0,0,1,0,2.597548e-07,0
71,0,0,1,0,-5.875256e-07,0
72,0,0,1,0,7.005613e-07,0
73,0,0,1,0,-1.840581e-07,0
74,0,0,1,0,-1.565451e-07,0
75,0,0,1,0,1.040628e-07,0
76,0,0,1,0,4.195168e-07,0
77,0,0,1,0,6.622215e-07,0
78,0,0,1,0,8.850992e-07,0
79,0,0,1,0,1.039491e-06,0
80,0,0,1,0,-2.752585e-07,0
81,0,0,1,0,-3.660138e-08,0
82,0,0,1,0,2.564081e-07,0
83,0,0,1,0,5.471383e-07,0
84,0,0,1,0,7.720530e-07,0
85,0,0,1,0,9.587830e-07,0
86,0,0,1,0,1.098472e-06,0
87,0,0,1,0,1.257071e-06,0
88,0,0,1,0,9.625242e-07,0
89,0,0,1,0,1.176986e-06,0
90,0,0,1,0,1.080535e-06,0
91,0,0,1,0,1.052007e-06,0
92,0,0,1,0,-1.096007e-06,0
93,0,0,1,0,-1.165187e-06,0
94,0,0,1,0,-8.365075e-07,0
95,0,0,1,0,-1.182487e-06,0
96,0,0,1,0,-1.054513e-06,0
97,0,0,1,0,1.109077e-06,0
98,0,0,1,0,8.621159e-07,0
99,0,0,1,0,1.181359e-06,0
100,0,0,1,0,9.521006e-07,0
101,0,0,1,0,1.000285e-06,0
102,0,0,1,0,1.436496e-06,0
103,0,0,1,0,1.731811e-06,0
104,0,0,1,0,1.646845e-06,0
105,0,0,1,0,1.628229e-06,0
106,0,0,1,0,1.732752e-06,0
107,0,0,1,0,6.203493e-06,0
108,0,0,1,0,2.417848e-06,0
109,0,0,1,0,4.651951e-06,0
110,0,0,1,0,6.243556e-06,0
111,0,0,1,0,2.505259e-06,0
112,0,0,1,0,4.714700e-06,0
113,0,0,1,0,2.602692e-06,0
114,0,0,1,0,6.193537e-06,0
115,0,0,1,0,4.719348e-06,0
116,0,0,1,0,2.478379e-06,0
117,0,0,1,0,6.150787e-06,0
118,0,0,1,0,4.622636e-06,0
119,0,0,1,0,0,0
120,0,0,1,0,0,0
121,0,0,1,0,0,0
122,0,0,1,0,0,0
123,0,0,1,0,0,0
124,0,0,1,0,-8.791247e-08,0
125,0,0,1,0,1.100611e-06,0
126,0,0,1,0,1.132693e-06,0
127,0,0,1,0,1.078955e-06,0
128,0,0,1,0,9.425884e-07,0
129,0,0,1,0,7.408248e-07,0
130,0,0,1,0,4.993104e-07,0
131,0,0,1,0,2.529874e-07,0
132,0,0,1,0,4.341899e-08,0
133,0,0,1,0,-3.640441e-08,0
134,0,0,1,0,1.403236e-07,0
135,0,0,1,0,3.740422e-07,0
136,0,0,1,0,6.230322e-07,0
137,0,0,1,0,8.484861e-07,0
138,0,0,1,0,1.020287e-06,0
139,0,0,1,0,1.117247e-06,0
140,0,0,1,0,1.123757e-06,0
141,0,0,1,0,-8.710188e-08,0
142,0,0,1,0,8.840512e-07,0
143,0,0,1,0,1.033386e-06,0
144,0,0,1,0,1.059821e-06,0
145,0,0,1,0,9.589347e-07,0
146,0,0,1,0,7.641096e-07,0
147,0,0,1,0,5.171296e-07,0
148,0,0,1,0,2.627416e-07,0
149,0,0,1,0,4.690488e-08,0
150,0,0,1,0,-3.506507e-08,0
151,0,0,1,0,1.465264e-07,0
152,0,0,1,0,3.877256e-07,0
153,0,0,1,0,6.444161e-07,0
154,0,0,1,0,8.707987e-07,0
155,0,0,1,0,1.023654e-06,0
156,0,0,1,0,1.063832e-06,0
157,0,0,1,0,9.661129e-07,0
158,0,0,1,0,0,0
159,0,0,1,0,0,0
160,0,0,1,0,0,0
161,0,0,1,0,0,0
162,0,0,1,0,0,0
163,0,0,1,0,-1.791312e-07,0
164,0,0,1,0,-1.089628e-06,0
165,0,0,1,0,-1.254638e-06,0
166,0,0,1,0,-1.284121e-06,0
167,0,0,1,0,-1.186419e-06,0
168,0,0,1,0,-9.969214e-07,0
169,0,0,1,0,-7.572901e-07,0
170,0,0,1,0,-5.109207e-07,0
171,0,0,1,0,-3.017281e-07,0
172,0,0,1,0,-2.249050e-07,0
173,0,0,1,0,-3.985350e-07,0
174,0,0,1,0,-6.319222e-07,0
175,0,0,1,0,-8.806404e-07,0
176,0,0,1,0,-1.100599e-06,0
177,0,0,1,0,-1.249316e-06,0
178,0,0,1,0,-1.286823e-06,0
179,0,0,1,0,-1.186201e-06,0
180,0,0,1,0,-1.795145e-07,0
181,0,0,1,0,-1.360789e-06,0
182,0,0,1,0,-1.404241e-06,0
183,0,0,1,0,-1.350613e-06,0
184,0,0,1,0,-1.214508e-06,0
185,0,0,1,0,-1.011209e-06,0
186,0,0,1,0,-7.669555e-07,0
187,0,0,1,0,-5.175130e-07,0
188,0,0,1,0,-3.048772e-07,0
189,0,0,1,0,-2.263963e-07,0
190,0,0,1,0,-4.034383e-07,0
191,0,0,1,0,-6.401164e-07,0
192,0,0,1,0,-8.921116e-07,0
193,0,0,1,0,-1.119814e-06,0
194,0,0,1,0,-1.292279e-06,0
195,0,0,1,0,-1.388505e-06,0
196,0,0,1,0,-1.397431e-06,0
197,0,0,1,0,0,0
198,0,0,1,0,0,0
199,0,0,1,0,0,0
200,0,0,1,0,0,0
201,0,0,1,0,0,0
202,0,0,1,0,0,0
203,0,0,1,0,0,0
204,0,0,1,0,0,0
205,0,0,1,0,0,0
206,0,0,1,0,0,0
207,0,0,1,0,0,0
208,0,0,1,0,0,0
209,0,0,1,0,0,0
210,0,0,1,0,0,0
211,0,0,1,0,0,0
212,0,0,1,0,0,0
213,0,0,1,0,0,0
214,0,0,1,0,0,0
215,0,0,1,0,0,0
216,0,0,1,0,0,0
217,0,0,1,0,0,0
218,0,0,1,0,0,0
219,0,0,1,0,1.247666e-06,0
220,0,0,1,0,1.275835e-06,0
221,0,0,1,0,1.312865e-06,0
222,0,0,1,0,1.347664e-06,0
223,0,0,1,0,1.383226e-06,0
224,0,0,1,0,1.412714e-06,0
225,0,0,1,0,1.453863e-06,0
226,0,0,1,0,1.476439e-06,0
227,0,0,1,0,1.479086e-06,0
228,0,0,1,0,1.480930e-06,0
229,0,0,1,0,1.492195e-06,0
230,0,0,1,0,1.515934e-06,0
231,0,0,1,0,1.460492e-06,0
232,0,0,1,0,1.239077e-06,0
233,0,0,1,0,1.245501e-06,0
234,0,0,1,0,1.258575e-06,0
235,0,0,1,0,1.270220e-06,0
236,0,0,1,0,1.278917e-06,0
237,0,0,1,0,1.283993e-06,0
238,0,0,1,0,1.295200e-06,0
239,0,0,1,0,1.298400e-06,0
240,0,0,1,0,1.299676e-06,0
241,0,0,1,0,1.304967e-06,0
242,0,0,1,0,1.328632e-06,0
243,0,0,1,0,1.362065e-06,0
244,0,0,1,0,1.232729e-06,0
245,0,0,1,0,1.232694e-06,0
246,0,0,1,0,1.213549e-06,0
247,0,0,1,0,1.199714e-06,0
248,0,0,1,0,1.184710e-06,0
249,0,0,1,0,1.166742e-06,0
250,0,0,1,0,1.147276e-06,0
251,0,0,1,0,1.129367e-06,0
252,0,0,1,0,1.113778e-06,0
253,0,0,1,0,1.108020e-06,0
254,0,0,1,0,1.114047e-06,0
255,0,0,1,0,1.143424e-06,0
256,0,0,1,0,1.171251e-06,0
257,0,0,1,0,9.985490e-07,0
258,0,0,1,0,1.227387e-06,0
259,0,0,1,0,1.183150e-06,0
260,0,0,1,0,1.141161e-06,0
261,0,0,1,0,1.099055e-06,0
262,0,0,1,0,1.053569e-06,0
263,0,0,1,0,1.011024e-06,0
264,0,0,1,0,9.637286e-07,0
265,0,0,1,0,9.300907e-07,0
266,0,0,1,0,9.095115e-07,0
267,0,0,1,0,9.086322e-07,0
268,0,0,1,0,9.283917e-07,0
269,0,0,1,0,9.422710e-07,0
270,0,0,1,0,7.421916e-07,0
271,0,0,1,0,1.219277e-06,0
272,0,0,1,0,1.156738e-06,0
273,0,0,1,0,1.087136e-06,0
274,0,0,1,0,1.019704e-06,0
275,0,0,1,0,9.431222e-07,0
276,0,0,1,0,8.819390e-07,0
277,0,0,1,0,8.004290e-07,0
278,0,0,1,0,7.505520e-07,0
279,0,0,1,0,7.027352e-07,0
280,0,0,1,0,6.881125e-07,0
281,0,0,1,0,6.762388e-07,0
282,0,0,1,0,6.693738e-07,0
283,0,0,1,0,4.553560e-07,0
284,0,0,1,0,1.079730e-06,0
285,0,0,1,0,1.035658e-06,0
286,0,0,1,0,9.863968e-07,0
287,0,0,1,0,9.334265e-07,0
288,0,0,1,0,8.594853e-07,0
289,0,0,1,0,7.801978e-07,0
290,0,0,1,0,7.033819e-07,0
291,0,0,1,0,6.107154e-07,0
292,0,0,1,0,4.982508e-07,0
293,0,0,1,0,3.923849e-07,0
294,0,0,1,0,3.047935e-07,0
295,0,0,1,0,2.331442e-07,0
296,0,0,1,0,8.507642e-08,0
297,0,0,1,0,1.073305e-06,0
298,0,0,1,0,1.049576e-06,0
299,0,0,1,0,1.028381e-06,0
300,0,0,1,0,1.002512e-06,0
301,0,0,1,0,9.655345e-07,0
302,0,0,1,0,9.222200e-07,0
303,0,0,1,0,8.806370e-07,0
304,0,0,1,0,8.301734e-07,0
305,0,0,1,0,7.765356e-07,0
306,0,0,1,0,7.271334e-07,0
307,0,0,1,0,6.972814e-07,0
308,0,0,1,0,6.810302e-07,0
309,0,0,1,0,5.136918e-07,0
310,0,0,1,0,1.081852e-06,0
311,0,0,1,0,1.079647e-06,0
312,0,0,1,0,1.083399e-06,0
313,0,0,1,0,1.085261e-06,0
314,0,0,1,0,1.084320e-06,0
315,0,0,1,0,1.080194e-06,0
316,0,0,1,0,1.075982e-06,0
317,0,0,1,0,1.071859e-06,0
318,0,0,1,0,1.074361e-06,0
319,0,0,1,0,1.082647e-06,0
320,0,0,1,0,1.106579e-06,0
321,0,0,1,0,1.128319e-06,0
322,0,0,1,0,9.631628e-07,0
323,0,0,1,0,1.103091e-06,0
324,0,0,1,0,1.120833e-06,0
325,0,0,1,0,1.146835e-06,0
326,0,0,1,0,1.174459e-06,0
327,0,0,1,0,1.207829e-06,0
328,0,0,1,0,1.243264e-06,0
329,0,0,1,0,1.275322e-06,0
330,0,0,1,0,1.317432e-06,0
331,0,0,1,0,1.368407e-06,0
332,0,0,1,0,1.429388e-06,0
333,0,0,1,0,1.498388e-06,0
334,0,0,1,0,1.551200e-06,0
335,0,0,1,0,1.396371e-06,0
336,0,0,1,0,1.130734e-06,0
337,0,0,1,0,1.166437e-06,0
338,0,0,1,0,1.212896e-06,0
339,0,0,1,0,1.261040e-06,0
340,0,0,1,0,1.324659e-06,0
341,0,0,1,0,1.398611e-06,0
342,0,0,1,0,1.459155e-06,0
343,0,0,1,0,1.544154e-06,0
344,0,0,1,0,1.628113e-06,0
345,0,0,1,0,1.734664e-06,0
346,0,0,1,0,1.835211e-06,0
347,0,0,1,0,1.920819e-06,0
348,0,0,1,0,1.778739e-06,0
349,0,0,1,0,-1.686114e-07,0
350,0,0,1,0,-4.160511e-07,0
351,0,0,1,0,-5.675514e-07,0
352,0,0,1,0,-6.014965e-07,0
353,0,0,1,0,-5.047215e-07,0
354,0,0,1,0,-1.712058e-08,0
355,0,0,1,0,-2.960340e-07,0
356,0,0,1,0,-4.671159e-07,0
357,0,0,1,0,-5.068231e-07,0
358,0,0,1,0,-4.046885e-07,0
359,0,0,1,0,8.507172e-08,0
360,0,0,1,0,-1.618685e-07,0
361,0,0,1,0,-3.191125e-07,0
362,0,0,1,0,-3.560768e-07,0
363,0,0,1,0,-2.621942e-07,0
364,0,0,1,0,1.933977e-07,0
365,0,0,1,0,-1.440934e-08,0
366,0,0,1,0,-1.432627e-07,0
367,0,0,1,0,-1.701359e-07,0
368,0,0,1,0,-8.751924e-08,0
369,0,0,1,0,2.851205e-07,0
370,0,0,1,0,1.257309e-07,0
371,0,0,1,0,2.970944e-08,0
372,0,0,1,0,1.754505e-08,0
373,0,0,1,0,9.403188e-08,0
374,0,0,1,0,4.020536e-07,0
375,0,0,1,0,2.722341e-07,0
376,0,0,1,0,2.013484e-07,0
377,0,0,1,0,2.023389e-07,0
378,0,0,1,0,2.781294e-07,0
379,0,0,1,0,5.130626e-07,0
380,0,0,1,0,4.192640e-07,0
381,0,0,1,0,3.693883e-07,0
382,0,0,1,0,3.743891e-07,0
383,0,0,1,0,4.362019e-07,0
384,0,0,1,0,6.516690e-07,0
385,0,0,1,0,5.716516e-07,0
386,0,0,1,0,5.298294e-07,0
387,0,0,1,0,5.309057e-07,0
388,0,0,1,0,5.753789e-07,0
389,0,0,1,0,7.621478e-07,0
390,0,0,1,0,7.073322e-07,0
391,0,0,1,0,6.776757e-07,0
392,0,0,1,0,6.783674e-07,0
393,0,0,1,0,7.097429e-07,0
394,0,0,1,0,8.864889e-07,0
395,0,0,1,0,8.402853e-07,0
396,0,0,1,0,8.159407e-07,0
397,0,0,1,0,8.155198e-07,0
398,0,0,1,0,8.386021e-07,0
399,0,0,1,0,9.909315e-07,0
400,0,0,1,0,9.547587e-07,0
401,0,0,1,0,9.331832e-07,0
402,0,0,1,0,9.272265e-07,0
403,0,0,1,0,9.363501e-07,0
404,0,0,1,0,1.094696e-06,0
405,0,0,1,0,1.061836e-06,0
406,0,0,1,0,1.040622e-06,0
407,0,0,1,0,1.030575e-06,0
408,0,0,1,0,1.030700e-06,0
409,0,0,1,0,1.183377e-06,0
410,0,0,1,0,1.160470e-06,0
411,0,0,1,0,1.142032e-06,0
412,0,0,1,0,1.126981e-06,0
413,0,0,1,0,1.112107e-06,0
414,0,0,1,0,2.251127e-06,0
415,0,0,1,0,2.300590e-06,0
416,0,0,1,0,2.246717e-06,0
417,0,0,1,0,2.116749e-06,0
418,0,0,1,0,1.946874e-06,0
419,0,0,1,0,2.330049e-06,0
420,0,0,1,0,2.332662e-06,0
421,0,0,1,0,2.237222e-06,0
422,0,0,1,0,2.061860e-06,0
423,0,0,1,0,1.860630e-06,0
424,0,0,1,0,2.195616e-06,0
425,0,0,1,0,2.192675e-06,0
426,0,0,1,0,2.107945e-06,0
427,0,0,1,0,1.972671e-06,0
428,0,0,1,0,1.814949e-06,0
429,0,0,1,0,2.064510e-06,0
430,0,0,1,0,2.070178e-06,0
431,0,0,1,0,2.014100e-06,0
432,0,0,1,0,1.917454e-06,0
433,0,0,1,0,1.793304e-06,0
434,0,0,1,0,1.936594e-06,0
435,0,0,1,0,1.966645e-06,0
436,0,0,1,0,1.939675e-06,0
437,0,0,1,0,1.873179e-06,0
438,0,0,1,0,1.774275e-06,0
439,0,0,1,0,1.830632e-06,0
440,0,0,1,0,1.869906e-06,0
441,0,0,1,0,1.863529e-06,0
442,0,0,1,0,1.821310e-06,0
443,0,0,1,0,1.747554e-06,0
444,0,0,1,0,1.718529e-06,0
445,0,0,1,0,1.772502e-06,0
446,0,0,1,0,1.781927e-06,0
447,0,0,1,0,1.754530e-06,0
448,0,0,1,0,1.693491e-06,0
449,0,0,1,0,1.623770e-06,0
450,0,0,1,0,1.673860e-06,0
451,0,0,1,0,1.687658e-06,0
452,0,0,1,0,1.666840e-06,0
453,0,0,1,0,1.612799e-06,0
454,0,0,1,0,1.513829e-06,0
455,0,0,1,0,1.568276e-06,0
456,0,0,1,0,1.589928e-06,0
457,0,0,1,0,1.580654e-06,0
458,0,0,1,0,1.541601e-06,0
459,0,0,1,0,1.411472e-06,0
460,0,0,1,0,1.462781e-06,0
461,0,0,1,0,1.488495e-06,0
462,0,0,1,0,1.487830e-06,0
463,0,0,1,0,1.460919e-06,0
464,0,0,1,0,1.331028e-06,0
465,0,0,1,0,1.372332e-06,0
466,0,0,1,0,1.396877e-06,0
467,0,0,1,0,1.402314e-06,0
468,0,0,1,0,1.388782e-06,0
469,0,0,1,0,1.251135e-06,0
470,0,0,1,0,1.285031e-06,0
471,0,0,1,0,1.308402e-06,0
472,0,0,1,0,1.318685e-06,0
473,0,0,1,0,1.314886e-06,0
474,0,0,1,0,1.186206e-06,0
475,0,0,1,0,1.210558e-06,0
476,0,0,1,0,1.232137e-06,0
477,0,0,1,0,1.248174e-06,0
478,0,0,1,0,1.255587e-06,0
479,0,0,1,0,1.654282e-06,0
480,0,0,1,0,4.276999e-06,0
481,0,0,1,0,3.175802e-06,0
482,0,0,1,0,5.731824e-06,0
483,0,0,1,0,4.278711e-06,0
484,0,0,1,0,2.251642e-06,0
485,0,0,1,0,1.631588e-06,0
486,0,0,1,0,2.205206e-06,0
487,0,0,1,0,1.044424e-06,0
488,0,0,1,0,1.756608e-06,0
489,0,0,1,0,4.237088e-06,0
490,0,0,1,0,3.233873e-06,0
491,0,0,1,0,5.635357e-06,0
492,0,0,1,0,4.281942e-06,0
493,0,0,1,0,2.286158e-06,0
494,0,0,1,0,1.787283e-06,0
495,0,0,1,0,2.362052e-06,0
496,0,0,1,0,1.191757e-06,0
497,0,0,1,0,1.608357e-06,0
498,0,0,1,0,5.584970e-06,0
499,0,0,1,0,4.157713e-06,0
500,0,0,1,0,4.153970e-06,0
501,0,0,1,0,3.088157e-06,0
502,0,0,1,0,2.203814e-06,0
503,0,0,1,0,1.586709e-06,0
504,0,0,1,0,2.160426e-06,0
505,0,0,1,0,1.005563e-06,0
506,0,0,1,0,1.745706e-06,0
507,0,0,1,0,4.292239e-06,0
508,0,0,1,0,3.239626e-06,0
509,0,0,1,0,5.675310e-06,0
510,0,0,1,0,4.272979e-06,0
511,0,0,1,0,2.290713e-06,0
512,0,0,1,0,1.781069e-06,0
513,0,0,1,0,2.362199e-06,0
514,0,0,1,0,1.178429e-06,0
515,0,0,1,0,-7.662608e-08,0
516,0,0,1,0,-1.114382e-08,0
517,0,0,1,0,8.415901e-08,0
518,0,0,1,0,2.030177e-07,0
519,0,0,1,0,3.412060e-07,0
520,0,0,1,0,4.907490e-07,0
521,0,0,1,0,6.459073e-07,0
522,0,0,1,0,8.001908e-07,0
523,0,0,1,0,9.482599e-07,0
524,0,0,1,0,1.085206e-06,0
525,0,0,1,0,1.206757e-06,0
526,0,0,1,0,1.308967e-06,0
527,0,0,1,0,1.387642e-06,0
528,0,0,1,0,1.438531e-06,0
529,0,0,1,0,1.455136e-06,0
530,0,0,1,0,1.428937e-06,0
531,0,0,1,0,1.364926e-06,0
532,0,0,1,0,-6.906335e-08,0
533,0,0,1,0,4.977423e-09,0
534,0,0,1,0,1.099916e-07,0
535,0,0,1,0,2.426123e-07,0
536,0,0,1,0,3.969748e-07,0
537,0,0,1,0,5.646444e-07,0
538,0,0,1,0,7.388944e-07,0
539,0,0,1,0,9.127116e-07,0
540,0,0,1,0,1.080062e-06,0
541,0,0,1,0,1.235444e-06,0
542,0,0,1,0,1.373817e-06,0
543,0,0,1,0,1.490241e-06,0
544,0,0,1,0,1.579189e-06,0
545,0,0,1,0,1.634279e-06,0
546,0,0,1,0,1.646817e-06,0
547,0,0,1,0,1.604496e-06,0
548,0,0,1,0,1.508458e-06,0
549,0,0,1,0,-6.649498e-08,0
550,0,0,1,0,1.035650e-08,0
551,0,0,1,0,1.187963e-07,0
552,0,0,1,0,2.562386e-07,0
553,0,0,1,0,4.163302e-07,0
554,0,0,1,0,5.904363e-07,0
555,0,0,1,0,7.714691e-07,0
556,0,0,1,0,9.521255e-07,0
557,0,0,1,0,1.125964e-06,0
558,0,0,1,0,1.287050e-06,0
559,0,0,1,0,1.429728e-06,0
560,0,0,1,0,1.548351e-06,0
561,0,0,1,0,1.636526e-06,0
562,0,0,1,0,1.686947e-06,0
563,0,0,1,0,1.690608e-06,0
564,0,0,1,0,1.635408e-06,0
565,0,0,1,0,1.523190e-06,0
566,0,0,1,0,-6.925557e-08,0
567,0,0,1,0,4.777771e-09,0
568,0,0,1,0,1.102810e-07,0
569,0,0,1,0,2.435434e-07,0
570,0,0,1,0,3.987744e-07,0
571,0,0,1,0,5.674225e-07,0
572,0,0,1,0,7.426772e-07,0
573,0,0,1,0,9.172038e-07,0
574,0,0,1,0,1.084476e-06,0
575,0,0,1,0,1.238367e-06,0
576,0,0,1,0,1.372859e-06,0
577,0,0,1,0,1.482020e-06,0
578,0,0,1,0,1.559213e-06,0
579,0,0,1,0,1.597432e-06,0
580,0,0,1,0,1.589130e-06,0
581,0,0,1,0,1.525222e-06,0
582,0,0,1,0,1.416144e-06,0
583,0,0,1,0,-7.664120e-08,0
584,0,0,1,0,-1.094889e-08,0
585,0,0,1,0,8.559949e-08,0
586,0,0,1,0,2.060539e-07,0
587,0,0,1,0,3.463550e-07,0
588,0,0,1,0,4.982547e-07,0
589,0,0,1,0,6.558649e-07,0
590,0,0,1,0,8.120975e-07,0
591,0,0,1,0,9.607247e-07,0
592,0,0,1,0,1.095765e-06,0
593,0,0,1,0,1.211205e-06,0
594,0,0,1,0,1.301365e-06,0
595,0,0,1,0,1.360030e-06,0
596,0,0,1,0,1.381549e-06,0
597,0,0,1,0,1.360640e-06,0
598,0,0,1,0,1.292119e-06,0
599,0,0,1,0,1.192896e-06,0
600,0,0,1,0,-1.907147e-07,0
601,0,0,1,0,-2.494482e-07,0
602,0,0,1,0,-3.430668e-07,0
603,0,0,1,0,-4.620739e-07,0
604,0,0,1,0,-5.997235e-07,0
605,0,0,1,0,-7.481916e-07,0
606,0,0,1,0,-9.011657e-07,0
607,0,0,1,0,-1.051022e-06,0
608,0,0,1,0,-1.190993e-06,0
609,0,0,1,0,-1.314152e-06,0
610,0,0,1,0,-1.413990e-06,0
611,0,0,1,0,-1.484587e-06,0
612,0,0,1,0,-1.520935e-06,0
613,0,0,1,0,-1.520369e-06,0
614,0,0,1,0,-1.483638e-06,0
615,0,0,1,0,-1.417815e-06,0
616,0,0,1,0,-1.333045e-06,0
617,0,0,1,0,-1.974443e-07,0
618,0,0,1,0,-2.649873e-07,0
619,0,0,1,0,-3.695306e-07,0
620,0,0,1,0,-5.025301e-07,0
621,0,0,1,0,-6.560781e-07,0
622,0,0,1,0,-8.217828e-07,0
623,0,0,1,0,-9.920182e-07,0
624,0,0,1,0,-1.158392e-06,0
625,0,0,1,0,-1.313113e-06,0
626,0,0,1,0,-1.448487e-06,0
627,0,0,1,0,-1.557419e-06,0
628,0,0,1,0,-1.633778e-06,0
629,0,0,1,0,-1.673126e-06,0
630,0,0,1,0,-1.674349e-06,0
631,0,0,1,0,-1.640853e-06,0
632,0,0,1,0,-1.585010e-06,0
633,0,0,1,0,-1.517645e-06,0
634,0,0,1,0,-1.996246e-07,0
635,0,0,1,0,-2.706480e-07,0
636,0,0,1,0,-3.793889e-07,0
637,0,0,1,0,-5.176248e-07,0
638,0,0,1,0,-6.770506e-07,0
639,0,0,1,0,-8.490706e-07,0
640,0,0,1,0,-1.025602e-06,0
641,0,0,1,0,-1.198045e-06,0
642,0,0,1,0,-1.358371e-06,0
643,0,0,1,0,-1.498809e-06,0
644,0,0,1,0,-1.612369e-06,0
645,0,0,1,0,-1.693252e-06,0
646,0,0,1,0,-1.737763e-06,0
647,0,0,1,0,-1.745929e-06,0
648,0,0,1,0,-1.722301e-06,0
649,0,0,1,0,-1.679925e-06,0
650,0,0,1,0,-1.626395e-06,0
651,0,0,1,0,-1.973884e-07,0
652,0,0,1,0,-2.657866e-07,0
653,0,0,1,0,-3.714201e-07,0
654,0,0,1,0,-5.055806e-07,0
655,0,0,1,0,-6.602440e-07,0
656,0,0,1,0,-8.270179e-07,0
657,0,0,1,0,-9.982613e-07,0
658,0,0,1,0,-1.165774e-06,0
659,0,0,1,0,-1.322083e-06,0
660,0,0,1,0,-1.460031e-06,0
661,0,0,1,0,-1.573375e-06,0
662,0,0,1,0,-1.657056e-06,0
663,0,0,1,0,-1.708055e-06,0
664,0,0,1,0,-1.726773e-06,0
665,0,0,1,0,-1.716971e-06,0
666,0,0,1,0,-1.688564e-06,0
667,0,0,1,0,-1.641316e-06,0
668,0,0,1,0,-1.907023e-07,0
669,0,0,1,0,-2.507276e-07,0
670,0,0,1,0,-3.459965e-07,0
671,0,0,1,0,-4.667557e-07,0
672,0,0,1,0,-6.060723e-07,0
673,0,0,1,0,-7.561228e-07,0
674,0,0,1,0,-9.105674e-07,0
675,0,0,1,0,-1.062149e-06,0
676,0,0,1,0,-1.204665e-06,0
677,0,0,1,0,-1.332136e-06,0
678,0,0,1,0,-1.439574e-06,0
679,0,0,1,0,-1.522891e-06,0
680,0,0,1,0,-1.579487e-06,0
681,0,0,1,0,-1.609335e-06,0
682,0,0,1,0,-1.614023e-06,0
683,0,0,1,0,-1.598497e-06,0
684,0,0,1,0,-1.557269e-06,0
685,0,0,1,0,-1.011584e-07,0
686,0,0,1,0,-1.162160e-07,0
687,0,0,1,0,-1.328787e-07,0
688,0,0,1,0,-1.501613e-07,0
689,0,0,1,0,-1.663794e-07,0
690,0,0,1,0,-6.172986e-08,0
691,0,0,1,0,-9.330545e-08,0
692,0,0,1,0,-1.288823e-07,0
693,0,0,1,0,-1.652650e-07,0
694,0,0,1,0,-1.990321e-07,0
695,0,0,1,0,-6.312321e-09,0
696,0,0,1,0,-6.442252e-08,0
697,0,0,1,0,-1.280023e-07,0
698,0,0,1,0,-1.924670e-07,0
699,0,0,1,0,-2.529556e-07,0
700,0,0,1,0,6.201419e-08,0
701,0,0,1,0,-2.879877e-08,0
702,0,0,1,0,-1.276645e-07,0
703,0,0,1,0,-2.278058e-07,0
704,0,0,1,0,-3.220473e-07,0
705,0,0,1,0,1.411428e-07,0
706,0,0,1,0,1.233525e-08,0
707,0,0,1,0,-1.273886e-07,0
708,0,0,1,0,-2.687533e-07,0
709,0,0,1,0,-4.019530e-07,0
710,0,0,1,0,2.261581e-07,0
711,0,0,1,0,5.619123e-08,0
712,0,0,1,0,-1.278062e-07,0
713,0,0,1,0,-3.136536e-07,0
714,0,0,1,0,-4.885471e-07,0
715,0,0,1,0,3.134808e-07,0
716,0,0,1,0,1.005435e-07,0
717,0,0,1,0,-1.293457e-07,0
718,0,0,1,0,-3.609937e-07,0
719,0,0,1,0,-5.785762e-07,0
720,0,0,1,0,3.989542e-07,0
721,0,0,1,0,1.428786e-07,0
722,0,0,1,0,-1.326914e-07,0
723,0,0,1,0,-4.094295e-07,0
724,0,0,1,0,-6.685002e-07,0
725,0,0,1,0,4.790359e-07,0
726,0,0,1,0,1.808631e-07,0
727,0,0,1,0,-1.386521e-07,0
728,0,0,1,0,-4.580177e-07,0
729,0,0,1,0,-7.555568e-07,0
730,0,0,1,0,5.504681e-07,0
731,0,0,1,0,2.123261e-07,0
732,0,0,1,0,-1.480769e-07,0
733,0,0,1,0,-5.060321e-07,0
734,0,0,1,0,-8.372315e-07,0
735,0,0,1,0,6.106184e-07,0
736,0,0,1,0,2.355375e-07,0
737,0,0,1,0,-1.616261e-07,0
738,0,0,1,0,-5.528839e-07,0
739,0,0,1,0,-9.115404e-07,0
740,0,0,1,0,6.576469e-07,0
741,0,0,1,0,2.496222e-07,0
742,0,0,1,0,-1.792518e-07,0
743,0,0,1,0,-5.976066e-07,0
744,0,0,1,0,-9.765436e-07,0
745,0,0,1,0,6.907541e-07,0
746,0,0,1,0,2.551676e-07,0
747,0,0,1,0,-1.994562e-07,0
748,0,0,1,0,-6.382077e-07,0
749,0,0,1,0,-1.030005e-06,0
750,0,0,1,0,7.109640e-07,0
751,0,0,1,0,2.551583e-07,0
752,0,0,1,0,-2.182638e-07,0
753,0,0,1,0,-6.708737e-07,0
754,0,0,1,0,-1.069259e-06,0
755,0,0,1,0,7.205590e-07,0
756,0,0,1,0,2.552892e-07,0
757,0,0,1,0,-2.285870e-07,0
758,0,0,1,0,-6.891211e-07,0
759,0,0,1,0,-1.089910e-06,0
760,0,0,1,0,7.246545e-07,0
761,0,0,1,0,2.647961e-07,0
762,0,0,1,0,-2.197917e-07,0
763,0,0,1,0,-6.839407e-07,0
764,0,0,1,0,-1.086770e-06,0
765,0,0,1,0,7.342050e-07,0
766,0,0,1,0,2.960127e-07,0
767,0,0,1,0,-1.775571e-07,0
768,0,0,1,0,-6.414853e-07,0
769,0,0,1,0,-1.049167e-06,0
770,0,0,1,0,-1.652082e-07,0
771,0,0,1,0,-1.484171e-07,0
772,0,0,1,0,-1.308700e-07,0
773,0,0,1,0,-1.142751e-07,0
774,0,0,1,0,-9.959983e-08,0
775,0,0,1,0,-1.968304e-07,0
776,0,0,1,0,-1.623124e-07,0
777,0,0,1,0,-1.255194e-07,0
778,0,0,1,0,-9.002258e-08,0
779,0,0,1,0,-5.904719e-08,0
780,0,0,1,0,-2.490636e-07,0
781,0,0,1,0,-1.875038e-07,0
782,0,0,1,0,-1.223403e-07,0
783,0,0,1,0,-5.864361e-08,0
784,0,0,1,0,-1.092463e-09,0
785,0,0,1,0,-3.162425e-07,0
786,0,0,1,0,-2.204170e-07,0
787,0,0,1,0,-1.191004e-07,0
788,0,0,1,0,-1.978001e-08,0
789,0,0,1,0,7.055301e-08,0
790,0,0,1,0,-3.941544e-07,0
791,0,0,1,0,-2.586341e-07,0
792,0,0,1,0,-1.153991e-07,0
793,0,0,1,0,2.529244e-08,0
794,0,0,1,0,1.538139e-07,0
795,0,0,1,0,-4.787751e-07,0
796,0,0,1,0,-3.006739e-07,0
797,0,0,1,0,-1.121018e-07,0
798,0,0,1,0,7.349743e-08,0
799,0,0,1,0,2.434196e-07,0
800,0,0,1,0,-5.668730e-07,0
801,0,0,1,0,-3.451271e-07,0
802,0,0,1,0,-1.098533e-07,0
803,0,0,1,0,1.223073e-07,0
804,0,0,1,0,3.354815e-07,0
805,0,0,1,0,-6.546099e-07,0
806,0,0,1,0,-3.905963e-07,0
807,0,0,1,0,-1.095568e-07,0
808,0,0,1,0,1.687338e-07,0
809,0,0,1,0,4.251699e-07,0
810,0,0,1,0,-7.386687e-07,0
811,0,0,1,0,-4.359096e-07,0
812,0,0,1,0,-1.122197e-07,0
813,0,0,1,0,2.098250e-07,0
814,0,0,1,0,5.080058e-07,0
815,0,0,1,0,-8.156110e-07,0
816,0,0,1,0,-4.799017e-07,0
817,0,0,1,0,-1.188868e-07,0
818,0,0,1,0,2.426098e-07,0
819,0,0,1,0,5.795383e-07,0
820,0,0,1,0,-8.819830e-07,0
821,0,0,1,0,-5.212484e-07,0
822,0,0,1,0,-1.304022e-07,0
823,0,0,1,0,2.642833e-07,0
824,0,0,1,0,6.353796e-07,0
825,0,0,1,0,-9.340756e-07,0
826,0,0,1,0,-5.580891e-07,0
827,0,0,1,0,-1.469662e-07,0
828,0,0,1,0,2.726573e-07,0
829,0,0,1,0,6.717029e-07,0
830,0,0,1,0,-9.675345e-07,0
831,0,0,1,0,-5.874510e-07,0
832,0,0,1,0,-1.674589e-07,0
833,0,0,1,0,2.667495e-07,0
834,0,0,1,0,6.853943e-07,0
835,0,0,1,0,-9.775021e-07,0
836,0,0,1,0,-6.047020e-07,0
837,0,0,1,0,-1.885761e-07,0
838,0,0,1,0,2.477306e-07,0
839,0,0,1,0,6.751311e-07,0
840,0,0,1,0,-9.582953e-07,0
841,0,0,1,0,-6.028654e-07,0
842,0,0,1,0,-2.040744e-07,0
843,0,0,1,0,2.196052e-07,0
844,0,0,1,0,6.418869e-07,0
845,0,0,1,0,-9.030222e-07,0
846,0,0,1,0,-5.714490e-07,0
847,0,0,1,0,-2.031965e-07,0
848,0,0,1,0,1.902386e-07,0
849,0,0,1,0,5.888886e-07,0
850,0,0,1,0,-8.078386e-07,0
851,0,0,1,0,-4.969171e-07,0
852,0,0,1,0,-1.677749e-07,0
853,0,0,1,0,1.771549e-07,0
854,0,0,1,0,5.332144e-07,0
855,0,0,1,0,0,0
856,0,0,1,0,0,0
857,0,0,1,0,0,0
858,0,0,1,0,0,0
859,0,0,1,0,0,0
860,0,0,1,0,0,0
861,0,0,1,0,0,0
862,0,0,1,0,0,0
863,0,0,1,0,0,0
864,0,0,1,0,0,0
865,0,0,1,0,0,0
866,0,0,1,0,0,0
867,0,0,1,0,0,0
868,0,0,1,0,0,0
869,0,0,1,0,0,0
870,0,0,1,0,0,0
871,0,0,1,0,0,0
872,0,0,1,0,0,0
873,0,0,1,0,0,0
874,0,0,1,0,0,0
875,0,0,1,0,0,0
876,0,0,1,0,0,0
877,0,0,1,0,0,0
878,0,0,1,0,0,0
879,0,0,1,0,0,0
880,0,0,1,0,0,0
881,0,0,1,0,0,0
882,0,0,1,0,0,0
883,0,0,1,0,0,0
884,0,0,1,0,0,0
885,0,0,1,0,0,0
886,0,0,1,0,0,0
887,0,0,1,0,0,0
888,0,0,1,0,0,0
889,0,0,1,0,0,0
890,0,0,1,0,0,0
891,0,0,1,0,1.258600e-06,0
892,0,0,1,0,1.237256e-06,0
893,0,0,1,0,1.243215e-06,0
894,0,0,1,0,1.238053e-06,0
895,0,0,1,0,1.261276e-06,0
896,0,0,1,0,1.277915e-06,0
897,0,0,1,0,1.276393e-06,0
898,0,0,1,0,1.294709e-06,0
899,0,0,1,0,1.326690e-06,0
900,0,0,1,0,1.328368e-06,0
901,0,0,1,0,1.331767e-06,0
902,0,0,1,0,1.370657e-06,0
903,0,0,1,0,1.385569e-06,0
904,0,0,1,0,1.366929e-06,0
905,0,0,1,0,1.420740e-06,0
906,0,0,1,0,1.445097e-06,0
907,0,0,1,0,1.398428e-06,0
908,0,0,1,0,1.461203e-06,0
909,0,0,1,0,1.501471e-06,0
910,0,0,1,0,1.431035e-06,0
911,0,0,1,0,1.515384e-06,0
912,0,0,1,0,1.557797e-06,0
913,0,0,1,0,1.469910e-06,0
914,0,0,1,0,1.548433e-06,0
915,0,0,1,0,1.629161e-06,0
916,0,0,1,0,1.477427e-06,0
917,0,0,1,0,1.552562e-06,0
918,0,0,1,0,1.638221e-06,0
919,0,0,1,0,1.480158e-06,0
920,0,0,1,0,1.554486e-06,0
921,0,0,1,0,1.644933e-06,0
922,0,0,1,0,1.483899e-06,0
923,0,0,1,0,1.561504e-06,0
924,0,0,1,0,1.648447e-06,0
925,0,0,1,0,1.507656e-06,0
926,0,0,1,0,1.581019e-06,0
927,0,0,1,0,1.661935e-06,0
928,0,0,1,0,1.493787e-06,0
929,0,0,1,0,1.573827e-06,0
930,0,0,1,0,1.698680e-06,0
931,0,0,1,0,1.396850e-06,0
932,0,0,1,0,9.951293e-07,0
933,0,0,1,0,1.678385e-06,0
934,0,0,1,0,1.143336e-06,0
935,0,0,1,0,1.239310e-06,0
936,0,0,1,0,1.232404e-06,0
937,0,0,1,0,1.240784e-06,0
938,0,0,1,0,1.250802e-06,0
939,0,0,1,0,1.251710e-06,0
940,0,0,1,0,1.276553e-06,0
941,0,0,1,0,1.265729e-06,0
942,0,0,1,0,1.300534e-06,0
943,0,0,1,0,1.275111e-06,0
944,0,0,1,0,1.322745e-06,0
945,0,0,1,0,1.281728e-06,0
946,0,0,1,0,1.340491e-06,0
947,0,0,1,0,1.289254e-06,0
948,0,0,1,0,1.366726e-06,0
949,0,0,1,0,1.298559e-06,0
950,0,0,1,0,1.379520e-06,0
951,0,0,1,0,1.298165e-06,0
952,0,0,1,0,1.382230e-06,0
953,0,0,1,0,1.301916e-06,0
954,0,0,1,0,1.385852e-06,0
955,0,0,1,0,1.312538e-06,0
956,0,0,1,0,1.402590e-06,0
957,0,0,1,0,1.354154e-06,0
958,0,0,1,0,1.435925e-06,0
959,0,0,1,0,1.302528e-06,0
960,0,0,1,0,1.337161e-06,0
961,0,0,1,0,1.137405e-06,0
962,0,0,1,0,7.029752e-07,0
963,0,0,1,0,9.516624e-07,0
964,0,0,1,0,1.246620e-06,0
965,0,0,1,0,1.226160e-06,0
966,0,0,1,0,1.220996e-06,0
967,0,0,1,0,1.219646e-06,0
968,0,0,1,0,1.205663e-06,0
969,0,0,1,0,1.219684e-06,0
970,0,0,1,0,1.193076e-06,0
971,0,0,1,0,1.218442e-06,0
972,0,0,1,0,1.175345e-06,0
973,0,0,1,0,1.213887e-06,0
974,0,0,1,0,1.157218e-06,0
975,0,0,1,0,1.206880e-06,0
976,0,0,1,0,1.137475e-06,0
977,0,0,1,0,1.203459e-06,0
978,0,0,1,0,1.121451e-06,0
979,0,0,1,0,1.197270e-06,0
980,0,0,1,0,1.108735e-06,0
981,0,0,1,0,1.196011e-06,0
982,0,0,1,0,1.110177e-06,0
983,0,0,1,0,1.202611e-06,0
984,0,0,1,0,1.123952e-06,0
985,0,0,1,0,1.230185e-06,0
986,0,0,1,0,1.171464e-06,0
987,0,0,1,0,1.264825e-06,0
988,0,0,1,0,1.092474e-06,0
989,0,0,1,0,1.109583e-06,0
990,0,0,1,0,8.788481e-07,0
991,0,0,1,0,4.191902e-07,0
992,0,0,1,0,9.747009e-07,0
993,0,0,1,0,1.252634e-06,0
994,0,0,1,0,1.220736e-06,0
995,0,0,1,0,1.202673e-06,0
996,0,0,1,0,1.188274e-06,0
997,0,0,1,0,1.160575e-06,0
998,0,0,1,0,1.160642e-06,0
999,0,0,1,0,1.119942e-06,0
1000,0,0,1,0,1.132187e-06,0
1001,0,0,1,0,1.074069e-06,0
1002,0,0,1,0,1.100641e-06,0
1003,0,0,1,0,1.032173e-06,0
1004,0,0,1,0,1.069404e-06,0
1005,0,0,1,0,9.849918e-07,0
1006,0,0,1,0,1.037083e-06,0
1007,0,0,1,0,9.453608e-07,0
1008,0,0,1,0,1.012472e-06,0
1009,0,0,1,0,9.161203e-07,0
1010,0,0,1,0,1.000587e-06,0
1011,0,0,1,0,9.075758e-07,0
1012,0,0,1,0,1.004440e-06,0
1013,0,0,1,0,9.133501e-07,0
1014,0,0,1,0,1.030964e-06,0
1015,0,0,1,0,9.503587e-07,0
1016,0,0,1,0,1.055482e-06,0
1017,0,0,1,0,8.518872e-07,0
1018,0,0,1,0,8.660560e-07,0
1019,0,0,1,0,6.063363e-07,0
1020,0,0,1,0,1.357358e-07,0
1021,0,0,1,0,1.195388e-06,0
1022,0,0,1,0,1.253287e-06,0
1023,0,0,1,0,1.214049e-06,0
1024,0,0,1,0,1.186804e-06,0
1025,0,0,1,0,1.159677e-06,0
1026,0,0,1,0,1.120215e-06,0
1027,0,0,1,0,1.103914e-06,0
1028,0,0,1,0,1.052595e-06,0
1029,0,0,1,0,1.048801e-06,0
1030,0,0,1,0,9.792689e-07,0
1031,0,0,1,0,9.880698e-07,0
1032,0,0,1,0,9.146790e-07,0
1033,0,0,1,0,9.356668e-07,0
1034,0,0,1,0,8.406579e-07,0
1035,0,0,1,0,8.723255e-07,0
1036,0,0,1,0,7.753349e-07,0
1037,0,0,1,0,8.303645e-07,0
1038,0,0,1,0,7.251599e-07,0
1039,0,0,1,0,7.982168e-07,0
1040,0,0,1,0,6.957412e-07,0
1041,0,0,1,0,7.913270e-07,0
1042,0,0,1,0,6.803546e-07,0
1043,0,0,1,0,7.980283e-07,0
1044,0,0,1,0,6.866339e-07,0
1045,0,0,1,0,8.054382e-07,0
1046,0,0,1,0,5.742575e-07,0
1047,0,0,1,0,5.953037e-07,0
1048,0,0,1,0,3.136065e-07,0
1049,0,0,1,0,-1.543490e-07,0
1050,0,0,1,0,1.322686e-06,0
1051,0,0,1,0,1.248183e-06,0
1052,0,0,1,0,1.206116e-06,0
1053,0,0,1,0,1.170695e-06,0
1054,0,0,1,0,1.137608e-06,0
1055,0,0,1,0,1.085817e-06,0
1056,0,0,1,0,1.053399e-06,0
1057,0,0,1,0,9.957542e-07,0
1058,0,0,1,0,9.764277e-07,0
1059,0,0,1,0,8.959290e-07,0
1060,0,0,1,0,8.844510e-07,0
1061,0,0,1,0,8.027507e-07,0
1062,0,0,1,0,8.183494e-07,0
1063,0,0,1,0,7.024560e-07,0
1064,0,0,1,0,7.151603e-07,0
1065,0,0,1,0,6.056807e-07,0
1066,0,0,1,0,6.592903e-07,0
1067,0,0,1,0,5.286140e-07,0
1068,0,0,1,0,5.898937e-07,0
1069,0,0,1,0,4.655787e-07,0
1070,0,0,1,0,5.686010e-07,0
1071,0,0,1,0,4.156560e-07,0
1072,0,0,1,0,5.280018e-07,0
1073,0,0,1,0,3.681937e-07,0
1074,0,0,1,0,5.112161e-07,0
1075,0,0,1,0,2.464285e-07,0
1076,0,0,1,0,2.901528e-07,0
1077,0,0,1,0,1.045192e-08,0
1078,0,0,1,0,-4.485971e-07,0
1079,0,0,1,0,1.181588e-06,0
1080,0,0,1,0,1.104589e-06,0
1081,0,0,1,0,1.079395e-06,0
1082,0,0,1,0,1.132619e-06,0
1083,0,0,1,0,1.056314e-06,0
1084,0,0,1,0,1.026537e-06,0
1085,0,0,1,0,1.067420e-06,0
1086,0,0,1,0,1.010146e-06,0
1087,0,0,1,0,9.615670e-07,0
1088,0,0,1,0,9.976070e-07,0
1089,0,0,1,0,9.603438e-07,0
1090,0,0,1,0,8.974683e-07,0
1091,0,0,1,0,9.217324e-07,0
1092,0,0,1,0,8.965490e-07,0
1093,0,0,1,0,8.041507e-07,0
1094,0,0,1,0,8.282466e-07,0
1095,0,0,1,0,8.192196e-07,0
1096,0,0,1,0,7.089746e-07,0
1097,0,0,1,0,7.161614e-07,0
1098,0,0,1,0,7.385194e-07,0
1099,0,0,1,0,6.131406e-07,0
1100,0,0,1,0,6.012726e-07,0
1101,0,0,1,0,6.609785e-07,0
1102,0,0,1,0,5.032071e-07,0
1103,0,0,1,0,4.977984e-07,0
1104,0,0,1,0,5.531475e-07,0
1105,0,0,1,0,3.637425e-07,0
1106,0,0,1,0,3.364745e-07,0
1107,0,0,1,0,4.440212e-07,0
1108,0,0,1,0,2.332222e-07,0
1109,0,0,1,0,1.788254e-07,0
1110,0,0,1,0,3.444349e-07,0
1111,0,0,1,0,1.183027e-07,0
1112,0,0,1,0,3.055892e-08,0
1113,0,0,1,0,2.728697e-07,0
1114,0,0,1,0,1.843661e-08,0
1115,0,0,1,0,-9.753443e-08,0
1116,0,0,1,0,1.613234e-07,0
1117,0,0,1,0,-1.142379e-07,0
1118,0,0,1,0,-2.159056e-07,0
1119,0,0,1,0,-1.094657e-08,0
1120,0,0,1,0,-7.641349e-07,0
1121,0,0,1,0,-3.457981e-07,0
1122,0,0,1,0,1.025913e-06,0
1123,0,0,1,0,1.088051e-06,0
1124,0,0,1,0,1.064317e-06,0
1125,0,0,1,0,1.059546e-06,0
1126,0,0,1,0,1.030634e-06,0
1127,0,0,1,0,1.038284e-06,0
1128,0,0,1,0,9.959316e-07,0
1129,0,0,1,0,1.016477e-06,0
1130,0,0,1,0,9.565264e-07,0
1131,0,0,1,0,9.841796e-07,0
1132,0,0,1,0,9.010760e-07,0
1133,0,0,1,0,9.438301e-07,0
1134,0,0,1,0,8.395882e-07,0
1135,0,0,1,0,9.008156e-07,0
1136,0,0,1,0,7.800385e-07,0
1137,0,0,1,0,8.569343e-07,0
1138,0,0,1,0,7.076863e-07,0
1139,0,0,1,0,8.022983e-07,0
1140,0,0,1,0,6.248107e-07,0
1141,0,0,1,0,7.511661e-07,0
1142,0,0,1,0,5.467309e-07,0
1143,0,0,1,0,7.074731e-07,0
1144,0,0,1,0,4.871979e-07,0
1145,0,0,1,0,6.970268e-07,0
1146,0,0,1,0,4.484210e-07,0
1147,0,0,1,0,6.008712e-07,0
1148,0,0,1,0,2.857788e-07,0
1149,0,0,1,0,4.048500e-07,0
1150,0,0,1,0,-3.975898e-07,0
1151,0,0,1,0,7.987383e-07,0
1152,0,0,1,0,1.087776e-06,0
1153,0,0,1,0,1.066376e-06,0
1154,0,0,1,0,1.078899e-06,0
1155,0,0,1,0,1.053059e-06,0
1156,0,0,1,0,1.080998e-06,0
1157,0,0,1,0,1.044831e-06,0
1158,0,0,1,0,1.085707e-06,0
1159,0,0,1,0,1.033168e-06,0
1160,0,0,1,0,1.084931e-06,0
1161,0,0,1,0,1.014370e-06,0
1162,0,0,1,0,1.082909e-06,0
1163,0,0,1,0,9.907323e-07,0
1164,0,0,1,0,1.077662e-06,0
1165,0,0,1,0,9.677150e-07,0
1166,0,0,1,0,1.074167e-06,0
1167,0,0,1,0,9.402848e-07,0
1168,0,0,1,0,1.071564e-06,0
1169,0,0,1,0,9.155027e-07,0
1170,0,0,1,0,1.078616e-06,0
1171,0,0,1,0,8.954806e-07,0
1172,0,0,1,0,1.090687e-06,0
1173,0,0,1,0,8.928643e-07,0
1174,0,0,1,0,1.130472e-06,0
1175,0,0,1,0,8.998409e-07,0
1176,0,0,1,0,1.051378e-06,0
1177,0,0,1,0,7.305295e-07,0
1178,0,0,1,0,8.504430e-07,0
1179,0,0,1,0,3.171166e-08,0
1180,0,0,1,0,7.917337e-07,0
1181,0,0,1,0,1.098680e-06,0
1182,0,0,1,0,1.081375e-06,0
1183,0,0,1,0,1.110256e-06,0
1184,0,0,1,0,1.089015e-06,0
1185,0,0,1,0,1.133446e-06,0
1186,0,0,1,0,1.104554e-06,0
1187,0,0,1,0,1.161729e-06,0
1188,0,0,1,0,1.119873e-06,0
1189,0,0,1,0,1.190313e-06,0
1190,0,0,1,0,1.136531e-06,0
1191,0,0,1,0,1.226598e-06,0
1192,0,0,1,0,1.152357e-06,0
1193,0,0,1,0,1.258009e-06,0
1194,0,0,1,0,1.166879e-06,0
1195,0,0,1,0,1.295728e-06,0
1196,0,0,1,0,1.186266e-06,0
1197,0,0,1,0,1.340441e-06,0
1198,0,0,1,0,1.214515e-06,0
1199,0,0,1,0,1.399121e-06,0
1200,0,0,1,0,1.250301e-06,0
1201,0,0,1,0,1.460586e-06,0
1202,0,0,1,0,1.297606e-06,0
1203,0,0,1,0,1.540184e-06,0
1204,0,0,1,0,1.337856e-06,0
1205,0,0,1,0,1.481470e-06,0
1206,0,0,1,0,1.175873e-06,0
1207,0,0,1,0,1.285408e-06,0
1208,0,0,1,0,4.789581e-07,0
1209,0,0,1,0,1.005093e-06,0
1210,0,0,1,0,1.116727e-06,0
1211,0,0,1,0,1.105961e-06,0
1212,0,0,1,0,1.148654e-06,0
1213,0,0,1,0,1.132872e-06,0
1214,0,0,1,0,1.189856e-06,0
1215,0,0,1,0,1.169714e-06,0
1216,0,0,1,0,1.237929e-06,0
1217,0,0,1,0,1.208305e-06,0
1218,0,0,1,0,1.293026e-06,0
1219,0,0,1,0,1.257517e-06,0
1220,0,0,1,0,1.365593e-06,0
1221,0,0,1,0,1.312594e-06,0
1222,0,0,1,0,1.430143e-06,0
1223,0,0,1,0,1.360624e-06,0
1224,0,0,1,0,1.502858e-06,0
1225,0,0,1,0,1.424876e-06,0
1226,0,0,1,0,1.586159e-06,0
1227,0,0,1,0,1.495050e-06,0
1228,0,0,1,0,1.683461e-06,0
1229,0,0,1,0,1.580069e-06,0
1230,0,0,1,0,1.784810e-06,0
1231,0,0,1,0,1.666430e-06,0
1232,0,0,1,0,1.896062e-06,0
1233,0,0,1,0,1.737811e-06,0
1234,0,0,1,0,1.861725e-06,0
1235,0,0,1,0,1.588474e-06,0
1236,0,0,1,0,1.672143e-06,0
1237,0,0,1,0,9.033563e-07,0
1238,0,0,1,0,1.143504e-06,0
1239,0,0,1,0,1.139338e-06,0
1240,0,0,1,0,1.137121e-06,0
1241,0,0,1,0,1.184172e-06,0
1242,0,0,1,0,1.177945e-06,0
1243,0,0,1,0,1.242696e-06,0
1244,0,0,1,0,1.234930e-06,0
1245,0,0,1,0,1.308410e-06,0
1246,0,0,1,0,1.290503e-06,0
1247,0,0,1,0,1.385773e-06,0
1248,0,0,1,0,1.371069e-06,0
1249,0,0,1,0,1.484772e-06,0
1250,0,0,1,0,1.464581e-06,0
1251,0,0,1,0,1.576274e-06,0
1252,0,0,1,0,1.533757e-06,0
1253,0,0,1,0,1.672007e-06,0
1254,0,0,1,0,1.638803e-06,0
1255,0,0,1,0,1.780626e-06,0
1256,0,0,1,0,1.729402e-06,0
1257,0,0,1,0,1.898529e-06,0
1258,0,0,1,0,1.857382e-06,0
1259,0,0,1,0,2.026441e-06,0
1260,0,0,1,0,1.963723e-06,0
1261,0,0,1,0,2.161149e-06,0
1262,0,0,1,0,2.072370e-06,0
1263,0,0,1,0,2.151442e-06,0
1264,0,0,1,0,1.928847e-06,0
1265,0,0,1,0,1.980303e-06,0
1266,0,0,1,0,1.266240e-06,0
1267,0,0,1,0,-2.967525e-08,0
1268,0,0,1,0,-2.649556e-07,0
1269,0,0,1,0,-7.205336e-07,0
1270,0,0,1,0,-3.088200e-07,0
1271,0,0,1,0,-4.844748e-07,0
1272,0,0,1,0,-9.590656e-07,0
1273,0,0,1,0,-5.129484e-07,0
1274,0,0,1,0,-6.177827e-07,0
1275,0,0,1,0,-1.127804e-06,0
1276,0,0,1,0,-6.072694e-07,0
1277,0,0,1,0,-6.408787e-07,0
1278,0,0,1,0,-1.192031e-06,0
1279,0,0,1,0,-5.762318e-07,0
1280,0,0,1,0,-5.544960e-07,0
1281,0,0,1,0,-1.157611e-06,0
1282,0,0,1,0,-4.159072e-07,0
1283,0,0,1,0,-1.021684e-06,0
1284,0,0,1,0,1.494854e-07,0
1285,0,0,1,0,-8.805460e-08,0
1286,0,0,1,0,-1.770189e-07,0
1287,0,0,1,0,-3.606052e-07,0
1288,0,0,1,0,-4.056067e-07,0
1289,0,0,1,0,-5.259054e-07,0
1290,0,0,1,0,-5.130464e-07,0
1291,0,0,1,0,-5.627212e-07,0
1292,0,0,1,0,-4.826742e-07,0
1293,0,0,1,0,-4.609253e-07,0
1294,0,0,1,0,-3.091951e-07,0
1295,0,0,1,0,2.222661e-07,0
1296,0,0,1,0,3.880065e-08,0
1297,0,0,1,0,-5.570179e-08,0
1298,0,0,1,0,-2.317351e-07,0
1299,0,0,1,0,-2.625085e-07,0
1300,0,0,1,0,-3.988588e-07,0
1301,0,0,1,0,-3.620074e-07,0
1302,0,0,1,0,-4.387367e-07,0
1303,0,0,1,0,-3.341508e-07,0
1304,0,0,1,0,-3.395422e-07,0
1305,0,0,1,0,-1.754744e-07,0
1306,0,0,1,0,3.126602e-07,0
1307,0,0,1,0,1.404617e-07,0
1308,0,0,1,0,7.269798e-08,0
1309,0,0,1,0,-8.960488e-08,0
1310,0,0,1,0,-9.900837e-08,0
1311,0,0,1,0,-2.328748e-07,0
1312,0,0,1,0,-1.787212e-07,0
1313,0,0,1,0,-2.655222e-07,0
1314,0,0,1,0,-1.511380e-07,0
1315,0,0,1,0,-1.775982e-07,0
1316,0,0,1,0,-1.475960e-08,0
1317,0,0,1,0,3.740598e-07,0
1318,0,0,1,0,2.407195e-07,0
1319,0,0,1,0,1.901628e-07,0
1320,0,0,1,0,5.594209e-08,0
1321,0,0,1,0,5.947959e-08,0
1322,0,0,1,0,-5.610334e-08,0
1323,0,0,1,0,3.980443e-09,0
1324,0,0,1,0,-7.627061e-08,0
1325,0,0,1,0,3.613441e-08,0
1326,0,0,1,0,2.497696e-09,0
1327,0,0,1,0,1.548678e-07,0
1328,0,0,1,0,4.794598e-07,0
1329,0,0,1,0,3.428392e-07,0
1330,0,0,1,0,3.216347e-07,0
1331,0,0,1,0,1.963615e-07,0
1332,0,0,1,0,2.195995e-07,0
1333,0,0,1,0,1.142757e-07,0
1334,0,0,1,0,1.837442e-07,0
1335,0,0,1,0,1.093301e-07,0
1336,0,0,1,0,2.221853e-07,0
1337,0,0,1,0,1.850759e-07,0
1338,0,0,1,0,3.316396e-07,0
1339,0,0,1,0,5.668756e-07,0
1340,0,0,1,0,4.577425e-07,0
1341,0,0,1,0,4.522172e-07,0
1342,0,0,1,0,3.447294e-07,0
1343,0,0,1,0,3.790180e-07,0
1344,0,0,1,0,2.856881e-07,0
1345,0,0,1,0,3.559298e-07,0
1346,0,0,1,0,2.901480e-07,0
1347,0,0,1,0,3.894720e-07,0
1348,0,0,1,0,3.613016e-07,0
1349,0,0,1,0,4.753077e-07,0
1350,0,0,1,0,7.000259e-07,0
1351,0,0,1,0,5.819852e-07,0
1352,0,0,1,0,5.979631e-07,0
1353,0,0,1,0,4.931873e-07,0
1354,0,0,1,0,5.367449e-07,0
1355,0,0,1,0,4.486791e-07,0
1356,0,0,1,0,5.162469e-07,0
1357,0,0,1,0,4.518298e-07,0
1358,0,0,1,0,5.390815e-07,0
1359,0,0,1,0,5.024619e-07,0
1360,0,0,1,0,6.038658e-07,0
1361,0,0,1,0,7.913619e-07,0
1362,0,0,1,0,7.088325e-07,0
1363,0,0,1,0,7.224199e-07,0
1364,0,0,1,0,6.389316e-07,0
1365,0,0,1,0,6.799870e-07,0
1366,0,0,1,0,6.032304e-07,0
1367,0,0,1,0,6.652059e-07,0
1368,0,0,1,0,6.038244e-07,0
1369,0,0,1,0,6.811177e-07,0
1370,0,0,1,0,6.415605e-07,0
1371,0,0,1,0,7.272480e-07,0
1372,0,0,1,0,9.088330e-07,0
1373,0,0,1,0,8.217763e-07,0
1374,0,0,1,0,8.518939e-07,0
1375,0,0,1,0,7.707928e-07,0
1376,0,0,1,0,8.166041e-07,0
1377,0,0,1,0,7.452145e-07,0
1378,0,0,1,0,8.041164e-07,0
1379,0,0,1,0,7.458175e-07,0
1380,0,0,1,0,8.154428e-07,0
1381,0,0,1,0,7.735224e-07,0
1382,0,0,1,0,8.499789e-07,0
1383,0,0,1,0,1.004262e-06,0
1384,0,0,1,0,9.376066e-07,0
1385,0,0,1,0,9.620079e-07,0
1386,0,0,1,0,8.967130e-07,0
1387,0,0,1,0,9.331521e-07,0
1388,0,0,1,0,8.742663e-07,0
1389,0,0,1,0,9.193416e-07,0
1390,0,0,1,0,8.710835e-07,0
1391,0,0,1,0,9.207972e-07,0
1392,0,0,1,0,8.871814e-07,0
1393,0,0,1,0,9.366413e-07,0
1394,0,0,1,0,1.106375e-06,0
1395,0,0,1,0,1.040973e-06,0
1396,0,0,1,0,1.067873e-06,0
1397,0,0,1,0,1.006358e-06,0
1398,0,0,1,0,1.040943e-06,0
1399,0,0,1,0,9.848917e-07,0
1400,0,0,1,0,1.025256e-06,0
1401,0,0,1,0,9.768394e-07,0
1402,0,0,1,0,1.020232e-06,0
1403,0,0,1,0,9.818553e-07,0
1404,0,0,1,0,1.025982e-06,0
1405,0,0,1,0,1.187341e-06,0
1406,0,0,1,0,1.137450e-06,0
1407,0,0,1,0,1.161611e-06,0
1408,0,0,1,0,1.108769e-06,0
1409,0,0,1,0,1.141942e-06,0
1410,0,0,1,0,1.088550e-06,0
1411,0,0,1,0,1.125553e-06,0
1412,0,0,1,0,1.075827e-06,0
1413,0,0,1,0,1.109987e-06,0
1414,0,0,1,0,1.070142e-06,0
1415,0,0,1,0,1.097186e-06,0
1416,0,0,1,0,1.317408e-06,0
1417,0,0,1,0,1.228900e-06,0
1418,0,0,1,0,1.180783e-06,0
1419,0,0,1,0,1.209475e-06,0
1420,0,0,1,0,9.643957e-07,0
1421,0,0,1,0,1.193788e-06,0
1422,0,0,1,0,9.472101e-07,0
1423,0,0,1,0,1.176197e-06,0
1424,0,0,1,0,1.125863e-06,0
1425,0,0,1,0,1.154859e-06,0
1426,0,0,1,0,1.215306e-06,0
1427,0,0,1,0,2.171688e-06,0
1428,0,0,1,0,2.182661e-06,0
1429,0,0,1,0,1.543357e-06,0
1430,0,0,1,0,2.283003e-06,0
1431,0,0,1,0,2.263155e-06,0
1432,0,0,1,0,1.699056e-06,0
1433,0,0,1,0,2.277255e-06,0
1434,0,0,1,0,2.234793e-06,0
1435,0,0,1,0,1.738524e-06,0
1436,0,0,1,0,2.181015e-06,0
1437,0,0,1,0,2.125727e-06,0
1438,0,0,1,0,1.685158e-06,0
1439,0,0,1,0,2.029044e-06,0
1440,0,0,1,0,1.951580e-06,0
1441,0,0,1,0,1.538190e-06,0
1442,0,0,1,0,1.835110e-06,0
1443,0,0,1,0,1.295383e-06,0
1444,0,0,1,0,2.283849e-06,0
1445,0,0,1,0,2.302220e-06,0
1446,0,0,1,0,2.337931e-06,0
1447,0,0,1,0,2.321635e-06,0
1448,0,0,1,0,2.289170e-06,0
1449,0,0,1,0,2.242077e-06,0
1450,0,0,1,0,2.150768e-06,0
1451,0,0,1,0,2.087513e-06,0
1452,0,0,1,0,1.950642e-06,0
1453,0,0,1,0,1.900290e-06,0
1454,0,0,1,0,1.757160e-06,0
1455,0,0,1,0,2.149820e-06,0
1456,0,0,1,0,2.278705e-06,0
1457,0,0,1,0,2.196977e-06,0
1458,0,0,1,0,2.273076e-06,0
1459,0,0,1,0,2.149205e-06,0
1460,0,0,1,0,2.176963e-06,0
1461,0,0,1,0,2.035319e-06,0
1462,0,0,1,0,2.016876e-06,0
1463,0,0,1,0,1.886530e-06,0
1464,0,0,1,0,1.833354e-06,0
1465,0,0,1,0,1.726270e-06,0
1466,0,0,1,0,2.027072e-06,0
1467,0,0,1,0,2.128044e-06,0
1468,0,0,1,0,2.067440e-06,0
1469,0,0,1,0,2.125650e-06,0
1470,0,0,1,0,2.039481e-06,0
1471,0,0,1,0,2.055516e-06,0
1472,0,0,1,0,1.961150e-06,0
1473,0,0,1,0,1.941281e-06,0
1474,0,0,1,0,1.849404e-06,0
1475,0,0,1,0,1.802503e-06,0
1476,0,0,1,0,1.714983e-06,0
1477,0,0,1,0,1.888065e-06,0
1478,0,0,1,0,2.002202e-06,0
1479,0,0,1,0,1.950715e-06,0
1480,0,0,1,0,2.018395e-06,0
1481,0,0,1,0,1.949863e-06,0
1482,0,0,1,0,1.977590e-06,0
1483,0,0,1,0,1.901797e-06,0
1484,0,0,1,0,1.896199e-06,0
1485,0,0,1,0,1.818658e-06,0
1486,0,0,1,0,1.784733e-06,0
1487,0,0,1,0,1.704349e-06,0
1488,0,0,1,0,1.786167e-06,0
1489,0,0,1,0,1.884161e-06,0
1490,0,0,1,0,1.847048e-06,0
1491,0,0,1,0,1.916941e-06,0
1492,0,0,1,0,1.862407e-06,0
1493,0,0,1,0,1.901777e-06,0
1494,0,0,1,0,1.837331e-06,0
1495,0,0,1,0,1.848268e-06,0
1496,0,0,1,0,1.779031e-06,0
1497,0,0,1,0,1.761672e-06,0
1498,0,0,1,0,1.687911e-06,0
1499,0,0,1,0,1.667331e-06,0
1500,0,0,1,0,1.776802e-06,0
1501,0,0,1,0,1.741843e-06,0
1502,0,0,1,0,1.822356e-06,0
1503,0,0,1,0,1.772721e-06,0
1504,0,0,1,0,1.825225e-06,0
1505,0,0,1,0,1.763223e-06,0
1506,0,0,1,0,1.791764e-06,0
1507,0,0,1,0,1.718860e-06,0
1508,0,0,1,0,1.726447e-06,0
1509,0,0,1,0,1.638805e-06,0
1510,0,0,1,0,1.580306e-06,0
1511,0,0,1,0,1.673414e-06,0
1512,0,0,1,0,1.643200e-06,0
1513,0,0,1,0,1.723683e-06,0
1514,0,0,1,0,1.675429e-06,0
1515,0,0,1,0,1.736609e-06,0
1516,0,0,1,0,1.671946e-06,0
1517,0,0,1,0,1.712434e-06,0
1518,0,0,1,0,1.634286e-06,0
1519,0,0,1,0,1.652090e-06,0
1520,0,0,1,0,1.563984e-06,0
1521,0,0,1,0,1.468406e-06,0
1522,0,0,1,0,1.573570e-06,0
1523,0,0,1,0,1.534802e-06,0
1524,0,0,1,0,1.623554e-06,0
1525,0,0,1,0,1.573154e-06,0
1526,0,0,1,0,1.641299e-06,0
1527,0,0,1,0,1.579222e-06,0
1528,0,0,1,0,1.625737e-06,0
1529,0,0,1,0,1.554786e-06,0
1530,0,0,1,0,1.578580e-06,0
1531,0,0,1,0,1.502205e-06,0
1532,0,0,1,0,1.367143e-06,0
1533,0,0,1,0,1.463530e-06,0
1534,0,0,1,0,1.429480e-06,0
1535,0,0,1,0,1.515904e-06,0
1536,0,0,1,0,1.468618e-06,0
1537,0,0,1,0,1.540951e-06,0
1538,0,0,1,0,1.481218e-06,0
1539,0,0,1,0,1.536312e-06,0
1540,0,0,1,0,1.467142e-06,0
1541,0,0,1,0,1.503587e-06,0
1542,0,0,1,0,1.428086e-06,0
1543,0,0,1,0,1.295221e-06,0
1544,0,0,1,0,1.372805e-06,0
1545,0,0,1,0,1.343057e-06,0
1546,0,0,1,0,1.419675e-06,0
1547,0,0,1,0,1.376490e-06,0
1548,0,0,1,0,1.445353e-06,0
1549,0,0,1,0,1.391632e-06,0
1550,0,0,1,0,1.447559e-06,0
1551,0,0,1,0,1.387384e-06,0
1552,0,0,1,0,1.426903e-06,0
1553,0,0,1,0,1.365510e-06,0
1554,0,0,1,0,1.219963e-06,0
1555,0,0,1,0,1.292077e-06,0
1556,0,0,1,0,1.258186e-06,0
1557,0,0,1,0,1.329615e-06,0
1558,0,0,1,0,1.287453e-06,0
1559,0,0,1,0,1.353493e-06,0
1560,0,0,1,0,1.304382e-06,0
1561,0,0,1,0,1.361195e-06,0
1562,0,0,1,0,1.307427e-06,0
1563,0,0,1,0,1.352705e-06,0
1564,0,0,1,0,1.297485e-06,0
1565,0,0,1,0,1.164367e-06,0
1566,0,0,1,0,1.218811e-06,0
1567,0,0,1,0,1.187278e-06,0
1568,0,0,1,0,1.247406e-06,0
1569,0,0,1,0,1.211661e-06,0
1570,0,0,1,0,1.269656e-06,0
1571,0,0,1,0,1.230730e-06,0
1572,0,0,1,0,1.282517e-06,0
1573,0,0,1,0,1.242173e-06,0
1574,0,0,1,0,1.285580e-06,0
1575,0,0,1,0,1.247969e-06,0
1576,0,0,1,0,1.158241e-06,0
1577,0,0,1,0,1.157235e-06,0
1578,0,0,1,0,1.043108e-06,0
1579,0,0,1,0,1.177672e-06,0
1580,0,0,1,0,8.439035e-07,0
1581,0,0,1,0,1.200060e-06,0
1582,0,0,1,0,8.665895e-07,0
1583,0,0,1,0,1.218138e-06,0
1584,0,0,1,0,1.101309e-06,0
1585,0,0,1,0,1.230106e-06,0
1586,0,0,1,0,1.246084e-06,0
1587,0,0,1,0,7.766558e-07,0
1588,0,0,1,0,1.985524e-06,0
1589,0,0,1,0,1.140828e-06,0
1590,0,0,1,0,2.471353e-06,0
1591,0,0,1,0,1.283579e-06,0
1592,0,0,1,0,3.318549e-06,0
1593,0,0,1,0,4.627896e-06,0
1594,0,0,1,0,3.660766e-06,0
1595,0,0,1,0,2.512177e-06,0
1596,0,0,1,0,3.770910e-06,0
1597,0,0,1,0,1.295943e-06,0
1598,0,0,1,0,1.286310e-06,0
1599,0,0,1,0,2.498583e-06,0
1600,0,0,1,0,5.112448e-06,0
1601,0,0,1,0,6.113255e-06,0
1602,0,0,1,0,5.605196e-06,0
1603,0,0,1,0,3.770003e-06,0
1604,0,0,1,0,5.108415e-06,0
1605,0,0,1,0,1.950822e-06,0
1606,0,0,1,0,3.307330e-06,0
1607,0,0,1,0,6.099009e-06,0
1608,0,0,1,0,6.649084e-06,0
1609,0,0,1,0,6.632589e-06,0
1610,0,0,1,0,4.623441e-06,0
1611,0,0,1,0,5.520309e-06,0
1612,0,0,1,0,2.401457e-06,0
1613,0,0,1,0,3.585500e-06,0
1614,0,0,1,0,5.443291e-07,0
1615,0,0,1,0,7.377695e-07,0
1616,0,0,1,0,1.069609e-06,0
1617,0,0,1,0,1.179395e-06,0
1618,0,0,1,0,8.863775e-07,0
1619,0,0,1,0,2.055810e-06,0
1620,0,0,1,0,1.189307e-06,0
1621,0,0,1,0,2.470580e-06,0
1622,0,0,1,0,1.272640e-06,0
1623,0,0,1,0,3.319812e-06,0
1624,0,0,1,0,4.561784e-06,0
1625,0,0,1,0,3.605505e-06,0
1626,0,0,1,0,2.587750e-06,0
1627,0,0,1,0,3.787274e-06,0
1628,0,0,1,0,1.430599e-06,0
1629,0,0,1,0,1.440115e-06,0
1630,0,0,1,0,2.606824e-06,0
1631,0,0,1,0,5.019561e-06,0
1632,0,0,1,0,6.027725e-06,0
1633,0,0,1,0,5.479937e-06,0
1634,0,0,1,0,3.807228e-06,0
1635,0,0,1,0,5.043859e-06,0
1636,0,0,1,0,2.105520e-06,0
1637,0,0,1,0,3.384098e-06,0
1638,0,0,1,0,6.050022e-06,0
1639,0,0,1,0,6.607214e-06,0
1640,0,0,1,0,6.585249e-06,0
1641,0,0,1,0,4.631706e-06,0
1642,0,0,1,0,5.552629e-06,0
1643,0,0,1,0,2.571249e-06,0
1644,0,0,1,0,3.720180e-06,0
1645,0,0,1,0,6.973146e-07,0
1646,0,0,1,0,9.269988e-07,0
1647,0,0,1,0,1.273339e-06,0
1648,0,0,1,0,1.401373e-06,0
1649,0,0,1,0,4.955221e-06,0
1650,0,0,1,0,3.667678e-06,0
1651,0,0,1,0,3.670353e-06,0
1652,0,0,1,0,4.951856e-06,0
1653,0,0,1,0,2.445104e-06,0
1654,0,0,1,0,1.935801e-06,0
1655,0,0,1,0,3.239701e-06,0
1656,0,0,1,0,2.379060e-06,0
1657,0,0,1,0,3.217553e-06,0
1658,0,0,1,0,4.533679e-06,0
1659,0,0,1,0,1.904248e-06,0
1660,0,0,1,0,2.432296e-06,0
1661,0,0,1,0,1.248451e-06,0
1662,0,0,1,0,1.253803e-06,0
1663,0,0,1,0,1.047041e-06,0
1664,0,0,1,0,7.079130e-07,0
1665,0,0,1,0,5.085578e-07,0
1666,0,0,1,0,7.413176e-07,0
1667,0,0,1,0,1.110189e-06,0
1668,0,0,1,0,2.427499e-06,0
1669,0,0,1,0,6.027316e-06,0
1670,0,0,1,0,4.520190e-06,0
1671,0,0,1,0,5.999983e-06,0
1672,0,0,1,0,2.103883e-06,0
1673,0,0,1,0,2.608505e-06,0
1674,0,0,1,0,3.815386e-06,0
1675,0,0,1,0,3.389400e-06,0
1676,0,0,1,0,1.429471e-06,0
1677,0,0,1,0,1.414952e-06,0
1678,0,0,1,0,2.586717e-06,0
1679,0,0,1,0,4.636779e-06,0
1680,0,0,1,0,5.065876e-06,0
1681,0,0,1,0,6.071448e-06,0
1682,0,0,1,0,3.805349e-06,0
1683,0,0,1,0,5.058666e-06,0
1684,0,0,1,0,2.050579e-06,0
1685,0,0,1,0,3.339985e-06,0
1686,0,0,1,0,6.093056e-06,0
1687,0,0,1,0,4.624436e-06,0
1688,0,0,1,0,2.488705e-06,0
1689,0,0,1,0,1.182087e-06,0
1690,0,0,1,0,8.673859e-07,0
1691,0,0,1,0,6.833497e-07,0
1692,0,0,1,0,2.571537e-06,0
1693,0,0,1,0,9.188695e-07,0
1694,0,0,1,0,1.271898e-06,0
1695,0,0,1,0,-5.842017e-08,0
1696,0,0,1,0,-8.204817e-08,0
1697,0,0,1,0,-5.341705e-08,0
1698,0,0,1,0,0,0
1699,0,0,1,0,-6.740774e-08,0
1700,0,0,1,0,-2.297975e-08,0
1701,0,0,1,0,-4.932996e-08,0
1702,0,0,1,0,1.741672e-09,0
1703,0,0,1,0,6.535852e-08,0
1704,0,0,1,0,3.410182e-08,0
1705,0,0,1,0,8.983401e-08,0
1706,0,0,1,0,1.741468e-07,0
1707,0,0,1,0,1.410821e-07,0
1708,0,0,1,0,1.952966e-07,0
1709,0,0,1,0,3.006210e-07,0
1710,0,0,1,0,2.704100e-07,0
1711,0,0,1,0,3.127764e-07,0
1712,0,0,1,0,4.370295e-07,0
1713,0,0,1,0,4.150115e-07,0
1714,0,0,1,0,4.365691e-07,0
1715,0,0,1,0,5.784079e-07,0
1716,0,0,1,0,5.681062e-07,0
1717,0,0,1,0,5.616550e-07,0
1718,0,0,1,0,7.185760e-07,0
1719,0,0,1,0,7.235193e-07,0
1720,0,0,1,0,6.829514e-07,0
1721,0,0,1,0,8.526591e-07,0
1722,0,0,1,0,8.753246e-07,0
1723,0,0,1,0,7.961463e-07,0
1724,0,0,1,0,9.760823e-07,0
1725,0,0,1,0,1.018391e-06,0
1726,0,0,1,0,8.974199e-07,0
1727,0,0,1,0,1.084994e-06,0
1728,0,0,1,0,1.148137e-06,0
1729,0,0,1,0,9.836330e-07,0
1730,0,0,1,0,1.176005e-06,0
1731,0,0,1,0,1.260485e-06,0
1732,0,0,1,0,1.052050e-06,0
1733,0,0,1,0,1.245676e-06,0
1734,0,0,1,0,1.351417e-06,0
1735,0,0,1,0,1.100773e-06,0
1736,0,0,1,0,1.291183e-06,0
1737,0,0,1,0,1.416861e-06,0
1738,0,0,1,0,1.127940e-06,0
1739,0,0,1,0,1.307873e-06,0
1740,0,0,1,0,1.451582e-06,0
1741,0,0,1,0,1.130875e-06,0
1742,0,0,1,0,1.290200e-06,0
1743,0,0,1,0,1.447730e-06,0
1744,0,0,1,0,1.117668e-06,0
1745,0,0,1,0,1.246410e-06,0
1746,0,0,1,0,1.406123e-06,0
1747,0,0,1,0,1.000059e-06,0
1748,0,0,1,0,1.240174e-06,0
1749,0,0,1,0,-7.238633e-08,0
1750,0,0,1,0,-4.883120e-08,0
1751,0,0,1,0,0,0
1752,0,0,1,0,-1.956823e-09,0
1753,0,0,1,0,-3.753161e-08,0
1754,0,0,1,0,9.907746e-08,0
1755,0,0,1,0,5.468028e-08,0
1756,0,0,1,0,2.259598e-07,0
1757,0,0,1,0,1.735126e-07,0
1758,0,0,1,0,3.735551e-07,0
1759,0,0,1,0,3.178699e-07,0
1760,0,0,1,0,5.336001e-07,0
1761,0,0,1,0,4.796930e-07,0
1762,0,0,1,0,6.998205e-07,0
1763,0,0,1,0,6.514699e-07,0
1764,0,0,1,0,8.654172e-07,0
1765,0,0,1,0,8.262668e-07,0
1766,0,0,1,0,1.024678e-06,0
1767,0,0,1,0,9.975508e-07,0
1768,0,0,1,0,1.172378e-06,0
1769,0,0,1,0,1.159556e-06,0
1770,0,0,1,0,1.303849e-06,0
1771,0,0,1,0,1.307033e-06,0
1772,0,0,1,0,1.414627e-06,0
1773,0,0,1,0,1.435048e-06,0
1774,0,0,1,0,1.499795e-06,0
1775,0,0,1,0,1.538443e-06,0
1776,0,0,1,0,1.553927e-06,0
1777,0,0,1,0,1.611438e-06,0
1778,0,0,1,0,1.569151e-06,0
1779,0,0,1,0,1.646557e-06,0
1780,0,0,1,0,1.534515e-06,0
1781,0,0,1,0,1.633323e-06,0
1782,0,0,1,0,1.452768e-06,0
1783,0,0,1,0,1.567969e-06,0
1784,0,0,1,0,1.354913e-06,0
1785,0,0,1,0,-6.707449e-08,0
1786,0,0,1,0,-4.704040e-08,0
1787,0,0,1,0,0,0
1788,0,0,1,0,8.892902e-09,0
1789,0,0,1,0,-3.352180e-08,0
1790,0,0,1,0,1.165014e-07,0
1791,0,0,1,0,6.164511e-08,0
1792,0,0,1,0,2.526997e-07,0
1793,0,0,1,0,1.846307e-07,0
1794,0,0,1,0,4.112929e-07,0
1795,0,0,1,0,3.342798e-07,0
1796,0,0,1,0,5.836856e-07,0
1797,0,0,1,0,5.022133e-07,0
1798,0,0,1,0,7.629192e-07,0
1799,0,0,1,0,6.806322e-07,0
1800,0,0,1,0,9.417924e-07,0
1801,0,0,1,0,8.622793e-07,0
1802,0,0,1,0,1.114036e-06,0
1803,0,0,1,0,1.040276e-06,0
1804,0,0,1,0,1.273909e-06,0
1805,0,0,1,0,1.208439e-06,0
1806,0,0,1,0,1.416038e-06,0
1807,0,0,1,0,1.361000e-06,0
1808,0,0,1,0,1.535090e-06,0
1809,0,0,1,0,1.492366e-06,0
1810,0,0,1,0,1.625028e-06,0
1811,0,0,1,0,1.596578e-06,0
1812,0,0,1,0,1.678867e-06,0
1813,0,0,1,0,1.666938e-06,0
1814,0,0,1,0,1.687479e-06,0
1815,0,0,1,0,1.695231e-06,0
1816,0,0,1,0,1.638354e-06,0
1817,0,0,1,0,1.671334e-06,0
1818,0,0,1,0,1.531557e-06,0
1819,0,0,1,0,1.592087e-06,0
1820,0,0,1,0,1.362239e-06,0
1821,0,0,1,0,-6.719854e-08,0
1822,0,0,1,0,-4.888498e-08,0
1823,0,0,1,0,0,0
1824,0,0,1,0,8.745404e-09,0
1825,0,0,1,0,-3.777765e-08,0
1826,0,0,1,0,1.165757e-07,0
1827,0,0,1,0,5.470321e-08,0
1828,0,0,1,0,2.530630e-07,0
1829,0,0,1,0,1.741034e-07,0
1830,0,0,1,0,4.120541e-07,0
1831,0,0,1,0,3.192182e-07,0
1832,0,0,1,0,5.848966e-07,0
1833,0,0,1,0,4.819757e-07,0
1834,0,0,1,0,7.645907e-07,0
1835,0,0,1,0,6.547674e-07,0
1836,0,0,1,0,9.437718e-07,0
1837,0,0,1,0,8.304651e-07,0
1838,0,0,1,0,1.115918e-06,0
1839,0,0,1,0,1.002134e-06,0
1840,0,0,1,0,1.274966e-06,0
1841,0,0,1,0,1.163453e-06,0
1842,0,0,1,0,1.415039e-06,0
1843,0,0,1,0,1.308370e-06,0
1844,0,0,1,0,1.530293e-06,0
1845,0,0,1,0,1.430961e-06,0
1846,0,0,1,0,1.614120e-06,0
1847,0,0,1,0,1.524969e-06,0
1848,0,0,1,0,1.659231e-06,0
1849,0,0,1,0,1.583681e-06,0
1850,0,0,1,0,1.657146e-06,0
1851,0,0,1,0,1.599599e-06,0
1852,0,0,1,0,1.597125e-06,0
1853,0,0,1,0,1.564580e-06,0
1854,0,0,1,0,1.484811e-06,0
1855,0,0,1,0,1.480358e-06,0
1856,0,0,1,0,1.259436e-06,0
1857,0,0,1,0,-7.255281e-08,0
1858,0,0,1,0,-5.333660e-08,0
1859,0,0,1,0,0,0
1860,0,0,1,0,-2.083885e-09,0
1861,0,0,1,0,-4.933282e-08,0
1862,0,0,1,0,9.973571e-08,0
1863,0,0,1,0,3.487690e-08,0
1864,0,0,1,0,2.276394e-07,0
1865,0,0,1,0,1.432754e-07,0
1866,0,0,1,0,3.766141e-07,0
1867,0,0,1,0,2.744631e-07,0
1868,0,0,1,0,5.382075e-07,0
1869,0,0,1,0,4.213222e-07,0
1870,0,0,1,0,7.060312e-07,0
1871,0,0,1,0,5.768651e-07,0
1872,0,0,1,0,8.728202e-07,0
1873,0,0,1,0,7.345575e-07,0
1874,0,0,1,0,1.032154e-06,0
1875,0,0,1,0,8.877386e-07,0
1876,0,0,1,0,1.177933e-06,0
1877,0,0,1,0,1.030304e-06,0
1878,0,0,1,0,1.304089e-06,0
1879,0,0,1,0,1.156263e-06,0
1880,0,0,1,0,1.404756e-06,0
1881,0,0,1,0,1.259795e-06,0
1882,0,0,1,0,1.473411e-06,0
1883,0,0,1,0,1.334930e-06,0
1884,0,0,1,0,1.503621e-06,0
1885,0,0,1,0,1.375809e-06,0
1886,0,0,1,0,1.488877e-06,0
1887,0,0,1,0,1.376685e-06,0
1888,0,0,1,0,1.421963e-06,0
1889,0,0,1,0,1.332370e-06,0
1890,0,0,1,0,1.317191e-06,0
1891,0,0,1,0,1.249418e-06,0
1892,0,0,1,0,1.052456e-06,0
1893,0,0,1,0,-8.175613e-08,0
1894,0,0,1,0,-5.786757e-08,0
1895,0,0,1,0,0,0
1896,0,0,1,0,-2.226406e-08,0
1897,0,0,1,0,-6.649923e-08,0
1898,0,0,1,0,6.782760e-08,0
1899,0,0,1,0,4.086876e-09,0
1900,0,0,1,0,1.788448e-07,0
1901,0,0,1,0,9.460506e-08,0
1902,0,0,1,0,3.082374e-07,0
1903,0,0,1,0,2.032119e-07,0
1904,0,0,1,0,4.478828e-07,0
1905,0,0,1,0,3.244658e-07,0
1906,0,0,1,0,5.926538e-07,0
1907,0,0,1,0,4.523484e-07,0
1908,0,0,1,0,7.356615e-07,0
1909,0,0,1,0,5.813807e-07,0
1910,0,0,1,0,8.710052e-07,0
1911,0,0,1,0,7.055530e-07,0
1912,0,0,1,0,9.929345e-07,0
1913,0,0,1,0,8.194176e-07,0
1914,0,0,1,0,1.095595e-06,0
1915,0,0,1,0,9.174803e-07,0
1916,0,0,1,0,1.173663e-06,0
1917,0,0,1,0,9.945461e-07,0
1918,0,0,1,0,1.221361e-06,0
1919,0,0,1,0,1.045510e-06,0
1920,0,0,1,0,1.234005e-06,0
1921,0,0,1,0,1.066098e-06,0
1922,0,0,1,0,1.207721e-06,0
1923,0,0,1,0,1.053059e-06,0
1924,0,0,1,0,1.138733e-06,0
1925,0,0,1,0,1.004000e-06,0
1926,0,0,1,0,1.046924e-06,0
1927,0,0,1,0,9.309253e-07,0
1928,0,0,1,0,7.578449e-07,0
1929,0,0,1,0,-9.731999e-08,0
1930,0,0,1,0,-1.858113e-07,0
1931,0,0,1,0,-1.020885e-07,0
1932,0,0,1,0,0,0
1933,0,0,1,0,-2.044069e-07,0
1934,0,0,1,0,-2.381319e-07,0
1935,0,0,1,0,-2.214699e-07,0
1936,0,0,1,0,-2.596213e-07,0
1937,0,0,1,0,-3.243287e-07,0
1938,0,0,1,0,-2.923578e-07,0
1939,0,0,1,0,-3.482651e-07,0
1940,0,0,1,0,-4.333149e-07,0
1941,0,0,1,0,-4.003130e-07,0
1942,0,0,1,0,-4.532942e-07,0
1943,0,0,1,0,-5.596263e-07,0
1944,0,0,1,0,-5.291981e-07,0
1945,0,0,1,0,-5.706927e-07,0
1946,0,0,1,0,-6.957194e-07,0
1947,0,0,1,0,-6.731182e-07,0
1948,0,0,1,0,-6.945242e-07,0
1949,0,0,1,0,-8.362999e-07,0
1950,0,0,1,0,-8.246695e-07,0
1951,0,0,1,0,-8.195509e-07,0
1952,0,0,1,0,-9.742595e-07,0
1953,0,0,1,0,-9.769400e-07,0
1954,0,0,1,0,-9.400303e-07,0
1955,0,0,1,0,-1.103631e-06,0
1956,0,0,1,0,-1.122703e-06,0
1957,0,0,1,0,-1.050666e-06,0
1958,0,0,1,0,-1.218096e-06,0
1959,0,0,1,0,-1.255096e-06,0
1960,0,0,1,0,-1.146059e-06,0
1961,0,0,1,0,-1.311688e-06,0
1962,0,0,1,0,-1.367372e-06,0
1963,0,0,1,0,-1.221056e-06,0
1964,0,0,1,0,-1.378835e-06,0
1965,0,0,1,0,-1.453280e-06,0
1966,0,0,1,0,-1.270453e-06,0
1967,0,0,1,0,-1.414367e-06,0
1968,0,0,1,0,-1.507244e-06,0
1969,0,0,1,0,-1.289757e-06,0
1970,0,0,1,0,-1.414881e-06,0
1971,0,0,1,0,-1.525368e-06,0
1972,0,0,1,0,-1.275165e-06,0
1973,0,0,1,0,-1.379340e-06,0
1974,0,0,1,0,-1.506318e-06,0
1975,0,0,1,0,-1.225372e-06,0
1976,0,0,1,0,-1.310735e-06,0
1977,0,0,1,0,-1.454067e-06,0
1978,0,0,1,0,-1.139191e-06,0
1979,0,0,1,0,-1.217472e-06,0
1980,0,0,1,0,-1.375021e-06,0
1981,0,0,1,0,-1.091875e-06,0
1982,0,0,1,0,-1.337841e-06,0
1983,0,0,1,0,-1.947301e-07,0
1984,0,0,1,0,-1.028887e-07,0
1985,0,0,1,0,0,0
1986,0,0,1,0,-2.581976e-07,0
1987,0,0,1,0,-2.318223e-07,0
1988,0,0,1,0,-3.581605e-07,0
1989,0,0,1,0,-3.132523e-07,0
1990,0,0,1,0,-4.851815e-07,0
1991,0,0,1,0,-4.335364e-07,0
1992,0,0,1,0,-6.319803e-07,0
1993,0,0,1,0,-5.774489e-07,0
1994,0,0,1,0,-7.903382e-07,0
1995,0,0,1,0,-7.380324e-07,0
1996,0,0,1,0,-9.532379e-07,0
1997,0,0,1,0,-9.069464e-07,0
1998,0,0,1,0,-1.112581e-06,0
1999,0,0,1,0,-1.076220e-06,0
2000,0,0,1,0,-1.261012e-06,0
2001,0,0,1,0,-1.237725e-06,0
2002,0,0,1,0,-1.391131e-06,0
2003,0,0,1,0,-1.383685e-06,0
2004,0,0,1,0,-1.496056e-06,0
2005,0,0,1,0,-1.506667e-06,0
2006,0,0,1,0,-1.569687e-06,0
2007,0,0,1,0,-1.599976e-06,0
2008,0,0,1,0,-1.607257e-06,0
2009,0,0,1,0,-1.658195e-06,0
2010,0,0,1,0,-1.606891e-06,0
2011,0,0,1,0,-1.678386e-06,0
2012,0,0,1,0,-1.570833e-06,0
2013,0,0,1,0,-1.661457e-06,0
2014,0,0,1,0,-1.509287e-06,0
2015,0,0,1,0,-1.614893e-06,0
2016,0,0,1,0,-1.433706e-06,0
2017,0,0,1,0,-1.549846e-06,0
2018,0,0,1,0,-1.538032e-06,0
2019,0,0,1,0,-1.989448e-07,0
2020,0,0,1,0,-1.027276e-07,0
2021,0,0,1,0,0,0
2022,0,0,1,0,-2.689748e-07,0
2023,0,0,1,0,-2.353554e-07,0
2024,0,0,1,0,-3.765596e-07,0
2025,0,0,1,0,-3.209486e-07,0
2026,0,0,1,0,-5.133362e-07,0
2027,0,0,1,0,-4.459292e-07,0
2028,0,0,1,0,-6.711547e-07,0
2029,0,0,1,0,-5.954340e-07,0
2030,0,0,1,0,-8.414352e-07,0
2031,0,0,1,0,-7.621461e-07,0
2032,0,0,1,0,-1.016249e-06,0
2033,0,0,1,0,-9.374013e-07,0
2034,0,0,1,0,-1.187008e-06,0
2035,0,0,1,0,-1.112888e-06,0
2036,0,0,1,0,-1.345712e-06,0
2037,0,0,1,0,-1.280247e-06,0
2038,0,0,1,0,-1.484536e-06,0
2039,0,0,1,0,-1.431543e-06,0
2040,0,0,1,0,-1.596356e-06,0
2041,0,0,1,0,-1.559346e-06,0
2042,0,0,1,0,-1.675143e-06,0
2043,0,0,1,0,-1.657165e-06,0
2044,0,0,1,0,-1.716818e-06,0
2045,0,0,1,0,-1.720121e-06,0
2046,0,0,1,0,-1.720908e-06,0
2047,0,0,1,0,-1.746200e-06,0
2048,0,0,1,0,-1.691638e-06,0
2049,0,0,1,0,-1.737600e-06,0
2050,0,0,1,0,-1.642050e-06,0
2051,0,0,1,0,-1.702465e-06,0
2052,0,0,1,0,-1.582782e-06,0
2053,0,0,1,0,-1.651392e-06,0
2054,0,0,1,0,-1.647751e-06,0
2055,0,0,1,0,-1.989094e-07,0
2056,0,0,1,0,-1.027623e-07,0
2057,0,0,1,0,0,0
2058,0,0,1,0,-2.693984e-07,0
2059,0,0,1,0,-2.321819e-07,0
2060,0,0,1,0,-3.775728e-07,0
2061,0,0,1,0,-3.145956e-07,0
2062,0,0,1,0,-5.149788e-07,0
2063,0,0,1,0,-4.360142e-07,0
2064,0,0,1,0,-6.734043e-07,0
2065,0,0,1,0,-5.810666e-07,0
2066,0,0,1,0,-8.442688e-07,0
2067,0,0,1,0,-7.427399e-07,0
2068,0,0,1,0,-1.019635e-06,0
2069,0,0,1,0,-9.126812e-07,0
2070,0,0,1,0,-1.191013e-06,0
2071,0,0,1,0,-1.083001e-06,0
2072,0,0,1,0,-1.350564e-06,0
2073,0,0,1,0,-1.245815e-06,0
2074,0,0,1,0,-1.490740e-06,0
2075,0,0,1,0,-1.393772e-06,0
2076,0,0,1,0,-1.604855e-06,0
2077,0,0,1,0,-1.520127e-06,0
2078,0,0,1,0,-1.687436e-06,0
2079,0,0,1,0,-1.619136e-06,0
2080,0,0,1,0,-1.735142e-06,0
2081,0,0,1,0,-1.686646e-06,0
2082,0,0,1,0,-1.748294e-06,0
2083,0,0,1,0,-1.721227e-06,0
2084,0,0,1,0,-1.731265e-06,0
2085,0,0,1,0,-1.725024e-06,0
2086,0,0,1,0,-1.695828e-06,0
2087,0,0,1,0,-1.704679e-06,0
2088,0,0,1,0,-1.646019e-06,0
2089,0,0,1,0,-1.665679e-06,0
2090,0,0,1,0,-1.662025e-06,0
2091,0,0,1,0,-1.946845e-07,0
2092,0,0,1,0,-1.019555e-07,0
2093,0,0,1,0,0,0
2094,0,0,1,0,-2.593206e-07,0
2095,0,0,1,0,-2.220836e-07,0
2096,0,0,1,0,-3.607752e-07,0
2097,0,0,1,0,-2.944606e-07,0
2098,0,0,1,0,-4.893967e-07,0
2099,0,0,1,0,-4.041285e-07,0
2100,0,0,1,0,-6.377331e-07,0
2101,0,0,1,0,-5.347281e-07,0
2102,0,0,1,0,-7.975654e-07,0
2103,0,0,1,0,-6.802692e-07,0
2104,0,0,1,0,-9.618506e-07,0
2105,0,0,1,0,-8.333259e-07,0
2106,0,0,1,0,-1.122774e-06,0
2107,0,0,1,0,-9.871445e-07,0
2108,0,0,1,0,-1.273432e-06,0
2109,0,0,1,0,-1.134949e-06,0
2110,0,0,1,0,-1.407188e-06,0
2111,0,0,1,0,-1.270618e-06,0
2112,0,0,1,0,-1.518380e-06,0
2113,0,0,1,0,-1.388643e-06,0
2114,0,0,1,0,-1.602411e-06,0
2115,0,0,1,0,-1.484420e-06,0
2116,0,0,1,0,-1.656499e-06,0
2117,0,0,1,0,-1.554534e-06,0
2118,0,0,1,0,-1.680934e-06,0
2119,0,0,1,0,-1.597644e-06,0
2120,0,0,1,0,-1.678538e-06,0
2121,0,0,1,0,-1.614558e-06,0
2122,0,0,1,0,-1.656901e-06,0
2123,0,0,1,0,-1.608680e-06,0
2124,0,0,1,0,-1.612682e-06,0
2125,0,0,1,0,-1.579282e-06,0
2126,0,0,1,0,-1.576433e-06,0
2127,0,0,1,0,-1.858565e-07,0
2128,0,0,1,0,-9.747903e-08,0
2129,0,0,1,0,0,0
2130,0,0,1,0,-2.394262e-07,0
2131,0,0,1,0,-2.052683e-07,0
2132,0,0,1,0,-3.272798e-07,0
2133,0,0,1,0,-2.619237e-07,0
2134,0,0,1,0,-4.380072e-07,0
2135,0,0,1,0,-3.522925e-07,0
2136,0,0,1,0,-5.659611e-07,0
2137,0,0,1,0,-4.590544e-07,0
2138,0,0,1,0,-7.035978e-07,0
2139,0,0,1,0,-5.780953e-07,0
2140,0,0,1,0,-8.455925e-07,0
2141,0,0,1,0,-7.034382e-07,0
2142,0,0,1,0,-9.852731e-07,0
2143,0,0,1,0,-8.300430e-07,0
2144,0,0,1,0,-1.117316e-06,0
2145,0,0,1,0,-9.527236e-07,0
2146,0,0,1,0,-1.236469e-06,0
2147,0,0,1,0,-1.067051e-06,0
2148,0,0,1,0,-1.338508e-06,0
2149,0,0,1,0,-1.169105e-06,0
2150,0,0,1,0,-1.419875e-06,0
2151,0,0,1,0,-1.255648e-06,0
2152,0,0,1,0,-1.478032e-06,0
2153,0,0,1,0,-1.323895e-06,0
2154,0,0,1,0,-1.512524e-06,0
2155,0,0,1,0,-1.372187e-06,0
2156,0,0,1,0,-1.523351e-06,0
2157,0,0,1,0,-1.399092e-06,0
2158,0,0,1,0,-1.512770e-06,0
2159,0,0,1,0,-1.404143e-06,0
2160,0,0,1,0,-1.474048e-06,0
2161,0,0,1,0,-1.380509e-06,0
2162,0,0,1,0,-1.384119e-06,0
2163,0,0,1,0,0,0
2164,0,0,1,0,-6.400442e-08,0
2165,0,0,1,0,-9.455275e-08,0
2166,0,0,1,0,0,0
2167,0,0,1,0,-6.879680e-08,0
2168,0,0,1,0,-1.085512e-07,0
2169,0,0,1,0,0,0
2170,0,0,1,0,-7.497612e-08,0
2171,0,0,1,0,-1.243104e-07,0
2172,0,0,1,0,0,0
2173,0,0,1,0,-8.311308e-08,0
2174,0,0,1,0,-1.414321e-07,0
2175,0,0,1,0,0,0
2176,0,0,1,0,-9.171679e-08,0
2177,0,0,1,0,-1.586043e-07,0
2178,0,0,1,0,0,0
2179,0,0,1,0,-1.736192e-07,0
2180,0,0,1,0,-8.600882e-08,0
2181,0,0,1,0,-4.840600e-08,0
2182,0,0,1,0,-1.084401e-07,0
2183,0,0,1,0,-7.686704e-08,0
2184,0,0,1,0,-1.336832e-07,0
2185,0,0,1,0,-1.107904e-07,0
2186,0,0,1,0,-1.600633e-07,0
2187,0,0,1,0,-1.471480e-07,0
2188,0,0,1,0,-1.848969e-07,0
2189,0,0,1,0,-1.826051e-07,0
2190,0,0,1,0,-2.135424e-07,0
2191,0,0,1,0,-3.507250e-08,0
2192,0,0,1,0,1.948609e-08,0
2193,0,0,1,0,-7.915409e-08,0
2194,0,0,1,0,-3.439034e-08,0
2195,0,0,1,0,-1.278543e-07,0
2196,0,0,1,0,-9.575090e-08,0
2197,0,0,1,0,-1.773447e-07,0
2198,0,0,1,0,-1.603576e-07,0
2199,0,0,1,0,-2.234253e-07,0
2200,0,0,1,0,-2.234384e-07,0
2201,0,0,1,0,-2.801627e-07,0
2202,0,0,1,0,2.640373e-08,0
2203,0,0,1,0,1.025913e-07,0
2204,0,0,1,0,-4.739641e-08,0
2205,0,0,1,0,1.810503e-08,0
2206,0,0,1,0,-1.279155e-07,0
2207,0,0,1,0,-7.753028e-08,0
2208,0,0,1,0,-2.095288e-07,0
2209,0,0,1,0,-1.779081e-07,0
2210,0,0,1,0,-2.862372e-07,0
2211,0,0,1,0,-2.759922e-07,0
2212,0,0,1,0,-3.646004e-07,0
2213,0,0,1,0,1.006728e-07,0
2214,0,0,1,0,1.990110e-07,0
2215,0,0,1,0,-8.650653e-09,0
2216,0,0,1,0,7.880368e-08,0
2217,0,0,1,0,-1.274427e-07,0
2218,0,0,1,0,-5.656472e-08,0
2219,0,0,1,0,-2.477060e-07,0
2220,0,0,1,0,-1.983180e-07,0
2221,0,0,1,0,-3.609742e-07,0
2222,0,0,1,0,-3.368364e-07,0
2223,0,0,1,0,-4.623076e-07,0
2224,0,0,1,0,1.831872e-07,0
2225,0,0,1,0,3.026432e-07,0
2226,0,0,1,0,3.408793e-08,0
2227,0,0,1,0,1.438603e-07,0
2228,0,0,1,0,-1.274929e-07,0
2229,0,0,1,0,-3.457746e-08,0
2230,0,0,1,0,-2.908497e-07,0
2231,0,0,1,0,-2.210840e-07,0
2232,0,0,1,0,-4.446893e-07,0
2233,0,0,1,0,-4.030674e-07,0
2234,0,0,1,0,-5.677175e-07,0
2235,0,0,1,0,2.698352e-07,0
2236,0,0,1,0,4.095355e-07,0
2237,0,0,1,0,7.848721e-08,0
2238,0,0,1,0,2.103071e-07,0
2239,0,0,1,0,-1.283908e-07,0
2240,0,0,1,0,-1.293335e-08,0
2241,0,0,1,0,-3.371243e-07,0
2242,0,0,1,0,-2.456720e-07,0
2243,0,0,1,0,-5.333961e-07,0
2244,0,0,1,0,-4.722763e-07,0
2245,0,0,1,0,-6.769890e-07,0
2246,0,0,1,0,3.566898e-07,0
2247,0,0,1,0,5.147232e-07,0
2248,0,0,1,0,1.221226e-07,0
2249,0,0,1,0,2.747811e-07,0
2250,0,0,1,0,-1.307402e-07,0
2251,0,0,1,0,6.740318e-09,0
2252,0,0,1,0,-3.851449e-07,0
2253,0,0,1,0,-2.717740e-07,0
2254,0,0,1,0,-6.237457e-07,0
2255,0,0,1,0,-5.420308e-07,0
2256,0,0,1,0,-7.853909e-07,0
2257,0,0,1,0,4.398907e-07,0
2258,0,0,1,0,6.142086e-07,0
2259,0,0,1,0,1.625632e-07,0
2260,0,0,1,0,3.343027e-07,0
2261,0,0,1,0,-1.352863e-07,0
2262,0,0,1,0,2.283576e-08,0
2263,0,0,1,0,-4.337547e-07,0
2264,0,0,1,0,-2.993470e-07,0
2265,0,0,1,0,-7.125607e-07,0
2266,0,0,1,0,-6.104805e-07,0
2267,0,0,1,0,-8.893262e-07,0
2268,0,0,1,0,5.160132e-07,0
2269,0,0,1,0,7.042511e-07,0
2270,0,0,1,0,1.975359e-07,0
2271,0,0,1,0,3.861279e-07,0
2272,0,0,1,0,-1.428750e-07,0
2273,0,0,1,0,3.380843e-08,0
2274,0,0,1,0,-4.821259e-07,0
2275,0,0,1,0,-3.284845e-07,0
2276,0,0,1,0,-7.971941e-07,0
2277,0,0,1,0,-6.760253e-07,0
2278,0,0,1,0,-9.853227e-07,0
2279,0,0,1,0,5.820870e-07,0
2280,0,0,1,0,7.818192e-07,0
2281,0,0,1,0,2.250470e-07,0
2282,0,0,1,0,4.280538e-07,0
2283,0,0,1,0,-1.543057e-07,0
2284,0,0,1,0,3.843779e-08,0
2285,0,0,1,0,-5.296361e-07,0
2286,0,0,1,0,-3.592476e-07,0
2287,0,0,1,0,-8.754175e-07,0
2288,0,0,1,0,-7.373975e-07,0
2289,0,0,1,0,-1.070684e-06,0
2290,0,0,1,0,6.358294e-07,0
2291,0,0,1,0,8.445796e-07,0
2292,0,0,1,0,2.437198e-07,0
2293,0,0,1,0,4.587245e-07,0
2294,0,0,1,0,-1.699698e-07,0
2295,0,0,1,0,3.630959e-08,0
2296,0,0,1,0,-5.755804e-07,0
2297,0,0,1,0,-3.911369e-07,0
2298,0,0,1,0,-9.453020e-07,0
2299,0,0,1,0,-7.931591e-07,0
2300,0,0,1,0,-1.142950e-06,0
2301,0,0,1,0,6.758839e-07,0
2302,0,0,1,0,8.908672e-07,0
2303,0,0,1,0,2.533340e-07,0
2304,0,0,1,0,4.780853e-07,0
2305,0,0,1,0,-1.891880e-07,0
2306,0,0,1,0,2.852191e-08,0
2307,0,0,1,0,-6.185659e-07,0
2308,0,0,1,0,-4.223646e-07,0
2309,0,0,1,0,-1.004806e-06,0
2310,0,0,1,0,-8.411791e-07,0
2311,0,0,1,0,-1.199759e-06,0
2312,0,0,1,0,7.023090e-07,0
2313,0,0,1,0,9.205614e-07,0
2314,0,0,1,0,2.555237e-07,0
2315,0,0,1,0,4.882221e-07,0
2316,0,0,1,0,-2.094034e-07,0
2317,0,0,1,0,1.868161e-08,0
2318,0,0,1,0,-6.558631e-07,0
2319,0,0,1,0,-4.489088e-07,0
2320,0,0,1,0,-1.051609e-06,0
2321,0,0,1,0,-8.781369e-07,0
2322,0,0,1,0,-1.239270e-06,0
2323,0,0,1,0,7.168573e-07,0
2324,0,0,1,0,9.337154e-07,0
2325,0,0,1,0,2.547361e-07,0
2326,0,0,1,0,4.933381e-07,0
2327,0,0,1,0,-2.249199e-07,0
2328,0,0,1,0,1.346480e-08,0
2329,0,0,1,0,-6.821659e-07,0
2330,0,0,1,0,-4.637285e-07,0
2331,0,0,1,0,-1.082073e-06,0
2332,0,0,1,0,-8.984404e-07,0
2333,0,0,1,0,-1.258399e-06,0
2334,0,0,1,0,7.225424e-07,0
2335,0,0,1,0,9.325641e-07,0
2336,0,0,1,0,2.577958e-07,0
2337,0,0,1,0,5.009043e-07,0
2338,0,0,1,0,-2.275519e-07,0
2339,0,0,1,0,2.309428e-08,0
2340,0,0,1,0,-6.904248e-07,0
2341,0,0,1,0,-4.567886e-07,0
2342,0,0,1,0,-1.092001e-06,0
2343,0,0,1,0,-8.948785e-07,0
2344,0,0,1,0,-1.254256e-06,0
2345,0,0,1,0,7.326384e-07,0
2346,0,0,1,0,9.284149e-07,0
2347,0,0,1,0,2.814755e-07,0
2348,0,0,1,0,5.224271e-07,0
2349,0,0,1,0,-1.994654e-07,0
2350,0,0,1,0,6.125275e-08,0
2351,0,0,1,0,-6.646568e-07,0
2352,0,0,1,0,-4.133643e-07,0
2353,0,0,1,0,-1.069634e-06,0
2354,0,0,1,0,-8.547708e-07,0
2355,0,0,1,0,-1.218106e-06,0
2356,0,0,1,0,6.580043e-07,0
2357,0,0,1,0,2.394293e-07,0
2358,0,0,1,0,-2.176810e-07,0
2359,0,0,1,0,-6.706875e-07,0
2360,0,0,1,0,-1.073673e-06,0
2361,0,0,1,0,0,0
2362,0,0,1,0,-9.109427e-08,0
2363,0,0,1,0,-1.728063e-07,0
2364,0,0,1,0,0,0
2365,0,0,1,0,-8.222103e-08,0
2366,0,0,1,0,-1.571109e-07,0
2367,0,0,1,0,0,0
2368,0,0,1,0,-7.396247e-08,0
2369,0,0,1,0,-1.395122e-07,0
2370,0,0,1,0,0,0
2371,0,0,1,0,-6.778411e-08,0
2372,0,0,1,0,-1.222964e-07,0
2373,0,0,1,0,0,0
2374,0,0,1,0,-6.311642e-08,0
2375,0,0,1,0,-1.067633e-07,0
2376,0,0,1,0,0,0
2377,0,0,1,0,-9.327297e-08,0
2378,0,0,1,0,-1.833264e-07,0
2379,0,0,1,0,-2.117696e-07,0
2380,0,0,1,0,-1.578449e-07,0
2381,0,0,1,0,-1.800027e-07,0
2382,0,0,1,0,-1.311446e-07,0
2383,0,0,1,0,-1.439373e-07,0
2384,0,0,1,0,-1.059992e-07,0
2385,0,0,1,0,-1.074064e-07,0
2386,0,0,1,0,-8.407596e-08,0
2387,0,0,1,0,-7.383150e-08,0
2388,0,0,1,0,-4.621103e-08,0
2389,0,0,1,0,-2.204149e-07,0
2390,0,0,1,0,-2.768541e-07,0
2391,0,0,1,0,-1.734316e-07,0
2392,0,0,1,0,-2.189793e-07,0
2393,0,0,1,0,-1.233981e-07,0
2394,0,0,1,0,-1.549848e-07,0
2395,0,0,1,0,-7.469096e-08,0
2396,0,0,1,0,-8.995162e-08,0
2397,0,0,1,0,-3.119859e-08,0
2398,0,0,1,0,-2.880936e-08,0
2399,0,0,1,0,2.418520e-08,0
2400,0,0,1,0,-2.814102e-07,0
2401,0,0,1,0,-3.596271e-07,0
2402,0,0,1,0,-2.033991e-07,0
2403,0,0,1,0,-2.693646e-07,0
2404,0,0,1,0,-1.208710e-07,0
2405,0,0,1,0,-1.698612e-07,0
2406,0,0,1,0,-4.007961e-08,0
2407,0,0,1,0,-6.863578e-08,0
2408,0,0,1,0,3.319668e-08,0
2409,0,0,1,0,2.700302e-08,0
2410,0,0,1,0,1.105143e-07,0
2411,0,0,1,0,-3.541754e-07,0
2412,0,0,1,0,-4.556887e-07,0
2413,0,0,1,0,-2.389771e-07,0
2414,0,0,1,0,-3.278482e-07,0
2415,0,0,1,0,-1.172120e-07,0
2416,0,0,1,0,-1.871789e-07,0
2417,0,0,1,0,2.276125e-09,0
2418,0,0,1,0,-4.395558e-08,0
2419,0,0,1,0,1.112095e-07,0
2420,0,0,1,0,9.178520e-08,0
2421,0,0,1,0,2.110153e-07,0
2422,0,0,1,0,-4.359011e-07,0
2423,0,0,1,0,-5.595275e-07,0
2424,0,0,1,0,-2.793088e-07,0
2425,0,0,1,0,-3.916685e-07,0
2426,0,0,1,0,-1.136656e-07,0
2427,0,0,1,0,-2.066415e-07,0
2428,0,0,1,0,4.919170e-08,0
2429,0,0,1,0,-1.789751e-08,0
2430,0,0,1,0,1.981216e-07,0
2431,0,0,1,0,1.613686e-07,0
2432,0,0,1,0,3.191693e-07,0
2433,0,0,1,0,-5.226711e-07,0
2434,0,0,1,0,-6.673180e-07,0
2435,0,0,1,0,-3.227057e-07,0
2436,0,0,1,0,-4.584726e-07,0
2437,0,0,1,0,-1.107859e-07,0
2438,0,0,1,0,-2.278744e-07,0
2439,0,0,1,0,9.803994e-08,0
2440,0,0,1,0,7.909464e-09,0
2441,0,0,1,0,2.894919e-07,0
2442,0,0,1,0,2.324708e-07,0
2443,0,0,1,0,4.307662e-07,0
2444,0,0,1,0,-6.110095e-07,0
2445,0,0,1,0,-7.739260e-07,0
2446,0,0,1,0,-3.678153e-07,0
2447,0,0,1,0,-5.256458e-07,0
2448,0,0,1,0,-1.093956e-07,0
2449,0,0,1,0,-2.506514e-07,0
2450,0,0,1,0,1.460123e-07,0
2451,0,0,1,0,3.148581e-08,0
2452,0,0,1,0,3.809127e-07,0
2453,0,0,1,0,3.011446e-07,0
2454,0,0,1,0,5.400941e-07,0
2455,0,0,1,0,-6.973214e-07,0
2456,0,0,1,0,-8.751045e-07,0
2457,0,0,1,0,-4.133437e-07,0
2458,0,0,1,0,-5.909271e-07,0
2459,0,0,1,0,-1.104464e-07,0
2460,0,0,1,0,-2.749087e-07,0
2461,0,0,1,0,1.901398e-07,0
2462,0,0,1,0,5.080792e-08,0
2463,0,0,1,0,4.677287e-07,0
2464,0,0,1,0,3.636153e-07,0
2465,0,0,1,0,6.421135e-07,0
2466,0,0,1,0,-7.782369e-07,0
2467,0,0,1,0,-9.663231e-07,0
2468,0,0,1,0,-4.581385e-07,0
2469,0,0,1,0,-6.520074e-07,0
2470,0,0,1,0,-1.149832e-07,0
2471,0,0,1,0,-3.006099e-07,0
2472,0,0,1,0,2.274439e-07,0
2473,0,0,1,0,6.381874e-08,0
2474,0,0,1,0,5.454626e-07,0
2475,0,0,1,0,4.161078e-07,0
2476,0,0,1,0,7.318295e-07,0
2477,0,0,1,0,-8.503324e-07,0
2478,0,0,1,0,-1.043168e-06,0
2479,0,0,1,0,-5.009906e-07,0
2480,0,0,1,0,-7.064783e-07,0
2481,0,0,1,0,-1.239933e-07,0
2482,0,0,1,0,-3.275290e-07,0
2483,0,0,1,0,2.549959e-07,0
2484,0,0,1,0,6.865202e-08,0
2485,0,0,1,0,6.096666e-07,0
2486,0,0,1,0,4.549676e-07,0
2487,0,0,1,0,8.042201e-07,0
2488,0,0,1,0,-9.100602e-07,0
2489,0,0,1,0,-1.101178e-06,0
2490,0,0,1,0,-5.403701e-07,0
2491,0,0,1,0,-7.515171e-07,0
2492,0,0,1,0,-1.380713e-07,0
2493,0,0,1,0,-3.548314e-07,0
2494,0,0,1,0,2.702378e-07,0
2495,0,0,1,0,6.408421e-08,0
2496,0,0,1,0,6.562027e-07,0
2497,0,0,1,0,4.771269e-07,0
2498,0,0,1,0,8.548587e-07,0
2499,0,0,1,0,-9.533919e-07,0
2500,0,0,1,0,-1.135508e-06,0
2501,0,0,1,0,-5.739161e-07,0
2502,0,0,1,0,-7.833899e-07,0
2503,0,0,1,0,-1.568378e-07,0
2504,0,0,1,0,-3.804235e-07,0
2505,0,0,1,0,2.714878e-07,0
2506,0,0,1,0,5.019930e-08,0
2507,0,0,1,0,6.814934e-07,0
2508,0,0,1,0,4.805232e-07,0
2509,0,0,1,0,8.795916e-07,0
2510,0,0,1,0,-9.758359e-07,0
2511,0,0,1,0,-1.141608e-06,0
2512,0,0,1,0,-5.979877e-07,0
2513,0,0,1,0,-7.972276e-07,0
2514,0,0,1,0,-1.782416e-07,0
2515,0,0,1,0,-4.002297e-07,0
2516,0,0,1,0,2.587122e-07,0
2517,0,0,1,0,2.929863e-08,0
2518,0,0,1,0,6.832822e-07,0
2519,0,0,1,0,4.650854e-07,0
2520,0,0,1,0,8.759065e-07,0
2521,0,0,1,0,-9.719202e-07,0
2522,0,0,1,0,-1.115111e-06,0
2523,0,0,1,0,-6.066872e-07,0
2524,0,0,1,0,-7.864603e-07,0
2525,0,0,1,0,-1.973865e-07,0
2526,0,0,1,0,-4.073909e-07,0
2527,0,0,1,0,2.345944e-07,0
2528,0,0,1,0,6.677485e-09,0
2529,0,0,1,0,6.613605e-07,0
2530,0,0,1,0,4.333698e-07,0
2531,0,0,1,0,8.431703e-07,0
2532,0,0,1,0,-9.359398e-07,0
2533,0,0,1,0,-1.051618e-06,0
2534,0,0,1,0,-5.920741e-07,0
2535,0,0,1,0,-7.419689e-07,0
2536,0,0,1,0,-2.067591e-07,0
2537,0,0,1,0,-3.909620e-07,0
2538,0,0,1,0,2.041348e-07,0
2539,0,0,1,0,-8.240569e-09,0
2540,0,0,1,0,6.172485e-07,0
2541,0,0,1,0,3.909324e-07,0
2542,0,0,1,0,7.819271e-07,0
2543,0,0,1,0,-8.571525e-07,0
2544,0,0,1,0,-9.537019e-07,0
2545,0,0,1,0,-5.365768e-07,0
2546,0,0,1,0,-6.546063e-07,0
2547,0,0,1,0,-1.868853e-07,0
2548,0,0,1,0,-3.340667e-07,0
2549,0,0,1,0,1.847721e-07,0
2550,0,0,1,0,3.099727e-09,0
2551,0,0,1,0,5.652257e-07,0
2552,0,0,1,0,3.549419e-07,0
2553,0,0,1,0,7.116039e-07,0
2554,0,0,1,0,-8.116331e-07,0
2555,0,0,1,0,-5.116807e-07,0
2556,0,0,1,0,-2.047254e-07,0
2557,0,0,1,0,1.095786e-07,0
2558,0,0,1,0,4.334214e-07,0
2559,0,0,1,0,0,0
2560,0,0,1,0,0,0
2561,0,0,1,0,0,0
2562,0,0,1,0,0,0
2563,0,0,1,0,0,0
2564,0,0,1,0,0,0
2565,0,0,1,0,0,0
2566,0,0,1,0,0,0
2567,0,0,1,0,0,0
2568,0,0,1,0,0,0
2569,0,0,1,0,0,0
2570,0,0,1,0,0,0
2571,0,0,1,0,0,0
2572,0,0,1,0,0,0
2573,0,0,1,0,0,0
2574,0,0,1,0,0,0
2575,0,0,1,0,0,0
2576,0,0,1,0,0,0
2577,0,0,1,0,0,0
2578,0,0,1,0,0,0
2579,0,0,1,0,0,0
2580,0,0,1,0,0,0
2581,0,0,1,0,0,0
2582,0,0,1,0,0,0
2583,0,0,1,0,0,0
2584,0,0,1,0,0,0
2585,0,0,1,0,0,0
2586,0,0,1,0,0,0
2587,0,0,1,0,0,0
2588,0,0,1,0,0,0
2589,0,0,1,0,0,0
2590,0,0,1,0,0,0
2591,0,0,1,0,0,0
2592,0,0,1,0,0,0
2593,0,0,1,0,0,0
2594,0,0,1,0,0,0
2595,0,0,1,0,0,0
2596,0,0,1,0,0,0
2597,0,0,1,0,0,0
2598,0,0,1,0,0,0
2599,0,0,1,0,0,0
2600,0,0,1,0,0,0
2601,0,0,1,0,0,0
2602,0,0,1,0,0,0
2603,0,0,1,0,0,0
2604,0,0,1,0,0,0
2605,0,0,1,0,0,0
2606,0,0,1,0,0,0
2607,0,0,1,0,0,0
2608,0,0,1,0,0,0
2609,0,0,1,0,0,0
2610,0,0,1,0,0,0
2611,0,0,1,0,0,0
2612,0,0,1,0,0,0
2613,0,0,1,0,0,0
2614,0,0,1,0,0,0
2615,0,0,1,0,0,0
2616,0,0,1,0,0,0
2617,0,0,1,0,0,0
2618,0,0,1,0,0,0
2619,0,0,1,0,0,0
2620,0,0,1,0,0,0
2621,0,0,1,0,0,0
2622,0,0,1,0,0,0
2623,0,0,1,0,0,0
2624,0,0,1,0,0,0
2625,0,0,1,0,0,0
2626,0,0,1,0,0,0
2627,0,0,1,0,0,0
2628,0,0,1,0,0,0
2629,0,0,1,0,0,0
2630,0,0,1,0,0,0
2631,0,0,1,0,0,0
2632,0,0,1,0,0,0
2633,0,0,1,0,0,0
2634,0,0,1,0,0,0
2635,0,0,1,0,0,0
2636,0,0,1,0,0,0
2637,0,0,1,0,0,0
2638,0,0,1,0,0,0
2639,0,0,1,0,0,0
2640,0,0,1,0,0,0
2641,0,0,1,0,0,0
2642,0,0,1,0,0,0
2643,0,0,1,0,0,0
2644,0,0,1,0,0,0
2645,0,0,1,0,0,0
2646,0,0,1,0,0,0
2647,0,0,1,0,0,0
2648,0,0,1,0,0,0
2649,0,0,1,0,0,0
2650,0,0,1,0,0,0
2651,0,0,1,0,0,0
2652,0,0,1,0,0,0
2653,0,0,1,0,0,0
2654,0,0,1,0,0,0
2655,0,0,1,0,0,0
2656,0,0,1,0,0,0
2657,0,0,1,0,0,0
2658,0,0,1,0,0,0
2659,0,0,1,0,0,0
2660,0,0,1,0,0,0
2661,0,0,1,0,0,0
2662,0,0,1,0,0,0
2663,0,0,1,0,0,0
2664,0,0,1,0,0,0
2665,0,0,1,0,0,0
2666,0,0,1,0,0,0
FIELD POINTS
2
0.25,0.5,0.5
0.5,0.5,0.5
SOLVE