Example 1 : 3D INT, UNIT CUBE
GENERAL INFORMATION
0,0,0
1000,1500
235,0,0
NODES
2666
1,0.1000,0.0000,6.6000
2,0.0000,-0.1000,6.6000
3,0.0000,-0.4000,5.0000
4,0.4000,0.0000,5.0000
5,-0.1000,-0.0000,6.6000
6,-0.0000,0.1000,6.6000
7,-0.0000,0.4000,5.0000
8,-0.4000,-0.0000,5.0000
9,0.0000,0.0000,6.7000
10,0.0000,0.4000,0.0000
11,0.4000,0.0000,0.0000
12,-0.0000,-0.4000,0.0000
13,-0.4000,0.0000,0.0000
14,0.0000,0.0000,-0.4000
15,0.0967,-0.0256,6.6000
16,0.0710,-0.0704,6.6000
17,0.0260,-0.0966,6.6000
18,0.0869,-0.0495,6.6000
19,0.0502,-0.0865,6.6000
20,0.0000,-0.3427,5.3054
21,0.0000,-0.2867,5.6044
22,0.0000,-0.2327,5.8923
23,0.0000,-0.1828,6.1585
24,0.0000,-0.1421,6.3756
25,0.0000,-0.1163,6.5132
26,0.0000,-0.3714,5.1527
27,0.0000,-0.3147,5.4549
28,0.0000,-0.2597,5.7484
29,0.0000,-0.2077,6.0254
30,0.0000,-0.1624,6.2671
31,0.0000,-0.1292,6.4444
32,0.0000,-0.1081,6.5566
33,0.1037,-0.3863,5.0000
34,0.2828,-0.2829,5.0000
35,0.3863,-0.1037,5.0000
36,0.2002,-0.3463,5.0000
37,0.3463,-0.2003,5.0000
38,0.3426,0.0000,5.3061
39,0.2864,0.0000,5.6057
40,0.2326,0.0000,5.8929
41,0.1828,0.0000,6.1584
42,0.1421,0.0000,6.3755
43,0.1163,0.0000,6.5131
44,0.3713,0.0000,5.1530
45,0.3145,0.0000,5.4559
46,0.2595,0.0000,5.7493
47,0.2077,0.0000,6.0256
48,0.1624,0.0000,6.2669
49,0.1292,0.0000,6.4443
50,0.1081,0.0000,6.5566
51,-0.0967,0.0255,6.6000
52,-0.0711,0.0703,6.6000
53,-0.0261,0.0965,6.6000
54,-0.0869,0.0494,6.6000
55,-0.0503,0.0864,6.6000
56,-0.0000,0.3425,5.3064
57,-0.0000,0.2863,5.6062
58,-0.0000,0.2325,5.8931
59,-0.0000,0.1828,6.1585
60,-0.0000,0.1421,6.3754
61,-0.0000,0.1163,6.5131
62,-0.0000,0.3713,5.1532
63,-0.0000,0.3144,5.4563
64,-0.0000,0.2594,5.7496
65,-0.0000,0.2077,6.0258
66,-0.0000,0.1624,6.2670
67,-0.0000,0.1292,6.4443
68,-0.0000,0.1082,6.5565
69,-0.1036,0.3864,5.0000
70,-0.2827,0.2830,5.0000
71,-0.3863,0.1037,5.0000
72,-0.2001,0.3464,5.0000
73,-0.3462,0.2004,5.0000
74,-0.3424,-0.0000,5.3072
75,-0.2860,-0.0000,5.6078
76,-0.2321,-0.0000,5.8954
77,-0.1823,-0.0000,6.1609
78,-0.1418,-0.0000,6.3770
79,-0.1162,-0.0000,6.5138
80,-0.3712,-0.0000,5.1536
81,-0.3142,-0.0000,5.4575
82,-0.2591,-0.0000,5.7516
83,-0.2072,-0.0000,6.0281
84,-0.1621,-0.0000,6.2689
85,-0.1290,-0.0000,6.4454
86,-0.1081,-0.0000,6.5569
87,-0.0257,-0.0967,6.6000
88,-0.0705,-0.0709,6.6000
89,-0.0966,-0.0259,6.6000
90,-0.0496,-0.0868,6.6000
91,-0.0866,-0.0500,6.6000
92,-0.3864,-0.1035,5.0000
93,-0.2827,-0.2830,5.0000
94,-0.1033,-0.3864,5.0000
95,-0.3464,-0.2000,5.0000
96,-0.1996,-0.3466,5.0000
97,0.0256,0.0967,6.6000
98,0.0704,0.0710,6.6000
99,0.0966,0.0260,6.6000
100,0.0495,0.0869,6.6000
101,0.0865,0.0502,6.6000
102,0.3863,0.1037,5.0000
103,0.2828,0.2828,5.0000
104,0.1037,0.3863,5.0000
105,0.3463,0.2002,5.0000
106,0.2003,0.3463,5.0000
107,0.0000,0.0383,6.6924
108,0.0000,0.0924,6.6383
109,0.0000,0.0707,6.6707
110,0.0383,0.0000,6.6924
111,0.0924,0.0000,6.6383
112,0.0707,0.0000,6.6707
113,-0.0000,-0.0924,6.6383
114,-0.0000,-0.0383,6.6924
115,-0.0000,-0.0707,6.6707
116,-0.0924,0.0000,6.6382
117,-0.0384,0.0000,6.6924
118,-0.0708,0.0000,6.6706
119,0.1038,0.3863,0.0000
120,0.2834,0.2822,0.0000
121,0.3865,0.1030,0.0000
122,0.2005,0.3461,0.0000
123,0.3470,0.1990,0.0000
124,0.0000,0.4000,0.2362
125,0.0000,0.4000,4.7481
126,0.0000,0.4000,4.2140
127,0.0000,0.4000,3.6434
128,0.0000,0.4000,3.0643
129,0.0000,0.4000,2.4834
130,0.0000,0.4000,1.9028
131,0.0000,0.4000,1.3247
132,0.0000,0.4000,0.7545
133,0.0000,0.4000,0.4725
134,0.0000,0.4000,1.0366
135,0.0000,0.4000,1.6128
136,0.0000,0.4000,2.1929
137,0.0000,0.4000,2.7738
138,0.0000,0.4000,3.3549
139,0.0000,0.4000,3.9319
140,0.0000,0.4000,4.4962
141,0.4000,0.0000,0.2347
142,0.4000,0.0000,4.7485
143,0.4000,0.0000,4.2156
144,0.4000,0.0000,3.6464
145,0.4000,0.0000,3.0680
146,0.4000,0.0000,2.4862
147,0.4000,0.0000,1.9035
148,0.4000,0.0000,1.3232
149,0.4000,0.0000,0.7518
150,0.4000,0.0000,0.4695
151,0.4000,0.0000,1.0342
152,0.4000,0.0000,1.6122
153,0.4000,0.0000,2.1948
154,0.4000,0.0000,2.7775
155,0.4000,0.0000,3.3585
156,0.4000,0.0000,3.9342
157,0.4000,0.0000,4.4970
158,-0.1032,-0.3865,0.0000
159,-0.2827,-0.2830,0.0000
160,-0.3864,-0.1034,0.0000
161,-0.1993,-0.3468,0.0000
162,-0.3465,-0.1998,0.0000
163,-0.0000,-0.4000,0.2359
164,-0.0000,-0.4000,4.7481
165,-0.0000,-0.4000,4.2140
166,-0.0000,-0.4000,3.6433
167,-0.0000,-0.4000,3.0641
168,-0.0000,-0.4000,2.4823
169,-0.0000,-0.4000,1.9010
170,-0.0000,-0.4000,1.3229
171,-0.0000,-0.4000,0.7535
172,-0.0000,-0.4000,0.4718
173,-0.0000,-0.4000,1.0351
174,-0.0000,-0.4000,1.6106
175,-0.0000,-0.4000,2.1913
176,-0.0000,-0.4000,2.7733
177,-0.0000,-0.4000,3.3549
178,-0.0000,-0.4000,3.9317
179,-0.0000,-0.4000,4.4962
180,-0.4000,0.0000,0.2365
181,-0.4000,0.0000,4.7476
182,-0.4000,0.0000,4.2125
183,-0.4000,0.0000,3.6411
184,-0.4000,0.0000,3.0617
185,-0.4000,0.0000,2.4806
186,-0.4000,0.0000,1.9006
187,-0.4000,0.0000,1.3234
188,-0.4000,0.0000,0.7545
189,-0.4000,0.0000,0.4730
190,-0.4000,0.0000,1.0360
191,-0.4000,0.0000,1.6109
192,-0.4000,0.0000,2.1903
193,-0.4000,0.0000,2.7710
194,-0.4000,0.0000,3.3524
195,-0.4000,0.0000,3.9299
196,-0.4000,0.0000,4.4951
197,-0.3864,0.1035,0.0000
198,-0.2826,0.2831,0.0000
199,-0.1032,0.3865,0.0000
200,-0.3464,0.2000,0.0000
201,-0.1995,0.3467,0.0000
202,0.3865,-0.1031,0.0000
203,0.2834,-0.2823,0.0000
204,0.1038,-0.3863,0.0000
205,0.3469,-0.1992,0.0000
206,0.2005,-0.3461,0.0000
207,0.1532,0.0000,-0.3695
208,0.3696,0.0000,-0.1530
209,0.2830,0.0000,-0.2827
210,0.0000,0.1528,-0.3697
211,0.0000,0.3694,-0.1534
212,0.0000,0.2823,-0.2833
213,-0.3694,0.0000,-0.1535
214,-0.1526,0.0000,-0.3697
215,-0.2822,0.0000,-0.2835
216,-0.0000,-0.3694,-0.1533
217,-0.0000,-0.1528,-0.3697
218,-0.0000,-0.2824,-0.2833
219,0.1046,-0.0281,6.5557
220,0.1133,-0.0305,6.5071
221,0.1250,-0.0337,6.4423
222,0.1382,-0.0373,6.3689
223,0.1565,-0.0422,6.2676
224,0.1764,-0.0476,6.1576
225,0.1996,-0.0539,6.0295
226,0.2237,-0.0604,5.8965
227,0.2492,-0.0673,5.7553
228,0.2752,-0.0743,5.6116
229,0.3020,-0.0815,5.4633
230,0.3292,-0.0888,5.3129
231,0.3571,-0.0963,5.1587
232,0.0939,-0.0541,6.5549
233,0.1020,-0.0590,6.5041
234,0.1122,-0.0650,6.4407
235,0.1244,-0.0720,6.3655
236,0.1402,-0.0812,6.2676
237,0.1581,-0.0916,6.1574
238,0.1785,-0.1034,6.0314
239,0.2000,-0.1159,5.8986
240,0.2227,-0.1290,5.7587
241,0.2459,-0.1424,5.6152
242,0.2698,-0.1563,5.4675
243,0.2942,-0.1704,5.3169
244,0.3194,-0.1849,5.1617
245,0.0768,-0.0765,6.5546
246,0.0835,-0.0834,6.5032
247,0.0918,-0.0917,6.4401
248,0.1018,-0.1017,6.3645
249,0.1146,-0.1146,6.2676
250,0.1292,-0.1292,6.1573
251,0.1457,-0.1457,6.0320
252,0.1633,-0.1633,5.8993
253,0.1818,-0.1818,5.7597
254,0.2008,-0.2008,5.6162
255,0.2203,-0.2203,5.4688
256,0.2402,-0.2402,5.3181
257,0.2608,-0.2608,5.1627
258,0.0544,-0.0937,6.5549
259,0.0591,-0.1019,6.5042
260,0.0650,-0.1122,6.4407
261,0.0720,-0.1244,6.3656
262,0.0812,-0.1402,6.2677
263,0.0916,-0.1581,6.1574
264,0.1034,-0.1785,6.0314
265,0.1159,-0.2000,5.8985
266,0.1290,-0.2227,5.7584
267,0.1425,-0.2460,5.6148
268,0.1563,-0.2699,5.4672
269,0.1704,-0.2943,5.3166
270,0.1849,-0.3194,5.1616
271,0.0283,-0.1045,6.5557
272,0.0306,-0.1133,6.5071
273,0.0337,-0.1249,6.4424
274,0.0373,-0.1382,6.3689
275,0.0422,-0.1565,6.2677
276,0.0476,-0.1764,6.1577
277,0.0539,-0.1996,6.0293
278,0.0604,-0.2237,5.8961
279,0.0673,-0.2493,5.7548
280,0.0743,-0.2753,5.6108
281,0.0815,-0.3021,5.4627
282,0.0888,-0.3293,5.3125
283,0.0963,-0.3571,5.1585
284,-0.1045,0.0280,6.5559
285,-0.1132,0.0305,6.5076
286,-0.1248,0.0337,6.4431
287,-0.1380,0.0372,6.3701
288,-0.1563,0.0422,6.2692
289,-0.1761,0.0475,6.1596
290,-0.1992,0.0538,6.0315
291,-0.2233,0.0603,5.8986
292,-0.2488,0.0672,5.7574
293,-0.2748,0.0742,5.6135
294,-0.3017,0.0814,5.4649
295,-0.3290,0.0888,5.3140
296,-0.3570,0.0963,5.1593
297,-0.0939,0.0541,6.5551
298,-0.1019,0.0589,6.5045
299,-0.1121,0.0649,6.4413
300,-0.1242,0.0719,6.3664
301,-0.1400,0.0811,6.2688
302,-0.1578,0.0914,6.1589
303,-0.1782,0.1032,6.0332
304,-0.1997,0.1157,5.9005
305,-0.2224,0.1288,5.7605
306,-0.2456,0.1423,5.6169
307,-0.2696,0.1562,5.4690
308,-0.2941,0.1703,5.3179
309,-0.3193,0.1849,5.1623
310,-0.0768,0.0765,6.5547
311,-0.0835,0.0833,6.5035
312,-0.0917,0.0917,6.4405
313,-0.1017,0.1017,6.3651
314,-0.1145,0.1145,6.2685
315,-0.1290,0.1290,6.1585
316,-0.1456,0.1456,6.0334
317,-0.1631,0.1631,5.9008
318,-0.1816,0.1816,5.7614
319,-0.2006,0.2006,5.6178
320,-0.2201,0.2201,5.4702
321,-0.2401,0.2401,5.3190
322,-0.2607,0.2608,5.1632
323,-0.0545,0.0937,6.5549
324,-0.0591,0.1019,6.5043
325,-0.0650,0.1121,6.4409
326,-0.0720,0.1243,6.3659
327,-0.0812,0.1401,6.2682
328,-0.0915,0.1580,6.1582
329,-0.1033,0.1783,6.0324
330,-0.1157,0.1998,5.8997
331,-0.1289,0.2225,5.7599
332,-0.1423,0.2457,5.6163
333,-0.1562,0.2697,5.4686
334,-0.1703,0.2941,5.3176
335,-0.1848,0.3194,5.1621
336,-0.0283,0.1045,6.5557
337,-0.0306,0.1133,6.5071
338,-0.0337,0.1249,6.4424
339,-0.0373,0.1382,6.3690
340,-0.0422,0.1565,6.2679
341,-0.0476,0.1764,6.1580
342,-0.0538,0.1995,6.0300
343,-0.0603,0.2235,5.8971
344,-0.0672,0.2490,5.7561
345,-0.0742,0.2750,5.6124
346,-0.0815,0.3019,5.4640
347,-0.0888,0.3291,5.3134
348,-0.0962,0.3571,5.1590
349,-0.0962,-0.3571,5.1586
350,-0.1848,-0.3195,5.1618
351,-0.2607,-0.2608,5.1629
352,-0.3193,-0.1849,5.1621
353,-0.3570,-0.0962,5.1592
354,-0.0888,-0.3292,5.3127
355,-0.1704,-0.2942,5.3170
356,-0.2401,-0.2402,5.3186
357,-0.2941,-0.1704,5.3176
358,-0.3290,-0.0888,5.3139
359,-0.0815,-0.3021,5.4630
360,-0.1563,-0.2698,5.4677
361,-0.2202,-0.2202,5.4696
362,-0.2696,-0.1562,5.4686
363,-0.3017,-0.0814,5.4647
364,-0.0743,-0.2753,5.6112
365,-0.1424,-0.2459,5.6154
366,-0.2006,-0.2007,5.6172
367,-0.2457,-0.1423,5.6165
368,-0.2749,-0.0742,5.6133
369,-0.0673,-0.2492,5.7551
370,-0.1289,-0.2226,5.7591
371,-0.1816,-0.1816,5.7608
372,-0.2224,-0.1288,5.7602
373,-0.2488,-0.0672,5.7572
374,-0.0604,-0.2237,5.8965
375,-0.1158,-0.1999,5.8992
376,-0.1632,-0.1632,5.9005
377,-0.1997,-0.1157,5.9002
378,-0.2233,-0.0603,5.8985
379,-0.0539,-0.1996,6.0297
380,-0.1033,-0.1784,6.0322
381,-0.1456,-0.1456,6.0333
382,-0.1782,-0.1032,6.0331
383,-0.1992,-0.0538,6.0315
384,-0.0476,-0.1764,6.1581
385,-0.0915,-0.1580,6.1582
386,-0.1290,-0.1290,6.1585
387,-0.1578,-0.0914,6.1589
388,-0.1761,-0.0475,6.1596
389,-0.0422,-0.1565,6.2680
390,-0.0812,-0.1401,6.2683
391,-0.1144,-0.1145,6.2685
392,-0.1400,-0.0811,6.2689
393,-0.1563,-0.0422,6.2692
394,-0.0373,-0.1382,6.3692
395,-0.0720,-0.1243,6.3660
396,-0.1016,-0.1017,6.3652
397,-0.1242,-0.0720,6.3665
398,-0.1380,-0.0373,6.3701
399,-0.0337,-0.1249,6.4425
400,-0.0649,-0.1121,6.4410
401,-0.0917,-0.0917,6.4406
402,-0.1121,-0.0649,6.4413
403,-0.1248,-0.0337,6.4432
404,-0.0305,-0.1133,6.5072
405,-0.0590,-0.1019,6.5044
406,-0.0833,-0.0834,6.5036
407,-0.1019,-0.0591,6.5046
408,-0.1132,-0.0306,6.5076
409,-0.0281,-0.1045,6.5557
410,-0.0542,-0.0939,6.5550
411,-0.0766,-0.0767,6.5547
412,-0.0937,-0.0543,6.5551
413,-0.1045,-0.0282,6.5559
414,0.0963,0.3571,5.1589
415,0.1849,0.3194,5.1619
416,0.2608,0.2608,5.1629
417,0.3194,0.1849,5.1619
418,0.3571,0.0963,5.1588
419,0.0888,0.3291,5.3133
420,0.1704,0.2942,5.3172
421,0.2402,0.2402,5.3185
422,0.2942,0.1704,5.3171
423,0.3292,0.0888,5.3131
424,0.0815,0.3019,5.4638
425,0.1563,0.2697,5.4680
426,0.2202,0.2202,5.4694
427,0.2698,0.1563,5.4679
428,0.3019,0.0815,5.4635
429,0.0742,0.2751,5.6121
430,0.1424,0.2458,5.6157
431,0.2007,0.2007,5.6169
432,0.2458,0.1424,5.6156
433,0.2751,0.0743,5.6118
434,0.0672,0.2491,5.7557
435,0.1289,0.2226,5.7592
436,0.1817,0.1817,5.7602
437,0.2226,0.1289,5.7591
438,0.2491,0.0672,5.7555
439,0.0604,0.2236,5.8967
440,0.1158,0.1999,5.8989
441,0.1633,0.1633,5.8997
442,0.2000,0.1158,5.8989
443,0.2236,0.0604,5.8966
444,0.0539,0.1996,6.0296
445,0.1034,0.1785,6.0316
446,0.1457,0.1457,6.0322
447,0.1785,0.1034,6.0316
448,0.1996,0.0539,6.0295
449,0.0476,0.1764,6.1577
450,0.0916,0.1581,6.1574
451,0.1292,0.1292,6.1573
452,0.1581,0.0916,6.1574
453,0.1764,0.0476,6.1576
454,0.0422,0.1565,6.2676
455,0.0812,0.1402,6.2676
456,0.1146,0.1146,6.2675
457,0.1402,0.0812,6.2676
458,0.1565,0.0423,6.2676
459,0.0373,0.1382,6.3688
460,0.0720,0.1244,6.3655
461,0.1017,0.1018,6.3644
462,0.1244,0.0721,6.3655
463,0.1382,0.0373,6.3688
464,0.0337,0.1250,6.4422
465,0.0650,0.1122,6.4406
466,0.0917,0.0918,6.4400
467,0.1122,0.0650,6.4406
468,0.1250,0.0337,6.4423
469,0.0305,0.1133,6.5070
470,0.0590,0.1020,6.5041
471,0.0834,0.0835,6.5032
472,0.1019,0.0591,6.5041
473,0.1133,0.0306,6.5071
474,0.0281,0.1046,6.5557
475,0.0541,0.0939,6.5549
476,0.0766,0.0768,6.5546
477,0.0937,0.0544,6.5549
478,0.1045,0.0283,6.5557
479,0.0798,0.0548,6.6251
480,0.0699,0.0354,6.6620
481,0.0627,0.0630,6.6457
482,0.0389,0.0390,6.6835
483,0.0351,0.0701,6.6621
484,0.0894,0.0303,6.6331
485,0.0543,0.0801,6.6251
486,0.0299,0.0895,6.6330
487,0.0695,0.0700,6.6165
488,-0.0799,-0.0546,6.6251
489,-0.0700,-0.0353,6.6620
490,-0.0628,-0.0630,6.6457
491,-0.0390,-0.0390,6.6834
492,-0.0353,-0.0700,6.6620
493,-0.0894,-0.0302,6.6330
494,-0.0544,-0.0800,6.6251
495,-0.0300,-0.0894,6.6330
496,-0.0696,-0.0699,6.6165
497,-0.0802,0.0542,6.6251
498,-0.0390,0.0388,6.6834
499,-0.0702,0.0350,6.6620
500,-0.0355,0.0699,6.6621
501,-0.0631,0.0626,6.6457
502,-0.0895,0.0299,6.6330
503,-0.0549,0.0797,6.6251
504,-0.0303,0.0893,6.6331
505,-0.0701,0.0694,6.6165
506,0.0801,-0.0543,6.6251
507,0.0354,-0.0699,6.6620
508,0.0630,-0.0627,6.6457
509,0.0390,-0.0389,6.6835
510,0.0701,-0.0351,6.6621
511,0.0895,-0.0299,6.6330
512,0.0548,-0.0798,6.6251
513,0.0303,-0.0894,6.6331
514,0.0700,-0.0695,6.6165
515,0.1053,0.3858,0.2388
516,0.1057,0.3857,0.4826
517,0.1059,0.3856,0.7571
518,0.1059,0.3856,1.0382
519,0.1059,0.3856,1.3250
520,0.1059,0.3856,1.6132
521,0.1059,0.3856,1.9031
522,0.1059,0.3856,2.1933
523,0.1059,0.3856,2.4838
524,0.1059,0.3856,2.7743
525,0.1059,0.3856,3.0648
526,0.1059,0.3856,3.3549
527,0.1059,0.3856,3.6433
528,0.1059,0.3856,3.9305
529,0.1058,0.3856,4.2123
530,0.1057,0.3857,4.4897
531,0.1053,0.3858,4.7465
532,0.2025,0.3448,0.2404
533,0.2031,0.3445,0.4877
534,0.2032,0.3444,0.7587
535,0.2033,0.3443,1.0390
536,0.2033,0.3443,1.3252
537,0.2033,0.3443,1.6134
538,0.2033,0.3443,1.9033
539,0.2033,0.3443,2.1937
540,0.2033,0.3443,2.4843
541,0.2033,0.3443,2.7749
542,0.2033,0.3443,3.0653
543,0.2033,0.3443,3.3552
544,0.2033,0.3443,3.6435
545,0.2033,0.3443,3.9299
546,0.2032,0.3444,4.2112
547,0.2031,0.3445,4.4863
548,0.2024,0.3449,4.7455
549,0.2851,0.2804,0.2408
550,0.2856,0.2798,0.4889
551,0.2857,0.2797,0.7590
552,0.2858,0.2796,1.0390
553,0.2858,0.2796,1.3251
554,0.2858,0.2796,1.6135
555,0.2858,0.2796,1.9035
556,0.2858,0.2796,2.1940
557,0.2858,0.2796,2.4847
558,0.2858,0.2796,2.7755
559,0.2858,0.2796,3.0659
560,0.2858,0.2796,3.3557
561,0.2858,0.2796,3.6438
562,0.2858,0.2796,3.9300
563,0.2857,0.2797,4.2111
564,0.2856,0.2799,4.4854
565,0.2850,0.2805,4.7451
566,0.3478,0.1973,0.2399
567,0.3481,0.1968,0.4867
568,0.3482,0.1966,0.7578
569,0.3482,0.1966,1.0382
570,0.3482,0.1966,1.3247
571,0.3482,0.1965,1.6133
572,0.3482,0.1965,1.9035
573,0.3482,0.1966,2.1943
574,0.3482,0.1966,2.4852
575,0.3482,0.1965,2.7761
576,0.3482,0.1965,3.0665
577,0.3482,0.1965,3.3564
578,0.3482,0.1966,3.6445
579,0.3482,0.1966,3.9307
580,0.3482,0.1966,4.2118
581,0.3481,0.1968,4.4867
582,0.3477,0.1975,4.7456
583,0.3868,0.1016,0.2377
584,0.3869,0.1013,0.4806
585,0.3869,0.1011,0.7553
586,0.3869,0.1011,1.0366
587,0.3869,0.1011,1.3240
588,0.3869,0.1011,1.6128
589,0.3869,0.1011,1.9035
590,0.3869,0.1011,2.1946
591,0.3869,0.1011,2.4857
592,0.3869,0.1011,2.7767
593,0.3869,0.1011,3.0672
594,0.3869,0.1011,3.3573
595,0.3869,0.1011,3.6453
596,0.3869,0.1011,3.9321
597,0.3869,0.1011,4.2134
598,0.3869,0.1013,4.4904
599,0.3868,0.1017,4.7468
600,-0.1017,-0.3868,0.2387
601,-0.1013,-0.3869,0.4823
602,-0.1012,-0.3869,0.7565
603,-0.1011,-0.3869,1.0372
604,-0.1011,-0.3869,1.3235
605,-0.1011,-0.3869,1.6113
606,-0.1011,-0.3869,1.9011
607,-0.1011,-0.3869,2.1913
608,-0.1011,-0.3869,2.4821
609,-0.1011,-0.3869,2.7729
610,-0.1011,-0.3869,3.0636
611,-0.1011,-0.3869,3.3540
612,-0.1011,-0.3869,3.6424
613,-0.1011,-0.3869,3.9297
614,-0.1011,-0.3869,4.2118
615,-0.1013,-0.3869,4.4895
616,-0.1017,-0.3868,4.7464
617,-0.1974,-0.3478,0.2406
618,-0.1968,-0.3481,0.4879
619,-0.1966,-0.3482,0.7587
620,-0.1966,-0.3482,1.0385
621,-0.1966,-0.3482,1.3241
622,-0.1965,-0.3482,1.6117
623,-0.1965,-0.3482,1.9012
624,-0.1966,-0.3482,2.1912
625,-0.1966,-0.3482,2.4818
626,-0.1966,-0.3482,2.7725
627,-0.1965,-0.3482,3.0631
628,-0.1965,-0.3482,3.3532
629,-0.1966,-0.3482,3.6417
630,-0.1966,-0.3482,3.9284
631,-0.1966,-0.3482,4.2102
632,-0.1968,-0.3481,4.4858
633,-0.1974,-0.3478,4.7452
634,-0.2805,-0.2850,0.2414
635,-0.2799,-0.2856,0.4899
636,-0.2797,-0.2857,0.7596
637,-0.2796,-0.2858,1.0390
638,-0.2796,-0.2858,1.3243
639,-0.2796,-0.2858,1.6118
640,-0.2796,-0.2858,1.9011
641,-0.2796,-0.2858,2.1911
642,-0.2796,-0.2858,2.4815
643,-0.2796,-0.2858,2.7721
644,-0.2796,-0.2858,3.0627
645,-0.2796,-0.2858,3.3527
646,-0.2796,-0.2858,3.6412
647,-0.2796,-0.2858,3.9278
648,-0.2797,-0.2857,4.2095
649,-0.2799,-0.2856,4.4844
650,-0.2805,-0.2850,4.7447
651,-0.3449,-0.2023,0.2408
652,-0.3445,-0.2030,0.4884
653,-0.3444,-0.2032,0.7591
654,-0.3443,-0.2033,1.0388
655,-0.3443,-0.2033,1.3243
656,-0.3443,-0.2033,1.6118
657,-0.3443,-0.2033,1.9010
658,-0.3443,-0.2033,2.1909
659,-0.3443,-0.2033,2.4813
660,-0.3443,-0.2033,2.7718
661,-0.3443,-0.2033,3.0623
662,-0.3443,-0.2033,3.3524
663,-0.3443,-0.2033,3.6410
664,-0.3443,-0.2033,3.9278
665,-0.3444,-0.2032,4.2097
666,-0.3445,-0.2031,4.4853
667,-0.3449,-0.2024,4.7449
668,-0.3858,-0.1052,0.2391
669,-0.3857,-0.1057,0.4832
670,-0.3856,-0.1058,0.7573
671,-0.3856,-0.1059,1.0378
672,-0.3856,-0.1059,1.3239
673,-0.3856,-0.1059,1.6114
674,-0.3856,-0.1059,1.9008
675,-0.3856,-0.1059,2.1906
676,-0.3856,-0.1059,2.4809
677,-0.3856,-0.1059,2.7714
678,-0.3856,-0.1059,3.0620
679,-0.3856,-0.1059,3.3523
680,-0.3856,-0.1059,3.6410
681,-0.3856,-0.1059,3.9285
682,-0.3856,-0.1059,4.2108
683,-0.3857,-0.1057,4.4886
684,-0.3858,-0.1053,4.7460
685,-0.1017,0.3868,0.2389
686,-0.1974,0.3478,0.2408
687,-0.2805,0.2850,0.2415
688,-0.3449,0.2024,0.2409
689,-0.3858,0.1053,0.2392
690,-0.1013,0.3869,0.4828
691,-0.1968,0.3481,0.4883
692,-0.2799,0.2856,0.4902
693,-0.3445,0.2030,0.4886
694,-0.3857,0.1057,0.4833
695,-0.1012,0.3869,0.7574
696,-0.1966,0.3482,0.7594
697,-0.2797,0.2857,0.7601
698,-0.3444,0.2032,0.7594
699,-0.3856,0.1058,0.7575
700,-0.1011,0.3869,1.0384
701,-0.1966,0.3482,1.0395
702,-0.2796,0.2858,1.0398
703,-0.3443,0.2033,1.0393
704,-0.3856,0.1059,1.0380
705,-0.1011,0.3869,1.3250
706,-0.1966,0.3482,1.3252
707,-0.2796,0.2858,1.3252
708,-0.3443,0.2033,1.3248
709,-0.3856,0.1059,1.3242
710,-0.1011,0.3869,1.6130
711,-0.1965,0.3482,1.6130
712,-0.2796,0.2858,1.6128
713,-0.3443,0.2033,1.6124
714,-0.3856,0.1059,1.6118
715,-0.1011,0.3869,1.9026
716,-0.1965,0.3482,1.9024
717,-0.2796,0.2858,1.9020
718,-0.3443,0.2033,1.9016
719,-0.3856,0.1059,1.9011
720,-0.1011,0.3869,2.1926
721,-0.1966,0.3482,2.1923
722,-0.2796,0.2858,2.1918
723,-0.3443,0.2033,2.1914
724,-0.3856,0.1059,2.1909
725,-0.1011,0.3869,2.4829
726,-0.1966,0.3482,2.4825
727,-0.2796,0.2858,2.4821
728,-0.3443,0.2033,2.4816
729,-0.3856,0.1059,2.4811
730,-0.1011,0.3869,2.7734
731,-0.1966,0.3482,2.7729
732,-0.2796,0.2858,2.7724
733,-0.3443,0.2033,2.7720
734,-0.3856,0.1059,2.7715
735,-0.1011,0.3869,3.0638
736,-0.1965,0.3482,3.0633
737,-0.2796,0.2858,3.0628
738,-0.3443,0.2033,3.0624
739,-0.3856,0.1059,3.0620
740,-0.1011,0.3869,3.3540
741,-0.1965,0.3482,3.3533
742,-0.2796,0.2858,3.3528
743,-0.3443,0.2033,3.3524
744,-0.3856,0.1059,3.3523
745,-0.1011,0.3869,3.6425
746,-0.1966,0.3482,3.6418
747,-0.2796,0.2858,3.6413
748,-0.3443,0.2033,3.6410
749,-0.3856,0.1059,3.6410
750,-0.1011,0.3869,3.9299
751,-0.1966,0.3482,3.9285
752,-0.2796,0.2858,3.9278
753,-0.3443,0.2033,3.9278
754,-0.3856,0.1059,3.9285
755,-0.1011,0.3869,4.2119
756,-0.1966,0.3482,4.2103
757,-0.2797,0.2857,4.2095
758,-0.3444,0.2032,4.2097
759,-0.3856,0.1059,4.2108
760,-0.1013,0.3869,4.4895
761,-0.1968,0.3481,4.4858
762,-0.2799,0.2856,4.4844
763,-0.3445,0.2031,4.4853
764,-0.3857,0.1057,4.4886
765,-0.1017,0.3868,4.7464
766,-0.1975,0.3477,4.7452
767,-0.2805,0.2850,4.7447
768,-0.3448,0.2025,4.7450
769,-0.3858,0.1053,4.7460
770,0.1053,-0.3858,0.2385
771,0.2025,-0.3448,0.2402
772,0.2851,-0.2804,0.2406
773,0.3478,-0.1973,0.2398
774,0.3868,-0.1016,0.2377
775,0.1057,-0.3857,0.4821
776,0.2031,-0.3445,0.4873
777,0.2856,-0.2798,0.4886
778,0.3481,-0.1968,0.4864
779,0.3869,-0.1013,0.4804
780,0.1059,-0.3856,0.7562
781,0.2032,-0.3444,0.7580
782,0.2857,-0.2797,0.7584
783,0.3482,-0.1966,0.7574
784,0.3869,-0.1011,0.7551
785,0.1059,-0.3856,1.0370
786,0.2033,-0.3443,1.0380
787,0.2858,-0.2796,1.0383
788,0.3482,-0.1966,1.0377
789,0.3869,-0.1011,1.0364
790,0.1059,-0.3856,1.3235
791,0.2033,-0.3443,1.3240
792,0.2858,-0.2796,1.3242
793,0.3482,-0.1966,1.3241
794,0.3869,-0.1011,1.3238
795,0.1059,-0.3856,1.6115
796,0.2033,-0.3443,1.6121
797,0.2858,-0.2796,1.6125
798,0.3482,-0.1965,1.6126
799,0.3869,-0.1011,1.6125
800,0.1059,-0.3856,1.9016
801,0.2033,-0.3443,1.9021
802,0.2858,-0.2796,1.9026
803,0.3482,-0.1965,1.9029
804,0.3869,-0.1011,1.9033
805,0.1059,-0.3856,2.1920
806,0.2033,-0.3443,2.1927
807,0.2858,-0.2796,2.1933
808,0.3482,-0.1966,2.1938
809,0.3869,-0.1011,2.1943
810,0.1059,-0.3856,2.4830
811,0.2033,-0.3443,2.4836
812,0.2858,-0.2796,2.4842
813,0.3482,-0.1966,2.4849
814,0.3869,-0.1011,2.4855
815,0.1059,-0.3856,2.7739
816,0.2033,-0.3443,2.7745
817,0.2858,-0.2796,2.7752
818,0.3482,-0.1965,2.7759
819,0.3869,-0.1011,2.7766
820,0.1059,-0.3856,3.0646
821,0.2033,-0.3443,3.0651
822,0.2858,-0.2796,3.0657
823,0.3482,-0.1965,3.0664
824,0.3869,-0.1011,3.0672
825,0.1059,-0.3856,3.3549
826,0.2033,-0.3443,3.3552
827,0.2858,-0.2796,3.3556
828,0.3482,-0.1965,3.3564
829,0.3869,-0.1011,3.3573
830,0.1059,-0.3856,3.6433
831,0.2033,-0.3443,3.6434
832,0.2858,-0.2796,3.6438
833,0.3482,-0.1966,3.6444
834,0.3869,-0.1011,3.6453
835,0.1059,-0.3856,3.9304
836,0.2033,-0.3443,3.9298
837,0.2858,-0.2796,3.9299
838,0.3482,-0.1966,3.9307
839,0.3869,-0.1011,3.9321
840,0.1058,-0.3856,4.2123
841,0.2032,-0.3444,4.2112
842,0.2857,-0.2797,4.2110
843,0.3482,-0.1966,4.2118
844,0.3869,-0.1012,4.2134
845,0.1057,-0.3857,4.4897
846,0.2031,-0.3445,4.4863
847,0.2856,-0.2799,4.4854
848,0.3481,-0.1968,4.4867
849,0.3869,-0.1013,4.4904
850,0.1053,-0.3858,4.7465
851,0.2024,-0.3449,4.7454
852,0.2850,-0.2805,4.7451
853,0.3477,-0.1975,4.7456
854,0.3868,-0.1017,4.7468
855,0.2187,0.3194,-0.1004
856,0.1559,0.1556,-0.3338
857,0.1415,0.2798,-0.2482
858,0.2803,0.1410,-0.2480
859,0.2519,0.2512,-0.1826
860,0.1209,0.3575,-0.1323
861,0.3201,0.2177,-0.1003
862,0.3578,0.1202,-0.1321
863,0.2794,0.2784,-0.0658
864,-0.3197,-0.2183,-0.1005
865,-0.1204,-0.3576,-0.1323
866,-0.2179,-0.3199,-0.1004
867,-0.2798,-0.1413,-0.2483
868,-0.2514,-0.2516,-0.1827
869,-0.1555,-0.1557,-0.3339
870,-0.1412,-0.2800,-0.2482
871,-0.3575,-0.1206,-0.1324
872,-0.2788,-0.2791,-0.0659
873,-0.3196,0.2183,-0.1004
874,-0.1556,0.1557,-0.3339
875,-0.2798,0.1413,-0.2483
876,-0.1412,0.2799,-0.2482
877,-0.2514,0.2517,-0.1827
878,-0.3575,0.1207,-0.1323
879,-0.2180,0.3199,-0.1004
880,-0.1204,0.3576,-0.1323
881,-0.2787,0.2791,-0.0658
882,0.2794,-0.2785,-0.0658
883,0.1209,-0.3575,-0.1323
884,0.2187,-0.3194,-0.1003
885,0.3577,-0.1203,-0.1321
886,0.3200,-0.2178,-0.1003
887,0.1415,-0.2798,-0.2482
888,0.2519,-0.2513,-0.1826
889,0.1559,-0.1556,-0.3338
890,0.2803,-0.1411,-0.2479
891,0.0983,-0.0128,6.6000
892,0.1006,-0.0268,6.5778
893,0.1064,-0.0140,6.5561
894,0.1041,0.0000,6.5783
895,0.1089,-0.0293,6.5314
896,0.1148,-0.0153,6.5101
897,0.1122,0.0000,6.5348
898,0.1191,-0.0321,6.4747
899,0.1271,-0.0169,6.4433
900,0.1227,0.0000,6.4787
901,0.1316,-0.0355,6.4056
902,0.1402,-0.0187,6.3722
903,0.1356,0.0000,6.4099
904,0.1474,-0.0398,6.3182
905,0.1595,-0.0211,6.2673
906,0.1523,0.0000,6.3212
907,0.1665,-0.0449,6.2126
908,0.1796,-0.0238,6.1580
909,0.1726,0.0000,6.2127
910,0.1880,-0.0507,6.0935
911,0.2037,-0.0269,6.0275
912,0.1952,0.0000,6.0920
913,0.2116,-0.0571,5.9630
914,0.2281,-0.0302,5.8947
915,0.2201,0.0000,5.9593
916,0.2364,-0.0638,5.8259
917,0.2543,-0.0336,5.7523
918,0.2460,0.0000,5.8211
919,0.2622,-0.0708,5.6835
920,0.2808,-0.0371,5.6087
921,0.2730,0.0000,5.6775
922,0.2886,-0.0779,5.5375
923,0.3082,-0.0407,5.4596
924,0.3005,0.0000,5.5308
925,0.3156,-0.0852,5.3881
926,0.3359,-0.0444,5.3095
927,0.3286,0.0000,5.3810
928,0.3431,-0.0925,5.2358
929,0.3642,-0.0481,5.1559
930,0.3570,0.0000,5.2296
931,0.3717,-0.1000,5.0794
932,0.3932,-0.0518,5.0000
933,0.3857,0.0000,5.0765
934,0.0918,-0.0375,6.6000
935,0.0904,-0.0518,6.5774
936,0.0992,-0.0411,6.5553
937,0.0979,-0.0566,6.5295
938,0.1076,-0.0448,6.5056
939,0.1071,-0.0620,6.4724
940,0.1186,-0.0493,6.4415
941,0.1183,-0.0685,6.4031
942,0.1313,-0.0547,6.3672
943,0.1323,-0.0766,6.3166
944,0.1484,-0.0617,6.2676
945,0.1492,-0.0864,6.2125
946,0.1673,-0.0696,6.1575
947,0.1683,-0.0975,6.0944
948,0.1890,-0.0786,6.0304
949,0.1892,-0.1096,5.9650
950,0.2118,-0.0881,5.8975
951,0.2113,-0.1224,5.8287
952,0.2359,-0.0981,5.7570
953,0.2343,-0.1357,5.6869
954,0.2605,-0.1084,5.6134
955,0.2579,-0.1494,5.5413
956,0.2859,-0.1189,5.4654
957,0.2820,-0.1634,5.3922
958,0.3117,-0.1296,5.3149
959,0.3068,-0.1777,5.2393
960,0.3382,-0.1406,5.1602
961,0.3328,-0.1926,5.0809
962,0.3663,-0.1520,5.0000
963,0.0789,-0.0600,6.6000
964,0.0739,-0.0735,6.5773
965,0.0854,-0.0653,6.5547
966,0.0801,-0.0800,6.5289
967,0.0927,-0.0712,6.5037
968,0.0876,-0.0875,6.4717
969,0.1020,-0.0783,6.4404
970,0.0968,-0.0967,6.4023
971,0.1131,-0.0869,6.3650
972,0.1082,-0.1082,6.3160
973,0.1274,-0.0979,6.2676
974,0.1219,-0.1219,6.2124
975,0.1436,-0.1104,6.1573
976,0.1375,-0.1375,6.0947
977,0.1621,-0.1246,6.0317
978,0.1545,-0.1545,5.9657
979,0.1817,-0.1396,5.8990
980,0.1725,-0.1725,5.8295
981,0.2022,-0.1554,5.7592
982,0.1913,-0.1913,5.6880
983,0.2233,-0.1716,5.6157
984,0.2105,-0.2105,5.5425
985,0.2451,-0.1883,5.4682
986,0.2303,-0.2303,5.3934
987,0.2672,-0.2053,5.3175
988,0.2505,-0.2505,5.2404
989,0.2901,-0.2229,5.1622
990,0.2718,-0.2718,5.0813
991,0.3145,-0.2416,5.0000
992,0.0606,-0.0785,6.6000
993,0.0523,-0.0901,6.5774
994,0.0656,-0.0851,6.5547
995,0.0568,-0.0978,6.5295
996,0.0713,-0.0926,6.5037
997,0.0621,-0.1070,6.4724
998,0.0784,-0.1020,6.4404
999,0.0685,-0.1183,6.4031
1000,0.0869,-0.1130,6.3650
1001,0.0766,-0.1323,6.3166
1002,0.0979,-0.1274,6.2676
1003,0.0864,-0.1491,6.2125
1004,0.1104,-0.1436,6.1574
1005,0.0975,-0.1683,6.0944
1006,0.1246,-0.1621,6.0317
1007,0.1096,-0.1893,5.9649
1008,0.1396,-0.1817,5.8989
1009,0.1224,-0.2114,5.8284
1010,0.1554,-0.2022,5.7591
1011,0.1357,-0.2343,5.6866
1012,0.1716,-0.2234,5.6155
1013,0.1494,-0.2579,5.5410
1014,0.1883,-0.2451,5.4680
1015,0.1634,-0.2821,5.3919
1016,0.2053,-0.2673,5.3174
1017,0.1777,-0.3068,5.2391
1018,0.2229,-0.2901,5.1621
1019,0.1926,-0.3328,5.0808
1020,0.2415,-0.3146,5.0000
1021,0.0381,-0.0915,6.6000
1022,0.0271,-0.1005,6.5778
1023,0.0413,-0.0991,6.5553
1024,0.0294,-0.1089,6.5314
1025,0.0449,-0.1076,6.5056
1026,0.0322,-0.1191,6.4747
1027,0.0494,-0.1186,6.4415
1028,0.0355,-0.1316,6.4057
1029,0.0547,-0.1313,6.3673
1030,0.0398,-0.1474,6.3183
1031,0.0617,-0.1484,6.2677
1032,0.0449,-0.1665,6.2127
1033,0.0696,-0.1673,6.1575
1034,0.0507,-0.1880,6.0935
1035,0.0786,-0.1891,6.0304
1036,0.0571,-0.2117,5.9627
1037,0.0881,-0.2119,5.8973
1038,0.0638,-0.2365,5.8254
1039,0.0981,-0.2360,5.7566
1040,0.0708,-0.2623,5.6828
1041,0.1084,-0.2606,5.6128
1042,0.0779,-0.2887,5.5368
1043,0.1189,-0.2860,5.4650
1044,0.0852,-0.3157,5.3876
1045,0.1296,-0.3118,5.3146
1046,0.0926,-0.3432,5.2355
1047,0.1406,-0.3383,5.1601
1048,0.1000,-0.3717,5.0793
1049,0.1520,-0.3663,5.0000
1050,0.0130,-0.0983,6.6000
1051,0.0000,-0.1041,6.5783
1052,0.0141,-0.1063,6.5561
1053,0.0000,-0.1122,6.5349
1054,0.0153,-0.1148,6.5102
1055,0.0000,-0.1227,6.4788
1056,0.0169,-0.1271,6.4434
1057,0.0000,-0.1356,6.4100
1058,0.0187,-0.1401,6.3723
1059,0.0000,-0.1522,6.3214
1060,0.0211,-0.1595,6.2674
1061,0.0000,-0.1726,6.2128
1062,0.0238,-0.1796,6.1581
1063,0.0000,-0.1953,6.0920
1064,0.0269,-0.2037,6.0274
1065,0.0000,-0.2202,5.9589
1066,0.0302,-0.2282,5.8942
1067,0.0000,-0.2462,5.8204
1068,0.0336,-0.2545,5.7516
1069,0.0000,-0.2732,5.6764
1070,0.0372,-0.2810,5.6076
1071,0.0000,-0.3007,5.5297
1072,0.0408,-0.3084,5.4588
1073,0.0000,-0.3287,5.3802
1074,0.0444,-0.3360,5.3090
1075,0.0000,-0.3570,5.2291
1076,0.0481,-0.3642,5.1556
1077,0.0000,-0.3857,5.0764
1078,0.0518,-0.3932,5.0000
1079,-0.0983,0.0128,6.6000
1080,-0.1006,0.0268,6.5780
1081,-0.1063,0.0140,6.5564
1082,-0.1040,-0.0000,6.5784
1083,-0.1089,0.0293,6.5318
1084,-0.1147,0.0152,6.5107
1085,-0.1121,-0.0000,6.5353
1086,-0.1190,0.0321,6.4754
1087,-0.1269,0.0168,6.4443
1088,-0.1226,-0.0000,6.4796
1089,-0.1314,0.0355,6.4066
1090,-0.1399,0.0186,6.3735
1091,-0.1354,-0.0000,6.4112
1092,-0.1471,0.0397,6.3196
1093,-0.1592,0.0211,6.2691
1094,-0.1519,-0.0000,6.3230
1095,-0.1662,0.0448,6.2144
1096,-0.1792,0.0238,6.1602
1097,-0.1722,-0.0000,6.2149
1098,-0.1877,0.0506,6.0956
1099,-0.2032,0.0269,6.0298
1100,-0.1948,-0.0000,6.0945
1101,-0.2113,0.0570,5.9651
1102,-0.2277,0.0301,5.8970
1103,-0.2197,-0.0000,5.9618
1104,-0.2360,0.0637,5.8280
1105,-0.2539,0.0336,5.7545
1106,-0.2456,-0.0000,5.8235
1107,-0.2618,0.0707,5.6855
1108,-0.2804,0.0371,5.6107
1109,-0.2726,-0.0000,5.6797
1110,-0.2883,0.0778,5.5392
1111,-0.3080,0.0407,5.4612
1112,-0.3001,-0.0000,5.5327
1113,-0.3153,0.0851,5.3894
1114,-0.3357,0.0444,5.3106
1115,-0.3283,-0.0000,5.3824
1116,-0.3430,0.0925,5.2367
1117,-0.3641,0.0481,5.1565
1118,-0.3568,-0.0000,5.2304
1119,-0.3716,0.1000,5.0797
1120,-0.3932,0.0519,5.0000
1121,-0.3856,-0.0000,5.0768
1122,-0.0918,0.0375,6.6000
1123,-0.0904,0.0517,6.5775
1124,-0.0992,0.0411,6.5555
1125,-0.0979,0.0565,6.5298
1126,-0.1076,0.0447,6.5061
1127,-0.1070,0.0619,6.4729
1128,-0.1185,0.0493,6.4422
1129,-0.1182,0.0684,6.4039
1130,-0.1311,0.0546,6.3682
1131,-0.1321,0.0765,6.3176
1132,-0.1481,0.0616,6.2690
1133,-0.1489,0.0863,6.2139
1134,-0.1670,0.0695,6.1592
1135,-0.1680,0.0973,6.0960
1136,-0.1887,0.0785,6.0324
1137,-0.1889,0.1095,5.9668
1138,-0.2115,0.0880,5.8995
1139,-0.2110,0.1222,5.8305
1140,-0.2356,0.0980,5.7590
1141,-0.2340,0.1355,5.6887
1142,-0.2602,0.1082,5.6152
1143,-0.2576,0.1492,5.5429
1144,-0.2856,0.1188,5.4669
1145,-0.2818,0.1633,5.3934
1146,-0.3115,0.1296,5.3159
1147,-0.3067,0.1776,5.2401
1148,-0.3381,0.1406,5.1608
1149,-0.3327,0.1926,5.0811
1150,-0.3663,0.1520,5.0000
1151,-0.0790,0.0599,6.6000
1152,-0.0740,0.0734,6.5773
1153,-0.0854,0.0653,6.5549
1154,-0.0801,0.0799,6.5291
1155,-0.0927,0.0711,6.5040
1156,-0.0876,0.0875,6.4720
1157,-0.1019,0.0783,6.4409
1158,-0.0967,0.0967,6.4028
1159,-0.1129,0.0868,6.3658
1160,-0.1081,0.1081,6.3168
1161,-0.1272,0.0978,6.2686
1162,-0.1217,0.1217,6.2135
1163,-0.1434,0.1102,6.1587
1164,-0.1373,0.1373,6.0959
1165,-0.1619,0.1244,6.0333
1166,-0.1543,0.1543,5.9671
1167,-0.1814,0.1394,5.9007
1168,-0.1723,0.1723,5.8311
1169,-0.2020,0.1552,5.7609
1170,-0.1911,0.1911,5.6896
1171,-0.2231,0.1714,5.6174
1172,-0.2103,0.2103,5.5440
1173,-0.2448,0.1881,5.4696
1174,-0.2301,0.2301,5.3946
1175,-0.2671,0.2052,5.3185
1176,-0.2504,0.2505,5.2411
1177,-0.2900,0.2229,5.1627
1178,-0.2717,0.2719,5.0816
1179,-0.3145,0.2417,5.0000
1180,-0.0607,0.0784,6.6000
1181,-0.0524,0.0901,6.5775
1182,-0.0656,0.0851,6.5548
1183,-0.0568,0.0978,6.5296
1184,-0.0713,0.0926,6.5039
1185,-0.0621,0.1070,6.4726
1186,-0.0784,0.1019,6.4407
1187,-0.0685,0.1182,6.4034
1188,-0.0868,0.1130,6.3655
1189,-0.0766,0.1322,6.3171
1190,-0.0978,0.1273,6.2683
1191,-0.0863,0.1490,6.2132
1192,-0.1103,0.1435,6.1583
1193,-0.0974,0.1681,6.0953
1194,-0.1244,0.1619,6.0329
1195,-0.1095,0.1891,5.9661
1196,-0.1394,0.1815,5.9003
1197,-0.1223,0.2111,5.8298
1198,-0.1552,0.2020,5.7606
1199,-0.1356,0.2341,5.6881
1200,-0.1714,0.2231,5.6171
1201,-0.1493,0.2577,5.5425
1202,-0.1881,0.2449,5.4694
1203,-0.1633,0.2819,5.3931
1204,-0.2052,0.2671,5.3183
1205,-0.1776,0.3067,5.2399
1206,-0.2228,0.2901,5.1627
1207,-0.1924,0.3329,5.0811
1208,-0.2414,0.3147,5.0000
1209,-0.0382,0.0915,6.6000
1210,-0.0272,0.1005,6.5778
1211,-0.0414,0.0991,6.5553
1212,-0.0294,0.1089,6.5314
1213,-0.0449,0.1076,6.5057
1214,-0.0322,0.1191,6.4748
1215,-0.0494,0.1185,6.4417
1216,-0.0355,0.1316,6.4057
1217,-0.0547,0.1313,6.3675
1218,-0.0398,0.1473,6.3185
1219,-0.0617,0.1483,6.2681
1220,-0.0449,0.1664,6.2130
1221,-0.0695,0.1672,6.1581
1222,-0.0507,0.1879,6.0940
1223,-0.0786,0.1889,6.0312
1224,-0.0571,0.2115,5.9635
1225,-0.0880,0.2117,5.8984
1226,-0.0638,0.2363,5.8266
1227,-0.0980,0.2358,5.7580
1228,-0.0707,0.2620,5.6843
1229,-0.1083,0.2604,5.6144
1230,-0.0778,0.2884,5.5382
1231,-0.1188,0.2858,5.4663
1232,-0.0851,0.3155,5.3887
1233,-0.1296,0.3116,5.3155
1234,-0.0925,0.3431,5.2362
1235,-0.1405,0.3382,5.1606
1236,-0.0999,0.3717,5.0795
1237,-0.1518,0.3664,5.0000
1238,-0.0130,0.0983,6.6000
1239,-0.0000,0.1041,6.5783
1240,-0.0141,0.1063,6.5561
1241,-0.0000,0.1122,6.5348
1242,-0.0153,0.1148,6.5101
1243,-0.0000,0.1228,6.4787
1244,-0.0169,0.1271,6.4433
1245,-0.0000,0.1357,6.4099
1246,-0.0187,0.1402,6.3722
1247,-0.0000,0.1523,6.3212
1248,-0.0211,0.1595,6.2674
1249,-0.0000,0.1726,6.2127
1250,-0.0238,0.1796,6.1583
1251,-0.0000,0.1952,6.0921
1252,-0.0269,0.2036,6.0279
1253,-0.0000,0.2201,5.9594
1254,-0.0302,0.2280,5.8951
1255,-0.0000,0.2460,5.8213
1256,-0.0336,0.2542,5.7529
1257,-0.0000,0.2729,5.6779
1258,-0.0371,0.2807,5.6093
1259,-0.0000,0.3004,5.5312
1260,-0.0407,0.3082,5.4602
1261,-0.0000,0.3285,5.3813
1262,-0.0444,0.3358,5.3099
1263,-0.0000,0.3569,5.2298
1264,-0.0481,0.3642,5.1561
1265,-0.0000,0.3856,5.0766
1266,-0.0518,0.3932,5.0000
1267,-0.0481,-0.3643,5.1557
1268,-0.0997,-0.3718,5.0793
1269,-0.0517,-0.3932,5.0000
1270,-0.1405,-0.3383,5.1602
1271,-0.1922,-0.3330,5.0809
1272,-0.1515,-0.3665,5.0000
1273,-0.2227,-0.2901,5.1624
1274,-0.2717,-0.2719,5.0815
1275,-0.2412,-0.3148,5.0000
1276,-0.2900,-0.2228,5.1625
1277,-0.3329,-0.1924,5.0811
1278,-0.3146,-0.2415,5.0000
1279,-0.3382,-0.1405,5.1607
1280,-0.3717,-0.0999,5.0796
1281,-0.3664,-0.1517,5.0000
1282,-0.3641,-0.0481,5.1564
1283,-0.3932,-0.0518,5.0000
1284,-0.0444,-0.3360,5.3090
1285,-0.0925,-0.3432,5.2356
1286,-0.1296,-0.3117,5.3148
1287,-0.1776,-0.3068,5.2394
1288,-0.2053,-0.2672,5.3178
1289,-0.2504,-0.2505,5.2408
1290,-0.2671,-0.2053,5.3181
1291,-0.3067,-0.1776,5.2399
1292,-0.3116,-0.1296,5.3157
1293,-0.3430,-0.0925,5.2366
1294,-0.3357,-0.0444,5.3106
1295,-0.0408,-0.3084,5.4589
1296,-0.0852,-0.3156,5.3878
1297,-0.1189,-0.2859,5.4653
1298,-0.1633,-0.2820,5.3924
1299,-0.1882,-0.2450,5.4687
1300,-0.2302,-0.2302,5.3941
1301,-0.2449,-0.1882,5.4691
1302,-0.2819,-0.1633,5.3931
1303,-0.2857,-0.1188,5.4666
1304,-0.3154,-0.0851,5.3893
1305,-0.3080,-0.0407,5.4611
1306,-0.0371,-0.2810,5.6078
1307,-0.0779,-0.2887,5.5371
1308,-0.1084,-0.2606,5.6133
1309,-0.1493,-0.2578,5.5416
1310,-0.1715,-0.2233,5.6163
1311,-0.2104,-0.2104,5.5434
1312,-0.2232,-0.1715,5.6168
1313,-0.2577,-0.1493,5.5425
1314,-0.2603,-0.1083,5.6149
1315,-0.2883,-0.0778,5.5390
1316,-0.2804,-0.0371,5.6106
1317,-0.0336,-0.2544,5.7517
1318,-0.0708,-0.2622,5.6831
1319,-0.0981,-0.2359,5.7571
1320,-0.1357,-0.2342,5.6873
1321,-0.1553,-0.2021,5.7600
1322,-0.1911,-0.1911,5.6890
1323,-0.2020,-0.1552,5.7605
1324,-0.2341,-0.1356,5.6883
1325,-0.2356,-0.0980,5.7587
1326,-0.2618,-0.0707,5.6853
1327,-0.2540,-0.0336,5.7544
1328,-0.0302,-0.2282,5.8944
1329,-0.0638,-0.2364,5.8258
1330,-0.0881,-0.2118,5.8979
1331,-0.1224,-0.2112,5.8292
1332,-0.1395,-0.1815,5.8999
1333,-0.1724,-0.1724,5.8307
1334,-0.1814,-0.1394,5.9004
1335,-0.2111,-0.1223,5.8302
1336,-0.2115,-0.0880,5.8994
1337,-0.2361,-0.0637,5.8279
1338,-0.2277,-0.0301,5.8970
1339,-0.0269,-0.2036,6.0276
1340,-0.0571,-0.2116,5.9631
1341,-0.0786,-0.1890,6.0310
1342,-0.1096,-0.1891,5.9657
1343,-0.1245,-0.1620,6.0327
1344,-0.1544,-0.1544,5.9669
1345,-0.1619,-0.1244,6.0332
1346,-0.1890,-0.1095,5.9667
1347,-0.1887,-0.0785,6.0323
1348,-0.2113,-0.0570,5.9650
1349,-0.2032,-0.0269,6.0298
1350,-0.0238,-0.1796,6.1583
1351,-0.0507,-0.1880,6.0939
1352,-0.0695,-0.1672,6.1581
1353,-0.0974,-0.1682,6.0952
1354,-0.1103,-0.1435,6.1583
1355,-0.1373,-0.1373,6.0959
1356,-0.1434,-0.1102,6.1587
1357,-0.1680,-0.0973,6.0960
1358,-0.1670,-0.0695,6.1592
1359,-0.1877,-0.0506,6.0955
1360,-0.1792,-0.0238,6.1602
1361,-0.0211,-0.1594,6.2676
1362,-0.0449,-0.1664,6.2130
1363,-0.0617,-0.1483,6.2682
1364,-0.0863,-0.1490,6.2132
1365,-0.0978,-0.1273,6.2684
1366,-0.1217,-0.1217,6.2135
1367,-0.1272,-0.0978,6.2687
1368,-0.1489,-0.0863,6.2139
1369,-0.1481,-0.0616,6.2691
1370,-0.1662,-0.0448,6.2144
1371,-0.1592,-0.0211,6.2691
1372,-0.0186,-0.1401,6.3724
1373,-0.0398,-0.1473,6.3186
1374,-0.0546,-0.1312,6.3676
1375,-0.0766,-0.1322,6.3172
1376,-0.0868,-0.1130,6.3656
1377,-0.1080,-0.1081,6.3169
1378,-0.1129,-0.0868,6.3659
1379,-0.1321,-0.0765,6.3177
1380,-0.1311,-0.0546,6.3683
1381,-0.1471,-0.0397,6.3197
1382,-0.1399,-0.0186,6.3736
1383,-0.0169,-0.1270,6.4435
1384,-0.0355,-0.1315,6.4059
1385,-0.0493,-0.1185,6.4418
1386,-0.0685,-0.1182,6.4035
1387,-0.0783,-0.1019,6.4408
1388,-0.0967,-0.0967,6.4029
1389,-0.1019,-0.0783,6.4410
1390,-0.1181,-0.0684,6.4039
1391,-0.1184,-0.0493,6.4423
1392,-0.1314,-0.0355,6.4066
1393,-0.1269,-0.0168,6.4443
1394,-0.0153,-0.1148,6.5102
1395,-0.0321,-0.1191,6.4749
1396,-0.0448,-0.1076,6.5058
1397,-0.0620,-0.1070,6.4727
1398,-0.0712,-0.0927,6.5040
1399,-0.0875,-0.0876,6.4721
1400,-0.0926,-0.0712,6.5041
1401,-0.1070,-0.0620,6.4729
1402,-0.1075,-0.0448,6.5061
1403,-0.1190,-0.0321,6.4754
1404,-0.1147,-0.0153,6.5107
1405,-0.0140,-0.1063,6.5562
1406,-0.0293,-0.1089,6.5315
1407,-0.0411,-0.0992,6.5554
1408,-0.0566,-0.0979,6.5297
1409,-0.0654,-0.0853,6.5549
1410,-0.0800,-0.0801,6.5291
1411,-0.0852,-0.0655,6.5549
1412,-0.0978,-0.0567,6.5298
1413,-0.0991,-0.0413,6.5555
1414,-0.1088,-0.0294,6.5318
1415,-0.1063,-0.0141,6.5564
1416,-0.0128,-0.0983,6.6000
1417,-0.0269,-0.1006,6.5779
1418,-0.0376,-0.0917,6.6000
1419,-0.0519,-0.0903,6.5775
1420,-0.0601,-0.0789,6.6000
1421,-0.0736,-0.0738,6.5774
1422,-0.0786,-0.0605,6.6000
1423,-0.0902,-0.0522,6.5775
1424,-0.0916,-0.0380,6.6000
1425,-0.1005,-0.0271,6.5780
1426,-0.0983,-0.0130,6.6000
1427,0.0481,0.3642,5.1561
1428,0.1000,0.3717,5.0795
1429,0.0518,0.3932,5.0000
1430,0.1406,0.3382,5.1604
1431,0.1926,0.3328,5.0810
1432,0.1520,0.3663,5.0000
1433,0.2228,0.2901,5.1624
1434,0.2718,0.2718,5.0814
1435,0.2416,0.3145,5.0000
1436,0.2901,0.2228,5.1624
1437,0.3328,0.1926,5.0809
1438,0.3146,0.2415,5.0000
1439,0.3382,0.1406,5.1604
1440,0.3717,0.1000,5.0794
1441,0.3663,0.1520,5.0000
1442,0.3642,0.0481,5.1559
1443,0.3932,0.0518,5.0000
1444,0.0444,0.3358,5.3098
1445,0.0925,0.3431,5.2361
1446,0.1296,0.3116,5.3152
1447,0.1777,0.3068,5.2396
1448,0.2053,0.2672,5.3179
1449,0.2505,0.2505,5.2407
1450,0.2672,0.2053,5.3178
1451,0.3068,0.1777,5.2395
1452,0.3117,0.1296,5.3151
1453,0.3431,0.0925,5.2359
1454,0.3359,0.0444,5.3096
1455,0.0407,0.3082,5.4600
1456,0.0851,0.3155,5.3885
1457,0.1189,0.2858,5.4659
1458,0.1633,0.2820,5.3926
1459,0.1882,0.2450,5.4687
1460,0.2302,0.2302,5.3939
1461,0.2450,0.1882,5.4686
1462,0.2820,0.1633,5.3925
1463,0.2859,0.1189,5.4657
1464,0.3156,0.0852,5.3883
1465,0.3082,0.0407,5.4597
1466,0.0371,0.2807,5.6091
1467,0.0779,0.2885,5.5379
1468,0.1083,0.2605,5.6139
1469,0.1493,0.2578,5.5419
1470,0.1715,0.2233,5.6163
1471,0.2105,0.2105,5.5431
1472,0.2233,0.1716,5.6162
1473,0.2578,0.1493,5.5417
1474,0.2605,0.1083,5.6137
1475,0.2885,0.0779,5.5377
1476,0.2808,0.0371,5.6088
1477,0.0336,0.2543,5.7527
1478,0.0707,0.2621,5.6839
1479,0.0981,0.2358,5.7574
1480,0.1357,0.2342,5.6874
1481,0.1553,0.2022,5.7597
1482,0.1912,0.1912,5.6885
1483,0.2022,0.1553,5.7597
1484,0.2342,0.1357,5.6873
1485,0.2359,0.0981,5.7573
1486,0.2621,0.0707,5.6837
1487,0.2543,0.0336,5.7524
1488,0.0302,0.2281,5.8949
1489,0.0638,0.2364,5.8262
1490,0.0881,0.2118,5.8978
1491,0.1224,0.2113,5.8290
1492,0.1395,0.1816,5.8993
1493,0.1725,0.1725,5.8300
1494,0.1816,0.1395,5.8993
1495,0.2113,0.1224,5.8290
1496,0.2118,0.0881,5.8977
1497,0.2364,0.0638,5.8261
1498,0.2281,0.0302,5.8947
1499,0.0269,0.2036,6.0277
1500,0.0571,0.2116,5.9631
1501,0.0786,0.1890,6.0306
1502,0.1096,0.1892,5.9653
1503,0.1245,0.1621,6.0319
1504,0.1545,0.1545,5.9659
1505,0.1621,0.1245,6.0319
1506,0.1892,0.1096,5.9652
1507,0.1890,0.0786,6.0305
1508,0.2116,0.0571,5.9631
1509,0.2036,0.0269,6.0276
1510,0.0238,0.1796,6.1581
1511,0.0507,0.1880,6.0936
1512,0.0696,0.1673,6.1575
1513,0.0975,0.1683,6.0945
1514,0.1104,0.1436,6.1574
1515,0.1374,0.1374,6.0948
1516,0.1436,0.1104,6.1574
1517,0.1683,0.0975,6.0945
1518,0.1673,0.0696,6.1575
1519,0.1880,0.0507,6.0936
1520,0.1796,0.0238,6.1580
1521,0.0211,0.1595,6.2673
1522,0.0449,0.1665,6.2126
1523,0.0617,0.1484,6.2676
1524,0.0864,0.1492,6.2125
1525,0.0979,0.1274,6.2676
1526,0.1219,0.1219,6.2124
1527,0.1274,0.0979,6.2676
1528,0.1492,0.0864,6.2125
1529,0.1484,0.0617,6.2676
1530,0.1665,0.0449,6.2126
1531,0.1595,0.0211,6.2673
1532,0.0187,0.1402,6.3721
1533,0.0398,0.1474,6.3182
1534,0.0547,0.1313,6.3671
1535,0.0766,0.1323,6.3165
1536,0.0869,0.1131,6.3650
1537,0.1082,0.1082,6.3160
1538,0.1131,0.0869,6.3650
1539,0.1323,0.0766,6.3165
1540,0.1313,0.0547,6.3672
1541,0.1474,0.0398,6.3182
1542,0.1402,0.0187,6.3722
1543,0.0169,0.1271,6.4432
1544,0.0355,0.1316,6.4055
1545,0.0493,0.1186,6.4414
1546,0.0685,0.1183,6.4030
1547,0.0784,0.1020,6.4403
1548,0.0967,0.0968,6.4022
1549,0.1020,0.0784,6.4403
1550,0.1183,0.0685,6.4031
1551,0.1186,0.0494,6.4415
1552,0.1316,0.0355,6.4056
1553,0.1271,0.0169,6.4433
1554,0.0153,0.1148,6.5101
1555,0.0321,0.1191,6.4746
1556,0.0448,0.1076,6.5056
1557,0.0620,0.1071,6.4724
1558,0.0712,0.0927,6.5037
1559,0.0876,0.0876,6.4716
1560,0.0926,0.0713,6.5037
1561,0.1071,0.0621,6.4724
1562,0.1076,0.0449,6.5056
1563,0.1191,0.0322,6.4747
1564,0.1148,0.0153,6.5101
1565,0.0140,0.1064,6.5561
1566,0.0293,0.1089,6.5313
1567,0.0411,0.0992,6.5553
1568,0.0566,0.0980,6.5295
1569,0.0653,0.0854,6.5547
1570,0.0800,0.0801,6.5289
1571,0.0851,0.0656,6.5547
1572,0.0978,0.0568,6.5295
1573,0.0991,0.0413,6.5553
1574,0.1089,0.0294,6.5314
1575,0.1063,0.0141,6.5561
1576,0.0128,0.0983,6.6000
1577,0.0268,0.1006,6.5778
1578,0.0375,0.0918,6.6000
1579,0.0518,0.0904,6.5774
1580,0.0600,0.0789,6.6000
1581,0.0735,0.0739,6.5773
1582,0.0785,0.0606,6.6000
1583,0.0901,0.0523,6.5774
1584,0.0915,0.0381,6.6000
1585,0.1005,0.0271,6.5778
1586,0.0983,0.0130,6.6000
1587,0.0831,0.0525,6.6126
1588,0.0846,0.0425,6.6291
1589,0.0930,0.0281,6.6165
1590,0.0909,0.0151,6.6357
1591,0.0962,0.0000,6.6191
1592,0.0796,0.0328,6.6476
1593,0.0703,0.0177,6.6664
1594,0.0815,0.0000,6.6545
1595,0.0712,0.0589,6.6354
1596,0.0663,0.0492,6.6539
1597,0.0746,0.0624,6.6208
1598,0.0619,0.0750,6.6208
1599,0.0585,0.0716,6.6354
1600,0.0544,0.0372,6.6728
1601,0.0386,0.0195,6.6879
1602,0.0545,0.0000,6.6816
1603,0.0489,0.0666,6.6539
1604,0.0370,0.0545,6.6728
1605,0.0421,0.0848,6.6291
1606,0.0325,0.0798,6.6476
1607,0.0194,0.0386,6.6879
1608,0.0000,0.0191,6.6962
1609,0.0191,0.0000,6.6962
1610,0.0175,0.0704,6.6664
1611,0.0000,0.0545,6.6816
1612,0.0150,0.0909,6.6357
1613,0.0000,0.0815,6.6545
1614,0.0700,0.0705,6.6082
1615,0.0519,0.0835,6.6126
1616,0.0278,0.0931,6.6165
1617,-0.0000,0.0962,6.6191
1618,-0.0832,-0.0523,6.6125
1619,-0.0846,-0.0424,6.6290
1620,-0.0930,-0.0280,6.6165
1621,-0.0909,-0.0151,6.6356
1622,-0.0962,-0.0000,6.6191
1623,-0.0797,-0.0328,6.6475
1624,-0.0704,-0.0177,6.6663
1625,-0.0816,0.0000,6.6544
1626,-0.0713,-0.0588,6.6354
1627,-0.0664,-0.0492,6.6538
1628,-0.0747,-0.0623,6.6208
1629,-0.0620,-0.0750,6.6208
1630,-0.0586,-0.0715,6.6354
1631,-0.0545,-0.0371,6.6727
1632,-0.0387,-0.0195,6.6879
1633,-0.0546,0.0000,6.6815
1634,-0.0490,-0.0665,6.6538
1635,-0.0371,-0.0545,6.6727
1636,-0.0422,-0.0847,6.6291
1637,-0.0327,-0.0797,6.6475
1638,-0.0195,-0.0386,6.6879
1639,-0.0000,-0.0191,6.6962
1640,-0.0192,0.0000,6.6962
1641,-0.0176,-0.0704,6.6664
1642,-0.0000,-0.0545,6.6816
1643,-0.0150,-0.0909,6.6357
1644,-0.0000,-0.0815,6.6545
1645,-0.0701,-0.0704,6.6082
1646,-0.0520,-0.0834,6.6126
1647,-0.0278,-0.0930,6.6165
1648,-0.0000,-0.0962,6.6191
1649,-0.0372,0.0544,6.6727
1650,-0.0493,0.0663,6.6539
1651,-0.0666,0.0488,6.6538
1652,-0.0546,0.0369,6.6727
1653,-0.0717,0.0584,6.6354
1654,-0.0848,0.0420,6.6291
1655,-0.0798,0.0325,6.6475
1656,-0.0152,0.0909,6.6357
1657,-0.0329,0.0796,6.6476
1658,-0.0177,0.0703,6.6664
1659,-0.0426,0.0845,6.6291
1660,-0.0590,0.0712,6.6354
1661,-0.0625,0.0745,6.6208
1662,-0.0751,0.0618,6.6208
1663,-0.0282,0.0929,6.6165
1664,-0.0526,0.0831,6.6126
1665,-0.0706,0.0698,6.6083
1666,-0.0836,0.0518,6.6126
1667,-0.0931,0.0277,6.6165
1668,-0.0910,0.0149,6.6356
1669,-0.0195,0.0385,6.6879
1670,-0.0705,0.0175,6.6663
1671,-0.0387,0.0194,6.6879
1672,0.0425,-0.0846,6.6291
1673,0.0589,-0.0712,6.6354
1674,0.0492,-0.0663,6.6539
1675,0.0328,-0.0796,6.6476
1676,0.0624,-0.0746,6.6208
1677,0.0750,-0.0619,6.6208
1678,0.0716,-0.0585,6.6354
1679,0.0177,-0.0703,6.6664
1680,0.0372,-0.0544,6.6728
1681,0.0195,-0.0386,6.6879
1682,0.0666,-0.0489,6.6539
1683,0.0545,-0.0370,6.6728
1684,0.0848,-0.0421,6.6291
1685,0.0798,-0.0325,6.6476
1686,0.0386,-0.0194,6.6879
1687,0.0704,-0.0175,6.6664
1688,0.0909,-0.0150,6.6357
1689,0.0931,-0.0278,6.6165
1690,0.0835,-0.0519,6.6126
1691,0.0705,-0.0700,6.6082
1692,0.0151,-0.0909,6.6357
1693,0.0525,-0.0831,6.6126
1694,0.0281,-0.0930,6.6165
1695,0.0000,0.4000,0.1181
1696,0.0527,0.3929,0.2375
1697,0.1046,0.3860,0.1194
1698,0.0519,0.3931,0.0000
1699,0.0000,0.4000,0.3543
1700,0.0529,0.3928,0.4775
1701,0.1055,0.3857,0.3607
1702,0.0000,0.4000,0.6135
1703,0.0529,0.3928,0.7558
1704,0.1058,0.3857,0.6199
1705,0.0000,0.4000,0.8956
1706,0.0529,0.3928,1.0374
1707,0.1059,0.3856,0.8977
1708,0.0000,0.4000,1.1806
1709,0.0529,0.3928,1.3249
1710,0.1059,0.3856,1.1816
1711,0.0000,0.4000,1.4687
1712,0.0529,0.3928,1.6130
1713,0.1059,0.3856,1.4691
1714,0.0000,0.4000,1.7578
1715,0.0529,0.3928,1.9030
1716,0.1059,0.3856,1.7582
1717,0.0000,0.4000,2.0479
1718,0.0529,0.3928,2.1931
1719,0.1059,0.3856,2.0482
1720,0.0000,0.4000,2.3381
1721,0.0529,0.3928,2.4836
1722,0.1059,0.3856,2.3386
1723,0.0000,0.4000,2.6286
1724,0.0529,0.3928,2.7741
1725,0.1059,0.3856,2.6291
1726,0.0000,0.4000,2.9191
1727,0.0529,0.3928,3.0646
1728,0.1059,0.3856,2.9196
1729,0.0000,0.4000,3.2096
1730,0.0529,0.3928,3.3549
1731,0.1059,0.3856,3.2099
1732,0.0000,0.4000,3.4991
1733,0.0529,0.3928,3.6434
1734,0.1059,0.3856,3.4991
1735,0.0000,0.4000,3.7876
1736,0.0529,0.3928,3.9312
1737,0.1059,0.3856,3.7869
1738,0.0000,0.4000,4.0730
1739,0.0529,0.3928,4.2132
1740,0.1059,0.3856,4.0714
1741,0.0000,0.4000,4.3551
1742,0.0529,0.3928,4.4929
1743,0.1058,0.3857,4.3510
1744,0.0000,0.4000,4.6222
1745,0.0527,0.3929,4.7473
1746,0.1055,0.3857,4.6181
1747,-0.0000,0.4000,4.8741
1748,0.1045,0.3861,4.8733
1749,0.1539,0.3653,0.2396
1750,0.2015,0.3455,0.1202
1751,0.1521,0.3662,0.0000
1752,0.1544,0.3651,0.4852
1753,0.2028,0.3446,0.3641
1754,0.1545,0.3650,0.7579
1755,0.2032,0.3444,0.6232
1756,0.1546,0.3650,1.0386
1757,0.2033,0.3443,0.8989
1758,0.1546,0.3650,1.3251
1759,0.2033,0.3443,1.1821
1760,0.1546,0.3650,1.6133
1761,0.2033,0.3443,1.4693
1762,0.1546,0.3650,1.9032
1763,0.2033,0.3443,1.7584
1764,0.1546,0.3650,2.1935
1765,0.2033,0.3443,2.0485
1766,0.1546,0.3650,2.4841
1767,0.2033,0.3443,2.3390
1768,0.1546,0.3650,2.7746
1769,0.2033,0.3443,2.6296
1770,0.1546,0.3650,3.0650
1771,0.2033,0.3443,2.9201
1772,0.1546,0.3650,3.3551
1773,0.2033,0.3443,3.2102
1774,0.1546,0.3650,3.6434
1775,0.2033,0.3443,3.4993
1776,0.1546,0.3650,3.9302
1777,0.2033,0.3443,3.7867
1778,0.1545,0.3650,4.2118
1779,0.2032,0.3443,4.0706
1780,0.1544,0.3651,4.4880
1781,0.2031,0.3444,4.3488
1782,0.1539,0.3653,4.7460
1783,0.2027,0.3447,4.6159
1784,0.2013,0.3456,4.8727
1785,0.2438,0.3126,0.2406
1786,0.2843,0.2813,0.1204
1787,0.2420,0.3142,0.0000
1788,0.2443,0.3121,0.4883
1789,0.2853,0.2801,0.3649
1790,0.2445,0.3120,0.7588
1791,0.2857,0.2798,0.6239
1792,0.2445,0.3120,1.0390
1793,0.2858,0.2797,0.8990
1794,0.2445,0.3120,1.3252
1795,0.2858,0.2796,1.1821
1796,0.2445,0.3120,1.6135
1797,0.2858,0.2796,1.4693
1798,0.2445,0.3120,1.9034
1799,0.2858,0.2796,1.7585
1800,0.2445,0.3120,2.1938
1801,0.2858,0.2796,2.0487
1802,0.2445,0.3120,2.4845
1803,0.2858,0.2796,2.3394
1804,0.2445,0.3120,2.7752
1805,0.2858,0.2796,2.6301
1806,0.2445,0.3120,3.0656
1807,0.2858,0.2796,2.9207
1808,0.2445,0.3120,3.3554
1809,0.2858,0.2796,3.2108
1810,0.2445,0.3120,3.6436
1811,0.2858,0.2796,3.4998
1812,0.2445,0.3120,3.9299
1813,0.2858,0.2796,3.7869
1814,0.2445,0.3120,4.2111
1815,0.2858,0.2797,4.0705
1816,0.2443,0.3122,4.4859
1817,0.2857,0.2798,4.3482
1818,0.2437,0.3127,4.7453
1819,0.2853,0.2802,4.6153
1820,0.2839,0.2817,4.8726
1821,0.3165,0.2388,0.2403
1822,0.3474,0.1982,0.1199
1823,0.3152,0.2406,0.0000
1824,0.3168,0.2383,0.4878
1825,0.3480,0.1970,0.3633
1826,0.3170,0.2381,0.7584
1827,0.3481,0.1967,0.6222
1828,0.3170,0.2381,1.0386
1829,0.3482,0.1966,0.8980
1830,0.3170,0.2381,1.3249
1831,0.3482,0.1966,1.1815
1832,0.3170,0.2381,1.6134
1833,0.3482,0.1965,1.4690
1834,0.3170,0.2381,1.9035
1835,0.3482,0.1965,1.7584
1836,0.3170,0.2381,2.1941
1837,0.3482,0.1965,2.0489
1838,0.3170,0.2381,2.4850
1839,0.3482,0.1966,2.3398
1840,0.3170,0.2381,2.7758
1841,0.3482,0.1966,2.6306
1842,0.3170,0.2381,3.0662
1843,0.3482,0.1965,2.9213
1844,0.3170,0.2381,3.3560
1845,0.3482,0.1965,3.2115
1846,0.3170,0.2381,3.6441
1847,0.3482,0.1965,3.5004
1848,0.3170,0.2381,3.9303
1849,0.3482,0.1966,3.7876
1850,0.3170,0.2381,4.2114
1851,0.3482,0.1966,4.0712
1852,0.3168,0.2383,4.4861
1853,0.3481,0.1967,4.3493
1854,0.3163,0.2390,4.7454
1855,0.3479,0.1971,4.6162
1856,0.3470,0.1989,4.8728
1857,0.3673,0.1495,0.2388
1858,0.3867,0.1023,0.1189
1859,0.3667,0.1510,0.0000
1860,0.3675,0.1490,0.4836
1861,0.3868,0.1014,0.3591
1862,0.3675,0.1489,0.7565
1863,0.3869,0.1012,0.6179
1864,0.3676,0.1488,1.0374
1865,0.3869,0.1011,0.8959
1866,0.3676,0.1488,1.3244
1867,0.3869,0.1011,1.1803
1868,0.3676,0.1488,1.6131
1869,0.3869,0.1011,1.4684
1870,0.3676,0.1488,1.9035
1871,0.3869,0.1011,1.7582
1872,0.3676,0.1488,2.1944
1873,0.3869,0.1011,2.0491
1874,0.3676,0.1488,2.4854
1875,0.3869,0.1011,2.3401
1876,0.3676,0.1488,2.7764
1877,0.3869,0.1011,2.6312
1878,0.3676,0.1488,3.0669
1879,0.3869,0.1011,2.9220
1880,0.3676,0.1488,3.3569
1881,0.3869,0.1011,3.2123
1882,0.3676,0.1488,3.6449
1883,0.3869,0.1011,3.5013
1884,0.3676,0.1488,3.9314
1885,0.3869,0.1011,3.7887
1886,0.3675,0.1489,4.2126
1887,0.3869,0.1011,4.0728
1888,0.3675,0.1490,4.4886
1889,0.3869,0.1012,4.3519
1890,0.3672,0.1496,4.7462
1891,0.3868,0.1015,4.6186
1892,0.3866,0.1027,4.8734
1893,0.3934,0.0508,0.2362
1894,0.4000,0.0000,0.1174
1895,0.3933,0.0515,0.0000
1896,0.3934,0.0506,0.4750
1897,0.4000,0.0000,0.3521
1898,0.3934,0.0506,0.7536
1899,0.4000,0.0000,0.6107
1900,0.3935,0.0506,1.0354
1901,0.4000,0.0000,0.8930
1902,0.3935,0.0506,1.3236
1903,0.4000,0.0000,1.1787
1904,0.3935,0.0506,1.6125
1905,0.4000,0.0000,1.4677
1906,0.3935,0.0506,1.9035
1907,0.4000,0.0000,1.7579
1908,0.3935,0.0506,2.1947
1909,0.4000,0.0000,2.0492
1910,0.3935,0.0506,2.4859
1911,0.4000,0.0000,2.3405
1912,0.3935,0.0506,2.7771
1913,0.4000,0.0000,2.6318
1914,0.3935,0.0506,3.0676
1915,0.4000,0.0000,2.9227
1916,0.3935,0.0506,3.3579
1917,0.4000,0.0000,3.2133
1918,0.3935,0.0506,3.6459
1919,0.4000,0.0000,3.5025
1920,0.3935,0.0506,3.9332
1921,0.4000,0.0000,3.7903
1922,0.3934,0.0506,4.2145
1923,0.4000,0.0000,4.0749
1924,0.3934,0.0506,4.4937
1925,0.4000,0.0000,4.3563
1926,0.3934,0.0509,4.7477
1927,0.4000,0.0000,4.6228
1928,0.4000,0.0000,4.8743
1929,-0.0000,-0.4000,0.1180
1930,-0.0508,-0.3934,0.2373
1931,-0.1024,-0.3866,0.1193
1932,-0.0516,-0.3932,0.0000
1933,-0.0000,-0.4000,0.3539
1934,-0.0506,-0.3934,0.4770
1935,-0.1015,-0.3868,0.3605
1936,-0.0000,-0.4000,0.6127
1937,-0.0506,-0.3934,0.7550
1938,-0.1012,-0.3869,0.6194
1939,-0.0000,-0.4000,0.8943
1940,-0.0506,-0.3935,1.0361
1941,-0.1011,-0.3869,0.8969
1942,-0.0000,-0.4000,1.1790
1943,-0.0506,-0.3935,1.3232
1944,-0.1011,-0.3869,1.1804
1945,-0.0000,-0.4000,1.4667
1946,-0.0506,-0.3935,1.6110
1947,-0.1011,-0.3869,1.4674
1948,-0.0000,-0.4000,1.7558
1949,-0.0506,-0.3935,1.9010
1950,-0.1011,-0.3869,1.7562
1951,-0.0000,-0.4000,2.0462
1952,-0.0506,-0.3935,2.1913
1953,-0.1011,-0.3869,2.0462
1954,-0.0000,-0.4000,2.3368
1955,-0.0506,-0.3935,2.4822
1956,-0.1011,-0.3869,2.3367
1957,-0.0000,-0.4000,2.6278
1958,-0.0506,-0.3935,2.7731
1959,-0.1011,-0.3869,2.6275
1960,-0.0000,-0.4000,2.9187
1961,-0.0506,-0.3935,3.0638
1962,-0.1011,-0.3869,2.9182
1963,-0.0000,-0.4000,3.2095
1964,-0.0506,-0.3935,3.3544
1965,-0.1011,-0.3869,3.2088
1966,-0.0000,-0.4000,3.4991
1967,-0.0506,-0.3935,3.6429
1968,-0.1011,-0.3869,3.4982
1969,-0.0000,-0.4000,3.7875
1970,-0.0506,-0.3935,3.9307
1971,-0.1011,-0.3869,3.7861
1972,-0.0000,-0.4000,4.0729
1973,-0.0506,-0.3934,4.2129
1974,-0.1011,-0.3869,4.0708
1975,-0.0000,-0.4000,4.3551
1976,-0.0506,-0.3934,4.4928
1977,-0.1012,-0.3869,4.3506
1978,-0.0000,-0.4000,4.6222
1979,-0.0508,-0.3934,4.7472
1980,-0.1015,-0.3868,4.6179
1981,-0.0000,-0.4000,4.8741
1982,-0.1025,-0.3866,4.8732
1983,-0.1495,-0.3673,0.2396
1984,-0.1984,-0.3473,0.1203
1985,-0.1512,-0.3666,0.0000
1986,-0.1490,-0.3675,0.4851
1987,-0.1971,-0.3479,0.3643
1988,-0.1489,-0.3675,0.7576
1989,-0.1967,-0.3481,0.6233
1990,-0.1488,-0.3676,1.0378
1991,-0.1966,-0.3482,0.8986
1992,-0.1488,-0.3676,1.3238
1993,-0.1966,-0.3482,1.1813
1994,-0.1488,-0.3676,1.6115
1995,-0.1966,-0.3482,1.4679
1996,-0.1488,-0.3676,1.9011
1997,-0.1965,-0.3482,1.7564
1998,-0.1488,-0.3676,2.1913
1999,-0.1966,-0.3482,2.0462
2000,-0.1488,-0.3676,2.4819
2001,-0.1966,-0.3482,2.3365
2002,-0.1488,-0.3676,2.7727
2003,-0.1966,-0.3482,2.6272
2004,-0.1488,-0.3676,3.0633
2005,-0.1965,-0.3482,2.9178
2006,-0.1488,-0.3676,3.3536
2007,-0.1965,-0.3482,3.2082
2008,-0.1488,-0.3676,3.6421
2009,-0.1965,-0.3482,3.4975
2010,-0.1488,-0.3676,3.9291
2011,-0.1966,-0.3482,3.7851
2012,-0.1489,-0.3675,4.2110
2013,-0.1966,-0.3482,4.0693
2014,-0.1490,-0.3675,4.4876
2015,-0.1967,-0.3481,4.3480
2016,-0.1495,-0.3673,4.7458
2017,-0.1971,-0.3479,4.6155
2018,-0.1985,-0.3472,4.8726
2019,-0.2390,-0.3164,0.2410
2020,-0.2816,-0.2840,0.1207
2021,-0.2410,-0.3149,0.0000
2022,-0.2383,-0.3168,0.4889
2023,-0.2802,-0.2853,0.3656
2024,-0.2382,-0.3170,0.7591
2025,-0.2798,-0.2856,0.6247
2026,-0.2381,-0.3170,1.0388
2027,-0.2797,-0.2857,0.8993
2028,-0.2381,-0.3170,1.3242
2029,-0.2796,-0.2858,1.1817
2030,-0.2381,-0.3170,1.6118
2031,-0.2796,-0.2858,1.4681
2032,-0.2381,-0.3170,1.9011
2033,-0.2796,-0.2858,1.7565
2034,-0.2381,-0.3170,2.1912
2035,-0.2796,-0.2858,2.0461
2036,-0.2381,-0.3170,2.4817
2037,-0.2796,-0.2858,2.3363
2038,-0.2381,-0.3170,2.7723
2039,-0.2796,-0.2858,2.6268
2040,-0.2381,-0.3170,3.0629
2041,-0.2796,-0.2858,2.9174
2042,-0.2381,-0.3170,3.3530
2043,-0.2796,-0.2858,3.2077
2044,-0.2381,-0.3170,3.6415
2045,-0.2796,-0.2858,3.4970
2046,-0.2381,-0.3170,3.9281
2047,-0.2796,-0.2858,3.7845
2048,-0.2381,-0.3170,4.2098
2049,-0.2797,-0.2858,4.0686
2050,-0.2383,-0.3168,4.4851
2051,-0.2798,-0.2857,4.3470
2052,-0.2389,-0.3164,4.7449
2053,-0.2802,-0.2853,4.6145
2054,-0.2816,-0.2840,4.8723
2055,-0.3127,-0.2437,0.2411
2056,-0.3457,-0.2011,0.1204
2057,-0.3146,-0.2414,0.0000
2058,-0.3122,-0.2443,0.4891
2059,-0.3447,-0.2027,0.3646
2060,-0.3120,-0.2445,0.7593
2061,-0.3444,-0.2031,0.6238
2062,-0.3120,-0.2445,1.0389
2063,-0.3443,-0.2032,0.8990
2064,-0.3120,-0.2445,1.3243
2065,-0.3443,-0.2033,1.1815
2066,-0.3120,-0.2445,1.6118
2067,-0.3443,-0.2033,1.4680
2068,-0.3120,-0.2445,1.9011
2069,-0.3443,-0.2033,1.7564
2070,-0.3120,-0.2445,2.1910
2071,-0.3443,-0.2033,2.0460
2072,-0.3120,-0.2445,2.4814
2073,-0.3443,-0.2033,2.3361
2074,-0.3120,-0.2445,2.7719
2075,-0.3443,-0.2033,2.6265
2076,-0.3120,-0.2445,3.0625
2077,-0.3443,-0.2033,2.9170
2078,-0.3120,-0.2445,3.3526
2079,-0.3443,-0.2033,3.2074
2080,-0.3120,-0.2445,3.6411
2081,-0.3443,-0.2033,3.4967
2082,-0.3120,-0.2445,3.9278
2083,-0.3443,-0.2033,3.7844
2084,-0.3120,-0.2445,4.2096
2085,-0.3443,-0.2032,4.0687
2086,-0.3122,-0.2443,4.4849
2087,-0.3444,-0.2031,4.3475
2088,-0.3127,-0.2437,4.7448
2089,-0.3447,-0.2027,4.6151
2090,-0.3456,-0.2012,4.8725
2091,-0.3654,-0.1538,0.2400
2092,-0.3861,-0.1043,0.1196
2093,-0.3665,-0.1516,0.0000
2094,-0.3651,-0.1544,0.4858
2095,-0.3858,-0.1055,0.3612
2096,-0.3650,-0.1545,0.7582
2097,-0.3857,-0.1058,0.6203
2098,-0.3650,-0.1546,1.0383
2099,-0.3856,-0.1059,0.8975
2100,-0.3650,-0.1546,1.3241
2101,-0.3856,-0.1059,1.1809
2102,-0.3650,-0.1546,1.6116
2103,-0.3856,-0.1059,1.4677
2104,-0.3650,-0.1546,1.9009
2105,-0.3856,-0.1059,1.7561
2106,-0.3650,-0.1546,2.1908
2107,-0.3856,-0.1059,2.0457
2108,-0.3650,-0.1546,2.4811
2109,-0.3856,-0.1059,2.3358
2110,-0.3650,-0.1546,2.7716
2111,-0.3856,-0.1059,2.6262
2112,-0.3650,-0.1546,3.0621
2113,-0.3856,-0.1059,2.9167
2114,-0.3650,-0.1546,3.3524
2115,-0.3856,-0.1059,3.2071
2116,-0.3650,-0.1546,3.6410
2117,-0.3856,-0.1059,3.4966
2118,-0.3650,-0.1546,3.9281
2119,-0.3856,-0.1059,3.7847
2120,-0.3650,-0.1545,4.2102
2121,-0.3856,-0.1059,4.0696
2122,-0.3651,-0.1544,4.4870
2123,-0.3857,-0.1058,4.3497
2124,-0.3653,-0.1539,4.7455
2125,-0.3857,-0.1055,4.6173
2126,-0.3861,-0.1044,4.8730
2127,-0.3929,-0.0526,0.2378
2128,-0.4000,0.0000,0.1183
2129,-0.3932,-0.0517,0.0000
2130,-0.3928,-0.0529,0.4781
2131,-0.4000,0.0000,0.3548
2132,-0.3928,-0.0529,0.7559
2133,-0.4000,0.0000,0.6138
2134,-0.3928,-0.0529,1.0369
2135,-0.4000,0.0000,0.8952
2136,-0.3928,-0.0529,1.3237
2137,-0.4000,0.0000,1.1797
2138,-0.3928,-0.0529,1.6112
2139,-0.4000,0.0000,1.4672
2140,-0.3928,-0.0529,1.9007
2141,-0.4000,0.0000,1.7557
2142,-0.3928,-0.0529,2.1904
2143,-0.4000,0.0000,2.0454
2144,-0.3928,-0.0529,2.4808
2145,-0.4000,0.0000,2.3355
2146,-0.3928,-0.0529,2.7712
2147,-0.4000,0.0000,2.6258
2148,-0.3928,-0.0529,3.0618
2149,-0.4000,0.0000,2.9163
2150,-0.3928,-0.0529,3.3524
2151,-0.4000,0.0000,3.2071
2152,-0.3928,-0.0529,3.6411
2153,-0.4000,0.0000,3.4968
2154,-0.3928,-0.0529,3.9292
2155,-0.4000,0.0000,3.7855
2156,-0.3928,-0.0529,4.2116
2157,-0.4000,0.0000,4.0712
2158,-0.3928,-0.0529,4.4919
2159,-0.4000,0.0000,4.3538
2160,-0.3929,-0.0526,4.7468
2161,-0.4000,0.0000,4.6213
2162,-0.4000,0.0000,4.8738
2163,-0.0516,0.3932,0.0000
2164,-0.1025,0.3866,0.1195
2165,-0.0508,0.3934,0.2376
2166,-0.1513,0.3666,0.0000
2167,-0.1984,0.3472,0.1204
2168,-0.1496,0.3673,0.2399
2169,-0.2410,0.3149,0.0000
2170,-0.2816,0.2840,0.1208
2171,-0.2390,0.3164,0.2412
2172,-0.3145,0.2415,0.0000
2173,-0.3457,0.2012,0.1205
2174,-0.3127,0.2437,0.2412
2175,-0.3664,0.1518,0.0000
2176,-0.3861,0.1044,0.1196
2177,-0.3654,0.1538,0.2400
2178,-0.3932,0.0518,0.0000
2179,-0.3929,0.0526,0.2378
2180,-0.1015,0.3868,0.3609
2181,-0.0506,0.3934,0.4776
2182,-0.1971,0.3479,0.3646
2183,-0.1490,0.3675,0.4856
2184,-0.2802,0.2853,0.3658
2185,-0.2383,0.3168,0.4892
2186,-0.3447,0.2027,0.3648
2187,-0.3122,0.2443,0.4894
2188,-0.3858,0.1055,0.3612
2189,-0.3651,0.1544,0.4860
2190,-0.3928,0.0529,0.4782
2191,-0.1012,0.3869,0.6201
2192,-0.0506,0.3934,0.7560
2193,-0.1967,0.3481,0.6239
2194,-0.1489,0.3675,0.7584
2195,-0.2798,0.2856,0.6251
2196,-0.2382,0.3170,0.7598
2197,-0.3444,0.2031,0.6240
2198,-0.3120,0.2445,0.7598
2199,-0.3857,0.1058,0.6204
2200,-0.3650,0.1545,0.7585
2201,-0.3928,0.0529,0.7560
2202,-0.1011,0.3869,0.8979
2203,-0.0506,0.3935,1.0375
2204,-0.1966,0.3482,0.8994
2205,-0.1488,0.3676,1.0389
2206,-0.2797,0.2858,0.8999
2207,-0.2381,0.3170,1.0396
2208,-0.3443,0.2032,0.8994
2209,-0.3120,0.2445,1.0395
2210,-0.3856,0.1059,0.8977
2211,-0.3650,0.1546,1.0387
2212,-0.3928,0.0529,1.0370
2213,-0.1011,0.3869,1.1817
2214,-0.0506,0.3935,1.3249
2215,-0.1966,0.3482,1.1823
2216,-0.1488,0.3676,1.3251
2217,-0.2796,0.2858,1.1825
2218,-0.2381,0.3170,1.3252
2219,-0.3443,0.2033,1.1821
2220,-0.3120,0.2445,1.3250
2221,-0.3856,0.1059,1.1811
2222,-0.3650,0.1546,1.3245
2223,-0.3928,0.0529,1.3238
2224,-0.1011,0.3869,1.4690
2225,-0.0506,0.3935,1.6129
2226,-0.1966,0.3482,1.4691
2227,-0.1488,0.3676,1.6130
2228,-0.2796,0.2858,1.4690
2229,-0.2381,0.3170,1.6129
2230,-0.3443,0.2033,1.4686
2231,-0.3120,0.2445,1.6126
2232,-0.3856,0.1059,1.4680
2233,-0.3650,0.1546,1.6121
2234,-0.3928,0.0529,1.6113
2235,-0.1011,0.3869,1.7578
2236,-0.0506,0.3935,1.9027
2237,-0.1965,0.3482,1.7577
2238,-0.1488,0.3676,1.9025
2239,-0.2796,0.2858,1.7574
2240,-0.2381,0.3170,1.9022
2241,-0.3443,0.2033,1.7570
2242,-0.3120,0.2445,1.9018
2243,-0.3856,0.1059,1.7564
2244,-0.3650,0.1546,1.9014
2245,-0.3928,0.0529,1.9008
2246,-0.1011,0.3869,2.0476
2247,-0.0506,0.3935,2.1928
2248,-0.1966,0.3482,2.0473
2249,-0.1488,0.3676,2.1924
2250,-0.2796,0.2858,2.0469
2251,-0.2381,0.3170,2.1920
2252,-0.3443,0.2033,2.0465
2253,-0.3120,0.2445,2.1916
2254,-0.3856,0.1059,2.0460
2255,-0.3650,0.1546,2.1911
2256,-0.3928,0.0529,2.1906
2257,-0.1011,0.3869,2.3378
2258,-0.0506,0.3935,2.4832
2259,-0.1966,0.3482,2.3374
2260,-0.1488,0.3676,2.4827
2261,-0.2796,0.2858,2.3370
2262,-0.2381,0.3170,2.4823
2263,-0.3443,0.2033,2.3365
2264,-0.3120,0.2445,2.4818
2265,-0.3856,0.1059,2.3360
2266,-0.3650,0.1546,2.4814
2267,-0.3928,0.0529,2.4809
2268,-0.1011,0.3869,2.6281
2269,-0.0506,0.3935,2.7736
2270,-0.1966,0.3482,2.6277
2271,-0.1488,0.3676,2.7731
2272,-0.2796,0.2858,2.6272
2273,-0.2381,0.3170,2.7727
2274,-0.3443,0.2033,2.6268
2275,-0.3120,0.2445,2.7722
2276,-0.3856,0.1059,2.6263
2277,-0.3650,0.1546,2.7717
2278,-0.3928,0.0529,2.7712
2279,-0.1011,0.3869,2.9186
2280,-0.0506,0.3935,3.0641
2281,-0.1965,0.3482,2.9181
2282,-0.1488,0.3676,3.0635
2283,-0.2796,0.2858,2.9176
2284,-0.2381,0.3170,3.0630
2285,-0.3443,0.2033,2.9172
2286,-0.3120,0.2445,3.0626
2287,-0.3856,0.1059,2.9168
2288,-0.3650,0.1546,3.0622
2289,-0.3928,0.0529,3.0619
2290,-0.1011,0.3869,3.2089
2291,-0.0506,0.3935,3.3544
2292,-0.1965,0.3482,3.2083
2293,-0.1488,0.3676,3.3536
2294,-0.2796,0.2858,3.2078
2295,-0.2381,0.3170,3.3530
2296,-0.3443,0.2033,3.2074
2297,-0.3120,0.2445,3.3526
2298,-0.3856,0.1059,3.2072
2299,-0.3650,0.1546,3.3524
2300,-0.3928,0.0529,3.3524
2301,-0.1011,0.3869,3.4982
2302,-0.0506,0.3935,3.6429
2303,-0.1965,0.3482,3.4975
2304,-0.1488,0.3676,3.6421
2305,-0.2796,0.2858,3.4970
2306,-0.2381,0.3170,3.6415
2307,-0.3443,0.2033,3.4967
2308,-0.3120,0.2445,3.6411
2309,-0.3856,0.1059,3.4967
2310,-0.3650,0.1546,3.6410
2311,-0.3928,0.0529,3.6411
2312,-0.1011,0.3869,3.7862
2313,-0.0506,0.3935,3.9309
2314,-0.1966,0.3482,3.7851
2315,-0.1488,0.3676,3.9292
2316,-0.2796,0.2858,3.7846
2317,-0.2381,0.3170,3.9282
2318,-0.3443,0.2033,3.7844
2319,-0.3120,0.2445,3.9278
2320,-0.3856,0.1059,3.7847
2321,-0.3650,0.1546,3.9282
2322,-0.3928,0.0529,3.9292
2323,-0.1011,0.3869,4.0709
2324,-0.0506,0.3934,4.2130
2325,-0.1966,0.3482,4.0694
2326,-0.1489,0.3675,4.2111
2327,-0.2797,0.2858,4.0687
2328,-0.2381,0.3170,4.2099
2329,-0.3443,0.2032,4.0688
2330,-0.3120,0.2445,4.2096
2331,-0.3856,0.1059,4.0696
2332,-0.3650,0.1545,4.2102
2333,-0.3928,0.0529,4.2116
2334,-0.1012,0.3869,4.3507
2335,-0.0506,0.3934,4.4929
2336,-0.1967,0.3481,4.3480
2337,-0.1490,0.3675,4.4876
2338,-0.2798,0.2857,4.3470
2339,-0.2383,0.3168,4.4851
2340,-0.3444,0.2031,4.3475
2341,-0.3122,0.2443,4.4849
2342,-0.3857,0.1058,4.3497
2343,-0.3651,0.1544,4.4870
2344,-0.3928,0.0529,4.4919
2345,-0.1015,0.3868,4.6179
2346,-0.0509,0.3934,4.7472
2347,-0.1971,0.3479,4.6155
2348,-0.1496,0.3673,4.7458
2349,-0.2802,0.2853,4.6146
2350,-0.2390,0.3164,4.7449
2351,-0.3447,0.2028,4.6151
2352,-0.3127,0.2437,4.7448
2353,-0.3857,0.1055,4.6173
2354,-0.3653,0.1539,4.7455
2355,-0.3929,0.0527,4.7468
2356,-0.1026,0.3866,4.8732
2357,-0.1988,0.3471,4.8726
2358,-0.2816,0.2840,4.8723
2359,-0.3455,0.2014,4.8725
2360,-0.3861,0.1045,4.8730
2361,0.0519,-0.3931,0.0000
2362,0.1046,-0.3860,0.1192
2363,0.0527,-0.3929,0.2372
2364,0.1521,-0.3662,0.0000
2365,0.2015,-0.3455,0.1201
2366,0.1539,-0.3653,0.2393
2367,0.2419,-0.3142,0.0000
2368,0.2842,-0.2814,0.1203
2369,0.2438,-0.3126,0.2404
2370,0.3151,-0.2408,0.0000
2371,0.3473,-0.1983,0.1199
2372,0.3164,-0.2389,0.2402
2373,0.3667,-0.1511,0.0000
2374,0.3866,-0.1024,0.1188
2375,0.3673,-0.1495,0.2387
2376,0.3932,-0.0515,0.0000
2377,0.3934,-0.0508,0.2362
2378,0.1055,-0.3857,0.3603
2379,0.0529,-0.3928,0.4770
2380,0.2028,-0.3446,0.3637
2381,0.1544,-0.3651,0.4847
2382,0.2853,-0.2801,0.3646
2383,0.2443,-0.3121,0.4879
2384,0.3479,-0.1971,0.3631
2385,0.3168,-0.2383,0.4875
2386,0.3868,-0.1014,0.3591
2387,0.3675,-0.1490,0.4834
2388,0.3934,-0.0506,0.4750
2389,0.1058,-0.3857,0.6192
2390,0.0529,-0.3928,0.7549
2391,0.2031,-0.3444,0.6226
2392,0.1545,-0.3650,0.7571
2393,0.2857,-0.2798,0.6235
2394,0.2445,-0.3120,0.7582
2395,0.3481,-0.1967,0.6219
2396,0.3170,-0.2381,0.7579
2397,0.3869,-0.1012,0.6178
2398,0.3675,-0.1489,0.7563
2399,0.3934,-0.0506,0.7535
2400,0.1059,-0.3856,0.8966
2401,0.0529,-0.3928,1.0360
2402,0.2032,-0.3443,0.8980
2403,0.1546,-0.3650,1.0375
2404,0.2858,-0.2797,0.8984
2405,0.2445,-0.3120,1.0382
2406,0.3482,-0.1966,0.8976
2407,0.3170,-0.2381,1.0380
2408,0.3869,-0.1011,0.8957
2409,0.3676,-0.1488,1.0371
2410,0.3935,-0.0506,1.0353
2411,0.1059,-0.3856,1.1803
2412,0.0529,-0.3928,1.3232
2413,0.2033,-0.3443,1.1810
2414,0.1546,-0.3650,1.3238
2415,0.2858,-0.2796,1.1813
2416,0.2445,-0.3120,1.3241
2417,0.3482,-0.1966,1.1809
2418,0.3170,-0.2381,1.3242
2419,0.3869,-0.1011,1.1801
2420,0.3676,-0.1488,1.3239
2421,0.3935,-0.0506,1.3235
2422,0.1059,-0.3856,1.4675
2423,0.0529,-0.3928,1.6111
2424,0.2033,-0.3443,1.4681
2425,0.1546,-0.3650,1.6118
2426,0.2858,-0.2796,1.4684
2427,0.2445,-0.3120,1.6123
2428,0.3482,-0.1965,1.4684
2429,0.3170,-0.2381,1.6126
2430,0.3869,-0.1011,1.4681
2431,0.3676,-0.1488,1.6126
2432,0.3935,-0.0506,1.6124
2433,0.1059,-0.3856,1.7565
2434,0.0529,-0.3928,1.9013
2435,0.2033,-0.3443,1.7571
2436,0.1546,-0.3650,1.9018
2437,0.2858,-0.2796,1.7575
2438,0.2445,-0.3120,1.9023
2439,0.3482,-0.1965,1.7578
2440,0.3170,-0.2381,1.9028
2441,0.3869,-0.1011,1.7579
2442,0.3676,-0.1488,1.9031
2443,0.3935,-0.0506,1.9034
2444,0.1059,-0.3856,2.0468
2445,0.0529,-0.3928,2.1917
2446,0.2033,-0.3443,2.0474
2447,0.1546,-0.3650,2.1924
2448,0.2858,-0.2796,2.0479
2449,0.2445,-0.3120,2.1930
2450,0.3482,-0.1965,2.0484
2451,0.3170,-0.2381,2.1935
2452,0.3869,-0.1011,2.0488
2453,0.3676,-0.1488,2.1941
2454,0.3935,-0.0506,2.1946
2455,0.1059,-0.3856,2.3375
2456,0.0529,-0.3928,2.4826
2457,0.2033,-0.3443,2.3381
2458,0.1546,-0.3650,2.4833
2459,0.2858,-0.2796,2.3387
2460,0.2445,-0.3120,2.4839
2461,0.3482,-0.1966,2.3393
2462,0.3170,-0.2381,2.4845
2463,0.3869,-0.1011,2.3399
2464,0.3676,-0.1488,2.4852
2465,0.3935,-0.0506,2.4858
2466,0.1059,-0.3856,2.6284
2467,0.0529,-0.3928,2.7736
2468,0.2033,-0.3443,2.6290
2469,0.1546,-0.3650,2.7742
2470,0.2858,-0.2796,2.6297
2471,0.2445,-0.3120,2.7748
2472,0.3482,-0.1966,2.6304
2473,0.3170,-0.2381,2.7755
2474,0.3869,-0.1011,2.6311
2475,0.3676,-0.1488,2.7763
2476,0.3935,-0.0506,2.7771
2477,0.1059,-0.3856,2.9192
2478,0.0529,-0.3928,3.0644
2479,0.2033,-0.3443,2.9198
2480,0.1546,-0.3650,3.0649
2481,0.2858,-0.2796,2.9204
2482,0.2445,-0.3120,3.0654
2483,0.3482,-0.1965,2.9211
2484,0.3170,-0.2381,3.0661
2485,0.3869,-0.1011,2.9219
2486,0.3676,-0.1488,3.0668
2487,0.3935,-0.0506,3.0676
2488,0.1059,-0.3856,3.2097
2489,0.0529,-0.3928,3.3549
2490,0.2033,-0.3443,3.2101
2491,0.1546,-0.3650,3.3550
2492,0.2858,-0.2796,3.2107
2493,0.2445,-0.3120,3.3554
2494,0.3482,-0.1965,3.2114
2495,0.3170,-0.2381,3.3560
2496,0.3869,-0.1011,3.2123
2497,0.3676,-0.1488,3.3568
2498,0.3935,-0.0506,3.3579
2499,0.1059,-0.3856,3.4991
2500,0.0529,-0.3928,3.6433
2501,0.2033,-0.3443,3.4993
2502,0.1546,-0.3650,3.6433
2503,0.2858,-0.2796,3.4997
2504,0.2445,-0.3120,3.6436
2505,0.3482,-0.1965,3.5004
2506,0.3170,-0.2381,3.6441
2507,0.3869,-0.1011,3.5013
2508,0.3676,-0.1488,3.6449
2509,0.3935,-0.0506,3.6458
2510,0.1059,-0.3856,3.7868
2511,0.0529,-0.3928,3.9311
2512,0.2033,-0.3443,3.7866
2513,0.1546,-0.3650,3.9301
2514,0.2858,-0.2796,3.7868
2515,0.2445,-0.3120,3.9299
2516,0.3482,-0.1966,3.7875
2517,0.3170,-0.2381,3.9303
2518,0.3869,-0.1011,3.7887
2519,0.3676,-0.1488,3.9314
2520,0.3935,-0.0506,3.9331
2521,0.1059,-0.3856,4.0713
2522,0.0529,-0.3928,4.2131
2523,0.2032,-0.3443,4.0705
2524,0.1545,-0.3650,4.2117
2525,0.2858,-0.2797,4.0705
2526,0.2445,-0.3120,4.2111
2527,0.3482,-0.1966,4.0712
2528,0.3170,-0.2381,4.2114
2529,0.3869,-0.1011,4.0727
2530,0.3675,-0.1489,4.2126
2531,0.3934,-0.0506,4.2145
2532,0.1058,-0.3857,4.3510
2533,0.0529,-0.3928,4.4929
2534,0.2031,-0.3444,4.3488
2535,0.1544,-0.3651,4.4880
2536,0.2857,-0.2798,4.3482
2537,0.2443,-0.3122,4.4859
2538,0.3481,-0.1967,4.3492
2539,0.3168,-0.2383,4.4861
2540,0.3869,-0.1012,4.3519
2541,0.3675,-0.1490,4.4885
2542,0.3934,-0.0506,4.4937
2543,0.1055,-0.3857,4.6181
2544,0.0527,-0.3929,4.7473
2545,0.2027,-0.3447,4.6159
2546,0.1539,-0.3653,4.7460
2547,0.2853,-0.2802,4.6153
2548,0.2437,-0.3127,4.7453
2549,0.3479,-0.1971,4.6162
2550,0.3163,-0.2390,4.7454
2551,0.3868,-0.1015,4.6186
2552,0.3672,-0.1496,4.7462
2553,0.3934,-0.0509,4.7477
2554,0.1045,-0.3861,4.8733
2555,0.2013,-0.3456,4.8727
2556,0.2839,-0.2817,4.8726
2557,0.3470,-0.1989,4.8728
2558,0.3865,-0.1027,4.8734
2559,0.1487,0.2177,-0.2910
2560,0.1967,0.2655,-0.2154
2561,0.2661,0.1961,-0.2153
2562,0.2181,0.1483,-0.2909
2563,0.1312,0.3186,-0.1902
2564,0.1698,0.3384,-0.1163
2565,0.2353,0.2853,-0.1415
2566,0.2816,0.0705,-0.2653
2567,0.3190,0.1306,-0.1900
2568,0.3637,0.0601,-0.1425
2569,0.3263,0.0000,-0.2178
2570,0.2860,0.2344,-0.1415
2571,0.3389,0.1690,-0.1162
2572,0.2491,0.2989,-0.0831
2573,0.2998,0.2481,-0.0831
2574,0.3721,0.1116,-0.0660
2575,0.3848,0.0000,-0.0765
2576,0.3335,0.2083,-0.0502
2577,0.2814,0.2803,-0.0329
2578,0.2096,0.3328,-0.0502
2579,0.1123,0.3719,-0.0661
2580,0.0604,0.3634,-0.1428
2581,0.0000,0.3847,-0.0767
2582,0.1546,0.0778,-0.3516
2583,0.2181,0.0000,-0.3261
2584,0.0000,0.3259,-0.2184
2585,0.0708,0.2811,-0.2658
2586,0.0000,0.2176,-0.3265
2587,0.0780,0.1542,-0.3517
2588,0.0000,0.0764,-0.3848
2589,0.0766,0.0000,-0.3848
2590,-0.3331,-0.2090,-0.0502
2591,-0.2992,-0.2487,-0.0832
2592,-0.2807,-0.2811,-0.0329
2593,-0.3258,0.0000,-0.2185
2594,-0.2810,-0.0707,-0.2659
2595,-0.3187,-0.1310,-0.1903
2596,-0.3634,-0.0603,-0.1429
2597,-0.2656,-0.1965,-0.2155
2598,-0.2855,-0.2350,-0.1416
2599,-0.3386,-0.1695,-0.1164
2600,-0.2347,-0.2858,-0.1416
2601,-0.2484,-0.2995,-0.0832
2602,-0.2174,0.0000,-0.3266
2603,-0.1541,-0.0778,-0.3518
2604,-0.2177,-0.1485,-0.2911
2605,-0.1483,-0.2178,-0.2911
2606,-0.1963,-0.2658,-0.2155
2607,-0.1308,-0.3188,-0.1902
2608,-0.1692,-0.3387,-0.1164
2609,-0.0763,0.0000,-0.3849
2610,-0.0000,-0.0764,-0.3848
2611,-0.0778,-0.1542,-0.3518
2612,-0.0000,-0.2176,-0.3265
2613,-0.0706,-0.2812,-0.2657
2614,-0.0000,-0.3259,-0.2183
2615,-0.0602,-0.3635,-0.1428
2616,-0.0000,-0.3847,-0.0767
2617,-0.1118,-0.3720,-0.0661
2618,-0.2086,-0.3333,-0.0502
2619,-0.3720,-0.1120,-0.0662
2620,-0.3847,0.0000,-0.0768
2621,-0.2177,0.1485,-0.2911
2622,-0.2656,0.1965,-0.2155
2623,-0.1963,0.2658,-0.2155
2624,-0.1484,0.2178,-0.2911
2625,-0.3186,0.1310,-0.1903
2626,-0.3386,0.1695,-0.1164
2627,-0.2855,0.2350,-0.1416
2628,-0.0706,0.2811,-0.2658
2629,-0.1308,0.3188,-0.1903
2630,-0.0602,0.3635,-0.1428
2631,-0.2347,0.2858,-0.1416
2632,-0.1692,0.3387,-0.1164
2633,-0.2992,0.2487,-0.0831
2634,-0.2484,0.2995,-0.0831
2635,-0.1118,0.3720,-0.0661
2636,-0.2087,0.3333,-0.0502
2637,-0.2807,0.2811,-0.0329
2638,-0.3330,0.2092,-0.0502
2639,-0.3719,0.1121,-0.0662
2640,-0.3634,0.0603,-0.1429
2641,-0.0778,0.1542,-0.3518
2642,-0.2810,0.0707,-0.2659
2643,-0.1541,0.0778,-0.3518
2644,0.0604,-0.3635,-0.1428
2645,0.1123,-0.3719,-0.0661
2646,0.1698,-0.3385,-0.1163
2647,0.2096,-0.3328,-0.0502
2648,0.2490,-0.2990,-0.0831
2649,0.2814,-0.2804,-0.0329
2650,0.0708,-0.2811,-0.2657
2651,0.1312,-0.3187,-0.1902
2652,0.1967,-0.2655,-0.2154
2653,0.2353,-0.2853,-0.1415
2654,0.2860,-0.2345,-0.1414
2655,0.2997,-0.2481,-0.0831
2656,0.0780,-0.1542,-0.3517
2657,0.1487,-0.2177,-0.2910
2658,0.2181,-0.1483,-0.2909
2659,0.2661,-0.1962,-0.2153
2660,0.3190,-0.1307,-0.1900
2661,0.3389,-0.1690,-0.1162
2662,0.1546,-0.0778,-0.3516
2663,0.2816,-0.0705,-0.2653
2664,0.3637,-0.0602,-0.1425
2665,0.3721,-0.1117,-0.0660
2666,0.3335,-0.2085,-0.0502
ELEMENTS
888
1,1,50,219,15,891,892,893,894
2,50,43,220,219,895,896,897,892
3,43,49,221,220,898,899,900,896
4,49,42,222,221,901,902,903,899
5,42,48,223,222,904,905,906,902
6,48,41,224,223,907,908,909,905
7,41,47,225,224,910,911,912,908
8,47,40,226,225,913,914,915,911
9,40,46,227,226,916,917,918,914
10,46,39,228,227,919,920,921,917
11,39,45,229,228,922,923,924,920
12,45,38,230,229,925,926,927,923
13,38,44,231,230,928,929,930,926
14,44,4,35,231,931,932,933,929
15,15,219,232,18,893,934,935,936
16,219,220,233,232,897,937,938,934
17,220,221,234,233,900,939,940,937
18,221,222,235,234,903,941,942,939
19,222,223,236,235,906,943,944,941
20,223,224,237,236,909,945,946,943
21,224,225,238,237,912,947,948,945
22,225,226,239,238,915,949,950,947
23,226,227,240,239,918,951,952,949
24,227,228,241,240,921,953,954,951
25,228,229,242,241,924,955,956,953
26,229,230,243,242,927,957,958,955
27,230,231,244,243,930,959,960,957
28,231,35,37,244,933,961,962,959
29,18,232,245,16,935,963,964,965
30,232,233,246,245,938,966,967,963
31,233,234,247,246,940,968,969,966
32,234,235,248,247,942,970,971,968
33,235,236,249,248,944,972,973,970
34,236,237,250,249,946,974,975,972
35,237,238,251,250,948,976,977,974
36,238,239,252,251,950,978,979,976
37,239,240,253,252,952,980,981,978
38,240,241,254,253,954,982,983,980
39,241,242,255,254,956,984,985,982
40,242,243,256,255,958,986,987,984
41,243,244,257,256,960,988,989,986
42,244,37,34,257,962,990,991,988
43,16,245,258,19,964,992,993,994
44,245,246,259,258,967,995,996,992
45,246,247,260,259,969,997,998,995
46,247,248,261,260,971,999,1000,997
47,248,249,262,261,973,1001,1002,999
48,249,250,263,262,975,1003,1004,1001
49,250,251,264,263,977,1005,1006,1003
50,251,252,265,264,979,1007,1008,1005
51,252,253,266,265,981,1009,1010,1007
52,253,254,267,266,983,1011,1012,1009
53,254,255,268,267,985,1013,1014,1011
54,255,256,269,268,987,1015,1016,1013
55,256,257,270,269,989,1017,1018,1015
56,257,34,36,270,991,1019,1020,1017
57,19,258,271,17,993,1021,1022,1023
58,258,259,272,271,996,1024,1025,1021
59,259,260,273,272,998,1026,1027,1024
60,260,261,274,273,1000,1028,1029,1026
61,261,262,275,274,1002,1030,1031,1028
62,262,263,276,275,1004,1032,1033,1030
63,263,264,277,276,1006,1034,1035,1032
64,264,265,278,277,1008,1036,1037,1034
65,265,266,279,278,1010,1038,1039,1036
66,266,267,280,279,1012,1040,1041,1038
67,267,268,281,280,1014,1042,1043,1040
68,268,269,282,281,1016,1044,1045,1042
69,269,270,283,282,1018,1046,1047,1044
70,270,36,33,283,1020,1048,1049,1046
71,17,271,32,2,1022,1050,1051,1052
72,271,272,25,32,1025,1053,1054,1050
73,272,273,31,25,1027,1055,1056,1053
74,273,274,24,31,1029,1057,1058,1055
75,274,275,30,24,1031,1059,1060,1057
76,275,276,23,30,1033,1061,1062,1059
77,276,277,29,23,1035,1063,1064,1061
78,277,278,22,29,1037,1065,1066,1063
79,278,279,28,22,1039,1067,1068,1065
80,279,280,21,28,1041,1069,1070,1067
81,280,281,27,21,1043,1071,1072,1069
82,281,282,20,27,1045,1073,1074,1071
83,282,283,26,20,1047,1075,1076,1073
84,283,33,3,26,1049,1077,1078,1075
85,5,86,284,51,1079,1080,1081,1082
86,86,79,285,284,1083,1084,1085,1080
87,79,85,286,285,1086,1087,1088,1084
88,85,78,287,286,1089,1090,1091,1087
89,78,84,288,287,1092,1093,1094,1090
90,84,77,289,288,1095,1096,1097,1093
91,77,83,290,289,1098,1099,1100,1096
92,83,76,291,290,1101,1102,1103,1099
93,76,82,292,291,1104,1105,1106,1102
94,82,75,293,292,1107,1108,1109,1105
95,75,81,294,293,1110,1111,1112,1108
96,81,74,295,294,1113,1114,1115,1111
97,74,80,296,295,1116,1117,1118,1114
98,80,8,71,296,1119,1120,1121,1117
99,51,284,297,54,1081,1122,1123,1124
100,284,285,298,297,1085,1125,1126,1122
101,285,286,299,298,1088,1127,1128,1125
102,286,287,300,299,1091,1129,1130,1127
103,287,288,301,300,1094,1131,1132,1129
104,288,289,302,301,1097,1133,1134,1131
105,289,290,303,302,1100,1135,1136,1133
106,290,291,304,303,1103,1137,1138,1135
107,291,292,305,304,1106,1139,1140,1137
108,292,293,306,305,1109,1141,1142,1139
109,293,294,307,306,1112,1143,1144,1141
110,294,295,308,307,1115,1145,1146,1143
111,295,296,309,308,1118,1147,1148,1145
112,296,71,73,309,1121,1149,1150,1147
113,54,297,310,52,1123,1151,1152,1153
114,297,298,311,310,1126,1154,1155,1151
115,298,299,312,311,1128,1156,1157,1154
116,299,300,313,312,1130,1158,1159,1156
117,300,301,314,313,1132,1160,1161,1158
118,301,302,315,314,1134,1162,1163,1160
119,302,303,316,315,1136,1164,1165,1162
120,303,304,317,316,1138,1166,1167,1164
121,304,305,318,317,1140,1168,1169,1166
122,305,306,319,318,1142,1170,1171,1168
123,306,307,320,319,1144,1172,1173,1170
124,307,308,321,320,1146,1174,1175,1172
125,308,309,322,321,1148,1176,1177,1174
126,309,73,70,322,1150,1178,1179,1176
127,52,310,323,55,1152,1180,1181,1182
128,310,311,324,323,1155,1183,1184,1180
129,311,312,325,324,1157,1185,1186,1183
130,312,313,326,325,1159,1187,1188,1185
131,313,314,327,326,1161,1189,1190,1187
132,314,315,328,327,1163,1191,1192,1189
133,315,316,329,328,1165,1193,1194,1191
134,316,317,330,329,1167,1195,1196,1193
135,317,318,331,330,1169,1197,1198,1195
136,318,319,332,331,1171,1199,1200,1197
137,319,320,333,332,1173,1201,1202,1199
138,320,321,334,333,1175,1203,1204,1201
139,321,322,335,334,1177,1205,1206,1203
140,322,70,72,335,1179,1207,1208,1205
141,55,323,336,53,1181,1209,1210,1211
142,323,324,337,336,1184,1212,1213,1209
143,324,325,338,337,1186,1214,1215,1212
144,325,326,339,338,1188,1216,1217,1214
145,326,327,340,339,1190,1218,1219,1216
146,327,328,341,340,1192,1220,1221,1218
147,328,329,342,341,1194,1222,1223,1220
148,329,330,343,342,1196,1224,1225,1222
149,330,331,344,343,1198,1226,1227,1224
150,331,332,345,344,1200,1228,1229,1226
151,332,333,346,345,1202,1230,1231,1228
152,333,334,347,346,1204,1232,1233,1230
153,334,335,348,347,1206,1234,1235,1232
154,335,72,69,348,1208,1236,1237,1234
155,53,336,68,6,1210,1238,1239,1240
156,336,337,61,68,1213,1241,1242,1238
157,337,338,67,61,1215,1243,1244,1241
158,338,339,60,67,1217,1245,1246,1243
159,339,340,66,60,1219,1247,1248,1245
160,340,341,59,66,1221,1249,1250,1247
161,341,342,65,59,1223,1251,1252,1249
162,342,343,58,65,1225,1253,1254,1251
163,343,344,64,58,1227,1255,1256,1253
164,344,345,57,64,1229,1257,1258,1255
165,345,346,63,57,1231,1259,1260,1257
166,346,347,56,63,1233,1261,1262,1259
167,347,348,62,56,1235,1263,1264,1261
168,348,69,7,62,1237,1265,1266,1263
169,3,94,349,26,1267,1268,1269,1078
170,94,96,350,349,1270,1271,1272,1268
171,96,93,351,350,1273,1274,1275,1271
172,93,95,352,351,1276,1277,1278,1274
173,95,92,353,352,1279,1280,1281,1277
174,92,8,80,353,1282,1119,1283,1280
175,26,349,354,20,1269,1284,1285,1076
176,349,350,355,354,1272,1286,1287,1284
177,350,351,356,355,1275,1288,1289,1286
178,351,352,357,356,1278,1290,1291,1288
179,352,353,358,357,1281,1292,1293,1290
180,353,80,74,358,1283,1116,1294,1292
181,20,354,359,27,1285,1295,1296,1074
182,354,355,360,359,1287,1297,1298,1295
183,355,356,361,360,1289,1299,1300,1297
184,356,357,362,361,1291,1301,1302,1299
185,357,358,363,362,1293,1303,1304,1301
186,358,74,81,363,1294,1113,1305,1303
187,27,359,364,21,1296,1306,1307,1072
188,359,360,365,364,1298,1308,1309,1306
189,360,361,366,365,1300,1310,1311,1308
190,361,362,367,366,1302,1312,1313,1310
191,362,363,368,367,1304,1314,1315,1312
192,363,81,75,368,1305,1110,1316,1314
193,21,364,369,28,1307,1317,1318,1070
194,364,365,370,369,1309,1319,1320,1317
195,365,366,371,370,1311,1321,1322,1319
196,366,367,372,371,1313,1323,1324,1321
197,367,368,373,372,1315,1325,1326,1323
198,368,75,82,373,1316,1107,1327,1325
199,28,369,374,22,1318,1328,1329,1068
200,369,370,375,374,1320,1330,1331,1328
201,370,371,376,375,1322,1332,1333,1330
202,371,372,377,376,1324,1334,1335,1332
203,372,373,378,377,1326,1336,1337,1334
204,373,82,76,378,1327,1104,1338,1336
205,22,374,379,29,1329,1339,1340,1066
206,374,375,380,379,1331,1341,1342,1339
207,375,376,381,380,1333,1343,1344,1341
208,376,377,382,381,1335,1345,1346,1343
209,377,378,383,382,1337,1347,1348,1345
210,378,76,83,383,1338,1101,1349,1347
211,29,379,384,23,1340,1350,1351,1064
212,379,380,385,384,1342,1352,1353,1350
213,380,381,386,385,1344,1354,1355,1352
214,381,382,387,386,1346,1356,1357,1354
215,382,383,388,387,1348,1358,1359,1356
216,383,83,77,388,1349,1098,1360,1358
217,23,384,389,30,1351,1361,1362,1062
218,384,385,390,389,1353,1363,1364,1361
219,385,386,391,390,1355,1365,1366,1363
220,386,387,392,391,1357,1367,1368,1365
221,387,388,393,392,1359,1369,1370,1367
222,388,77,84,393,1360,1095,1371,1369
223,30,389,394,24,1362,1372,1373,1060
224,389,390,395,394,1364,1374,1375,1372
225,390,391,396,395,1366,1376,1377,1374
226,391,392,397,396,1368,1378,1379,1376
227,392,393,398,397,1370,1380,1381,1378
228,393,84,78,398,1371,1092,1382,1380
229,24,394,399,31,1373,1383,1384,1058
230,394,395,400,399,1375,1385,1386,1383
231,395,396,401,400,1377,1387,1388,1385
232,396,397,402,401,1379,1389,1390,1387
233,397,398,403,402,1381,1391,1392,1389
234,398,78,85,403,1382,1089,1393,1391
235,31,399,404,25,1384,1394,1395,1056
236,399,400,405,404,1386,1396,1397,1394
237,400,401,406,405,1388,1398,1399,1396
238,401,402,407,406,1390,1400,1401,1398
239,402,403,408,407,1392,1402,1403,1400
240,403,85,79,408,1393,1086,1404,1402
241,25,404,409,32,1395,1405,1406,1054
242,404,405,410,409,1397,1407,1408,1405
243,405,406,411,410,1399,1409,1410,1407
244,406,407,412,411,1401,1411,1412,1409
245,407,408,413,412,1403,1413,1414,1411
246,408,79,86,413,1404,1083,1415,1413
247,32,409,87,2,1406,1416,1417,1051
248,409,410,90,87,1408,1418,1419,1416
249,410,411,88,90,1410,1420,1421,1418
250,411,412,91,88,1412,1422,1423,1420
251,412,413,89,91,1414,1424,1425,1422
252,413,86,5,89,1415,1079,1426,1424
253,7,104,414,62,1427,1428,1429,1266
254,104,106,415,414,1430,1431,1432,1428
255,106,103,416,415,1433,1434,1435,1431
256,103,105,417,416,1436,1437,1438,1434
257,105,102,418,417,1439,1440,1441,1437
258,102,4,44,418,1442,931,1443,1440
259,62,414,419,56,1429,1444,1445,1264
260,414,415,420,419,1432,1446,1447,1444
261,415,416,421,420,1435,1448,1449,1446
262,416,417,422,421,1438,1450,1451,1448
263,417,418,423,422,1441,1452,1453,1450
264,418,44,38,423,1443,928,1454,1452
265,56,419,424,63,1445,1455,1456,1262
266,419,420,425,424,1447,1457,1458,1455
267,420,421,426,425,1449,1459,1460,1457
268,421,422,427,426,1451,1461,1462,1459
269,422,423,428,427,1453,1463,1464,1461
270,423,38,45,428,1454,925,1465,1463
271,63,424,429,57,1456,1466,1467,1260
272,424,425,430,429,1458,1468,1469,1466
273,425,426,431,430,1460,1470,1471,1468
274,426,427,432,431,1462,1472,1473,1470
275,427,428,433,432,1464,1474,1475,1472
276,428,45,39,433,1465,922,1476,1474
277,57,429,434,64,1467,1477,1478,1258
278,429,430,435,434,1469,1479,1480,1477
279,430,431,436,435,1471,1481,1482,1479
280,431,432,437,436,1473,1483,1484,1481
281,432,433,438,437,1475,1485,1486,1483
282,433,39,46,438,1476,919,1487,1485
283,64,434,439,58,1478,1488,1489,1256
284,434,435,440,439,1480,1490,1491,1488
285,435,436,441,440,1482,1492,1493,1490
286,436,437,442,441,1484,1494,1495,1492
287,437,438,443,442,1486,1496,1497,1494
288,438,46,40,443,1487,916,1498,1496
289,58,439,444,65,1489,1499,1500,1254
290,439,440,445,444,1491,1501,1502,1499
291,440,441,446,445,1493,1503,1504,1501
292,441,442,447,446,1495,1505,1506,1503
293,442,443,448,447,1497,1507,1508,1505
294,443,40,47,448,1498,913,1509,1507
295,65,444,449,59,1500,1510,1511,1252
296,444,445,450,449,1502,1512,1513,1510
297,445,446,451,450,1504,1514,1515,1512
298,446,447,452,451,1506,1516,1517,1514
299,447,448,453,452,1508,1518,1519,1516
300,448,47,41,453,1509,910,1520,1518
301,59,449,454,66,1511,1521,1522,1250
302,449,450,455,454,1513,1523,1524,1521
303,450,451,456,455,1515,1525,1526,1523
304,451,452,457,456,1517,1527,1528,1525
305,452,453,458,457,1519,1529,1530,1527
306,453,41,48,458,1520,907,1531,1529
307,66,454,459,60,1522,1532,1533,1248
308,454,455,460,459,1524,1534,1535,1532
309,455,456,461,460,1526,1536,1537,1534
310,456,457,462,461,1528,1538,1539,1536
311,457,458,463,462,1530,1540,1541,1538
312,458,48,42,463,1531,904,1542,1540
313,60,459,464,67,1533,1543,1544,1246
314,459,460,465,464,1535,1545,1546,1543
315,460,461,466,465,1537,1547,1548,1545
316,461,462,467,466,1539,1549,1550,1547
317,462,463,468,467,1541,1551,1552,1549
318,463,42,49,468,1542,901,1553,1551
319,67,464,469,61,1544,1554,1555,1244
320,464,465,470,469,1546,1556,1557,1554
321,465,466,471,470,1548,1558,1559,1556
322,466,467,472,471,1550,1560,1561,1558
323,467,468,473,472,1552,1562,1563,1560
324,468,49,43,473,1553,898,1564,1562
325,61,469,474,68,1555,1565,1566,1242
326,469,470,475,474,1557,1567,1568,1565
327,470,471,476,475,1559,1569,1570,1567
328,471,472,477,476,1561,1571,1572,1569
329,472,473,478,477,1563,1573,1574,1571
330,473,43,50,478,1564,895,1575,1573
331,68,474,97,6,1566,1576,1577,1239
332,474,475,100,97,1568,1578,1579,1576
333,475,476,98,100,1570,1580,1581,1578
334,476,477,101,98,1572,1582,1583,1580
335,477,478,99,101,1574,1584,1585,1582
336,478,50,1,99,1575,891,1586,1584
337,101,99,484,479,1585,1587,1588,1589
338,99,1,111,484,1586,1590,1591,1587
339,111,112,480,484,1592,1593,1594,1591
340,484,480,481,479,1594,1595,1596,1588
341,479,481,485,487,1596,1597,1598,1599
342,112,110,482,480,1600,1601,1602,1593
343,480,482,483,481,1602,1603,1604,1595
344,481,483,486,485,1604,1605,1606,1597
345,110,9,107,482,1607,1608,1609,1601
346,482,107,109,483,1609,1610,1611,1603
347,483,109,108,486,1611,1612,1613,1605
348,98,101,479,487,1583,1589,1599,1614
349,100,98,487,485,1581,1614,1598,1615
350,97,100,485,486,1579,1615,1606,1616
351,6,97,486,108,1577,1616,1613,1617
352,91,89,493,488,1425,1618,1619,1620
353,89,5,116,493,1426,1621,1622,1618
354,116,118,489,493,1623,1624,1625,1622
355,493,489,490,488,1625,1626,1627,1619
356,488,490,494,496,1627,1628,1629,1630
357,118,117,491,489,1631,1632,1633,1624
358,489,491,492,490,1633,1634,1635,1626
359,490,492,495,494,1635,1636,1637,1628
360,117,9,114,491,1638,1639,1640,1632
361,491,114,115,492,1640,1641,1642,1634
362,492,115,113,495,1642,1643,1644,1636
363,88,91,488,496,1423,1620,1630,1645
364,90,88,496,494,1421,1645,1629,1646
365,87,90,494,495,1419,1646,1637,1647
366,2,87,495,113,1417,1647,1644,1648
367,498,499,501,500,1649,1650,1651,1652
368,499,502,497,501,1653,1654,1655,1650
369,109,500,504,108,1656,1657,1658,1612
370,500,501,503,504,1651,1659,1660,1657
371,501,497,505,503,1655,1661,1662,1659
372,108,504,53,6,1658,1663,1240,1617
373,504,503,55,53,1660,1664,1211,1663
374,503,505,52,55,1662,1665,1182,1664
375,52,505,497,54,1665,1661,1666,1153
376,54,497,502,51,1666,1654,1667,1124
377,51,502,116,5,1667,1668,1621,1082
378,107,498,500,109,1669,1652,1656,1610
379,118,116,502,499,1623,1668,1653,1670
380,117,118,499,498,1631,1670,1649,1671
381,9,117,498,107,1638,1671,1669,1608
382,513,507,508,512,1672,1673,1674,1675
383,512,508,506,514,1674,1676,1677,1678
384,115,114,509,507,1641,1679,1680,1681
385,507,509,510,508,1680,1682,1683,1673
386,508,510,511,506,1683,1684,1685,1676
387,114,9,110,509,1639,1607,1686,1679
388,509,110,112,510,1686,1600,1687,1682
389,510,112,111,511,1687,1592,1688,1684
390,111,1,15,511,1590,894,1689,1688
391,511,15,18,506,1689,936,1690,1685
392,506,18,16,514,1690,965,1691,1677
393,113,115,507,513,1643,1681,1672,1692
394,19,512,514,16,1693,1678,1691,994
395,17,513,512,19,1694,1675,1693,1023
396,2,113,513,17,1648,1692,1694,1052
397,10,119,515,124,1695,1696,1697,1698
398,124,515,516,133,1697,1699,1700,1701
399,133,516,517,132,1700,1702,1703,1704
400,132,517,518,134,1703,1705,1706,1707
401,134,518,519,131,1706,1708,1709,1710
402,131,519,520,135,1709,1711,1712,1713
403,135,520,521,130,1712,1714,1715,1716
404,130,521,522,136,1715,1717,1718,1719
405,136,522,523,129,1718,1720,1721,1722
406,129,523,524,137,1721,1723,1724,1725
407,137,524,525,128,1724,1726,1727,1728
408,128,525,526,138,1727,1729,1730,1731
409,138,526,527,127,1730,1732,1733,1734
410,127,527,528,139,1733,1735,1736,1737
411,139,528,529,126,1736,1738,1739,1740
412,126,529,530,140,1739,1741,1742,1743
413,140,530,531,125,1742,1744,1745,1746
414,125,531,104,7,1745,1747,1427,1748
415,119,122,532,515,1749,1750,1751,1696
416,515,532,533,516,1751,1752,1753,1699
417,516,533,534,517,1753,1754,1755,1702
418,517,534,535,518,1755,1756,1757,1705
419,518,535,536,519,1757,1758,1759,1708
420,519,536,537,520,1759,1760,1761,1711
421,520,537,538,521,1761,1762,1763,1714
422,521,538,539,522,1763,1764,1765,1717
423,522,539,540,523,1765,1766,1767,1720
424,523,540,541,524,1767,1768,1769,1723
425,524,541,542,525,1769,1770,1771,1726
426,525,542,543,526,1771,1772,1773,1729
427,526,543,544,527,1773,1774,1775,1732
428,527,544,545,528,1775,1776,1777,1735
429,528,545,546,529,1777,1778,1779,1738
430,529,546,547,530,1779,1780,1781,1741
431,530,547,548,531,1781,1782,1783,1744
432,531,548,106,104,1783,1784,1430,1747
433,122,120,549,532,1785,1786,1787,1750
434,532,549,550,533,1787,1788,1789,1752
435,533,550,551,534,1789,1790,1791,1754
436,534,551,552,535,1791,1792,1793,1756
437,535,552,553,536,1793,1794,1795,1758
438,536,553,554,537,1795,1796,1797,1760
439,537,554,555,538,1797,1798,1799,1762
440,538,555,556,539,1799,1800,1801,1764
441,539,556,557,540,1801,1802,1803,1766
442,540,557,558,541,1803,1804,1805,1768
443,541,558,559,542,1805,1806,1807,1770
444,542,559,560,543,1807,1808,1809,1772
445,543,560,561,544,1809,1810,1811,1774
446,544,561,562,545,1811,1812,1813,1776
447,545,562,563,546,1813,1814,1815,1778
448,546,563,564,547,1815,1816,1817,1780
449,547,564,565,548,1817,1818,1819,1782
450,548,565,103,106,1819,1820,1433,1784
451,120,123,566,549,1821,1822,1823,1786
452,549,566,567,550,1823,1824,1825,1788
453,550,567,568,551,1825,1826,1827,1790
454,551,568,569,552,1827,1828,1829,1792
455,552,569,570,553,1829,1830,1831,1794
456,553,570,571,554,1831,1832,1833,1796
457,554,571,572,555,1833,1834,1835,1798
458,555,572,573,556,1835,1836,1837,1800
459,556,573,574,557,1837,1838,1839,1802
460,557,574,575,558,1839,1840,1841,1804
461,558,575,576,559,1841,1842,1843,1806
462,559,576,577,560,1843,1844,1845,1808
463,560,577,578,561,1845,1846,1847,1810
464,561,578,579,562,1847,1848,1849,1812
465,562,579,580,563,1849,1850,1851,1814
466,563,580,581,564,1851,1852,1853,1816
467,564,581,582,565,1853,1854,1855,1818
468,565,582,105,103,1855,1856,1436,1820
469,123,121,583,566,1857,1858,1859,1822
470,566,583,584,567,1859,1860,1861,1824
471,567,584,585,568,1861,1862,1863,1826
472,568,585,586,569,1863,1864,1865,1828
473,569,586,587,570,1865,1866,1867,1830
474,570,587,588,571,1867,1868,1869,1832
475,571,588,589,572,1869,1870,1871,1834
476,572,589,590,573,1871,1872,1873,1836
477,573,590,591,574,1873,1874,1875,1838
478,574,591,592,575,1875,1876,1877,1840
479,575,592,593,576,1877,1878,1879,1842
480,576,593,594,577,1879,1880,1881,1844
481,577,594,595,578,1881,1882,1883,1846
482,578,595,596,579,1883,1884,1885,1848
483,579,596,597,580,1885,1886,1887,1850
484,580,597,598,581,1887,1888,1889,1852
485,581,598,599,582,1889,1890,1891,1854
486,582,599,102,105,1891,1892,1439,1856
487,121,11,141,583,1893,1894,1895,1858
488,583,141,150,584,1895,1896,1897,1860
489,584,150,149,585,1897,1898,1899,1862
490,585,149,151,586,1899,1900,1901,1864
491,586,151,148,587,1901,1902,1903,1866
492,587,148,152,588,1903,1904,1905,1868
493,588,152,147,589,1905,1906,1907,1870
494,589,147,153,590,1907,1908,1909,1872
495,590,153,146,591,1909,1910,1911,1874
496,591,146,154,592,1911,1912,1913,1876
497,592,154,145,593,1913,1914,1915,1878
498,593,145,155,594,1915,1916,1917,1880
499,594,155,144,595,1917,1918,1919,1882
500,595,144,156,596,1919,1920,1921,1884
501,596,156,143,597,1921,1922,1923,1886
502,597,143,157,598,1923,1924,1925,1888
503,598,157,142,599,1925,1926,1927,1890
504,599,142,4,102,1927,1928,1442,1892
505,12,158,600,163,1929,1930,1931,1932
506,163,600,601,172,1931,1933,1934,1935
507,172,601,602,171,1934,1936,1937,1938
508,171,602,603,173,1937,1939,1940,1941
509,173,603,604,170,1940,1942,1943,1944
510,170,604,605,174,1943,1945,1946,1947
511,174,605,606,169,1946,1948,1949,1950
512,169,606,607,175,1949,1951,1952,1953
513,175,607,608,168,1952,1954,1955,1956
514,168,608,609,176,1955,1957,1958,1959
515,176,609,610,167,1958,1960,1961,1962
516,167,610,611,177,1961,1963,1964,1965
517,177,611,612,166,1964,1966,1967,1968
518,166,612,613,178,1967,1969,1970,1971
519,178,613,614,165,1970,1972,1973,1974
520,165,614,615,179,1973,1975,1976,1977
521,179,615,616,164,1976,1978,1979,1980
522,164,616,94,3,1979,1981,1267,1982
523,158,161,617,600,1983,1984,1985,1930
524,600,617,618,601,1985,1986,1987,1933
525,601,618,619,602,1987,1988,1989,1936
526,602,619,620,603,1989,1990,1991,1939
527,603,620,621,604,1991,1992,1993,1942
528,604,621,622,605,1993,1994,1995,1945
529,605,622,623,606,1995,1996,1997,1948
530,606,623,624,607,1997,1998,1999,1951
531,607,624,625,608,1999,2000,2001,1954
532,608,625,626,609,2001,2002,2003,1957
533,609,626,627,610,2003,2004,2005,1960
534,610,627,628,611,2005,2006,2007,1963
535,611,628,629,612,2007,2008,2009,1966
536,612,629,630,613,2009,2010,2011,1969
537,613,630,631,614,2011,2012,2013,1972
538,614,631,632,615,2013,2014,2015,1975
539,615,632,633,616,2015,2016,2017,1978
540,616,633,96,94,2017,2018,1270,1981
541,161,159,634,617,2019,2020,2021,1984
542,617,634,635,618,2021,2022,2023,1986
543,618,635,636,619,2023,2024,2025,1988
544,619,636,637,620,2025,2026,2027,1990
545,620,637,638,621,2027,2028,2029,1992
546,621,638,639,622,2029,2030,2031,1994
547,622,639,640,623,2031,2032,2033,1996
548,623,640,641,624,2033,2034,2035,1998
549,624,641,642,625,2035,2036,2037,2000
550,625,642,643,626,2037,2038,2039,2002
551,626,643,644,627,2039,2040,2041,2004
552,627,644,645,628,2041,2042,2043,2006
553,628,645,646,629,2043,2044,2045,2008
554,629,646,647,630,2045,2046,2047,2010
555,630,647,648,631,2047,2048,2049,2012
556,631,648,649,632,2049,2050,2051,2014
557,632,649,650,633,2051,2052,2053,2016
558,633,650,93,96,2053,2054,1273,2018
559,159,162,651,634,2055,2056,2057,2020
560,634,651,652,635,2057,2058,2059,2022
561,635,652,653,636,2059,2060,2061,2024
562,636,653,654,637,2061,2062,2063,2026
563,637,654,655,638,2063,2064,2065,2028
564,638,655,656,639,2065,2066,2067,2030
565,639,656,657,640,2067,2068,2069,2032
566,640,657,658,641,2069,2070,2071,2034
567,641,658,659,642,2071,2072,2073,2036
568,642,659,660,643,2073,2074,2075,2038
569,643,660,661,644,2075,2076,2077,2040
570,644,661,662,645,2077,2078,2079,2042
571,645,662,663,646,2079,2080,2081,2044
572,646,663,664,647,2081,2082,2083,2046
573,647,664,665,648,2083,2084,2085,2048
574,648,665,666,649,2085,2086,2087,2050
575,649,666,667,650,2087,2088,2089,2052
576,650,667,95,93,2089,2090,1276,2054
577,162,160,668,651,2091,2092,2093,2056
578,651,668,669,652,2093,2094,2095,2058
579,652,669,670,653,2095,2096,2097,2060
580,653,670,671,654,2097,2098,2099,2062
581,654,671,672,655,2099,2100,2101,2064
582,655,672,673,656,2101,2102,2103,2066
583,656,673,674,657,2103,2104,2105,2068
584,657,674,675,658,2105,2106,2107,2070
585,658,675,676,659,2107,2108,2109,2072
586,659,676,677,660,2109,2110,2111,2074
587,660,677,678,661,2111,2112,2113,2076
588,661,678,679,662,2113,2114,2115,2078
589,662,679,680,663,2115,2116,2117,2080
590,663,680,681,664,2117,2118,2119,2082
591,664,681,682,665,2119,2120,2121,2084
592,665,682,683,666,2121,2122,2123,2086
593,666,683,684,667,2123,2124,2125,2088
594,667,684,92,95,2125,2126,1279,2090
595,160,13,180,668,2127,2128,2129,2092
596,668,180,189,669,2129,2130,2131,2094
597,669,189,188,670,2131,2132,2133,2096
598,670,188,190,671,2133,2134,2135,2098
599,671,190,187,672,2135,2136,2137,2100
600,672,187,191,673,2137,2138,2139,2102
601,673,191,186,674,2139,2140,2141,2104
602,674,186,192,675,2141,2142,2143,2106
603,675,192,185,676,2143,2144,2145,2108
604,676,185,193,677,2145,2146,2147,2110
605,677,193,184,678,2147,2148,2149,2112
606,678,184,194,679,2149,2150,2151,2114
607,679,194,183,680,2151,2152,2153,2116
608,680,183,195,681,2153,2154,2155,2118
609,681,195,182,682,2155,2156,2157,2120
610,682,182,196,683,2157,2158,2159,2122
611,683,196,181,684,2159,2160,2161,2124
612,684,181,8,92,2161,2162,1282,2126
613,10,124,685,199,1698,2163,2164,2165
614,199,685,686,201,2164,2166,2167,2168
615,201,686,687,198,2167,2169,2170,2171
616,198,687,688,200,2170,2172,2173,2174
617,200,688,689,197,2173,2175,2176,2177
618,197,689,180,13,2176,2178,2128,2179
619,124,133,690,685,1701,2180,2181,2163
620,685,690,691,686,2181,2182,2183,2166
621,686,691,692,687,2183,2184,2185,2169
622,687,692,693,688,2185,2186,2187,2172
623,688,693,694,689,2187,2188,2189,2175
624,689,694,189,180,2189,2190,2130,2178
625,133,132,695,690,1704,2191,2192,2180
626,690,695,696,691,2192,2193,2194,2182
627,691,696,697,692,2194,2195,2196,2184
628,692,697,698,693,2196,2197,2198,2186
629,693,698,699,694,2198,2199,2200,2188
630,694,699,188,189,2200,2201,2132,2190
631,132,134,700,695,1707,2202,2203,2191
632,695,700,701,696,2203,2204,2205,2193
633,696,701,702,697,2205,2206,2207,2195
634,697,702,703,698,2207,2208,2209,2197
635,698,703,704,699,2209,2210,2211,2199
636,699,704,190,188,2211,2212,2134,2201
637,134,131,705,700,1710,2213,2214,2202
638,700,705,706,701,2214,2215,2216,2204
639,701,706,707,702,2216,2217,2218,2206
640,702,707,708,703,2218,2219,2220,2208
641,703,708,709,704,2220,2221,2222,2210
642,704,709,187,190,2222,2223,2136,2212
643,131,135,710,705,1713,2224,2225,2213
644,705,710,711,706,2225,2226,2227,2215
645,706,711,712,707,2227,2228,2229,2217
646,707,712,713,708,2229,2230,2231,2219
647,708,713,714,709,2231,2232,2233,2221
648,709,714,191,187,2233,2234,2138,2223
649,135,130,715,710,1716,2235,2236,2224
650,710,715,716,711,2236,2237,2238,2226
651,711,716,717,712,2238,2239,2240,2228
652,712,717,718,713,2240,2241,2242,2230
653,713,718,719,714,2242,2243,2244,2232
654,714,719,186,191,2244,2245,2140,2234
655,130,136,720,715,1719,2246,2247,2235
656,715,720,721,716,2247,2248,2249,2237
657,716,721,722,717,2249,2250,2251,2239
658,717,722,723,718,2251,2252,2253,2241
659,718,723,724,719,2253,2254,2255,2243
660,719,724,192,186,2255,2256,2142,2245
661,136,129,725,720,1722,2257,2258,2246
662,720,725,726,721,2258,2259,2260,2248
663,721,726,727,722,2260,2261,2262,2250
664,722,727,728,723,2262,2263,2264,2252
665,723,728,729,724,2264,2265,2266,2254
666,724,729,185,192,2266,2267,2144,2256
667,129,137,730,725,1725,2268,2269,2257
668,725,730,731,726,2269,2270,2271,2259
669,726,731,732,727,2271,2272,2273,2261
670,727,732,733,728,2273,2274,2275,2263
671,728,733,734,729,2275,2276,2277,2265
672,729,734,193,185,2277,2278,2146,2267
673,137,128,735,730,1728,2279,2280,2268
674,730,735,736,731,2280,2281,2282,2270
675,731,736,737,732,2282,2283,2284,2272
676,732,737,738,733,2284,2285,2286,2274
677,733,738,739,734,2286,2287,2288,2276
678,734,739,184,193,2288,2289,2148,2278
679,128,138,740,735,1731,2290,2291,2279
680,735,740,741,736,2291,2292,2293,2281
681,736,741,742,737,2293,2294,2295,2283
682,737,742,743,738,2295,2296,2297,2285
683,738,743,744,739,2297,2298,2299,2287
684,739,744,194,184,2299,2300,2150,2289
685,138,127,745,740,1734,2301,2302,2290
686,740,745,746,741,2302,2303,2304,2292
687,741,746,747,742,2304,2305,2306,2294
688,742,747,748,743,2306,2307,2308,2296
689,743,748,749,744,2308,2309,2310,2298
690,744,749,183,194,2310,2311,2152,2300
691,127,139,750,745,1737,2312,2313,2301
692,745,750,751,746,2313,2314,2315,2303
693,746,751,752,747,2315,2316,2317,2305
694,747,752,753,748,2317,2318,2319,2307
695,748,753,754,749,2319,2320,2321,2309
696,749,754,195,183,2321,2322,2154,2311
697,139,126,755,750,1740,2323,2324,2312
698,750,755,756,751,2324,2325,2326,2314
699,751,756,757,752,2326,2327,2328,2316
700,752,757,758,753,2328,2329,2330,2318
701,753,758,759,754,2330,2331,2332,2320
702,754,759,182,195,2332,2333,2156,2322
703,126,140,760,755,1743,2334,2335,2323
704,755,760,761,756,2335,2336,2337,2325
705,756,761,762,757,2337,2338,2339,2327
706,757,762,763,758,2339,2340,2341,2329
707,758,763,764,759,2341,2342,2343,2331
708,759,764,196,182,2343,2344,2158,2333
709,140,125,765,760,1746,2345,2346,2334
710,760,765,766,761,2346,2347,2348,2336
711,761,766,767,762,2348,2349,2350,2338
712,762,767,768,763,2350,2351,2352,2340
713,763,768,769,764,2352,2353,2354,2342
714,764,769,181,196,2354,2355,2160,2344
715,125,7,69,765,1748,1265,2356,2345
716,765,69,72,766,2356,1236,2357,2347
717,766,72,70,767,2357,1207,2358,2349
718,767,70,73,768,2358,1178,2359,2351
719,768,73,71,769,2359,1149,2360,2353
720,769,71,8,181,2360,1120,2162,2355
721,12,163,770,204,1932,2361,2362,2363
722,204,770,771,206,2362,2364,2365,2366
723,206,771,772,203,2365,2367,2368,2369
724,203,772,773,205,2368,2370,2371,2372
725,205,773,774,202,2371,2373,2374,2375
726,202,774,141,11,2374,2376,1894,2377
727,163,172,775,770,1935,2378,2379,2361
728,770,775,776,771,2379,2380,2381,2364
729,771,776,777,772,2381,2382,2383,2367
730,772,777,778,773,2383,2384,2385,2370
731,773,778,779,774,2385,2386,2387,2373
732,774,779,150,141,2387,2388,1896,2376
733,172,171,780,775,1938,2389,2390,2378
734,775,780,781,776,2390,2391,2392,2380
735,776,781,782,777,2392,2393,2394,2382
736,777,782,783,778,2394,2395,2396,2384
737,778,783,784,779,2396,2397,2398,2386
738,779,784,149,150,2398,2399,1898,2388
739,171,173,785,780,1941,2400,2401,2389
740,780,785,786,781,2401,2402,2403,2391
741,781,786,787,782,2403,2404,2405,2393
742,782,787,788,783,2405,2406,2407,2395
743,783,788,789,784,2407,2408,2409,2397
744,784,789,151,149,2409,2410,1900,2399
745,173,170,790,785,1944,2411,2412,2400
746,785,790,791,786,2412,2413,2414,2402
747,786,791,792,787,2414,2415,2416,2404
748,787,792,793,788,2416,2417,2418,2406
749,788,793,794,789,2418,2419,2420,2408
750,789,794,148,151,2420,2421,1902,2410
751,170,174,795,790,1947,2422,2423,2411
752,790,795,796,791,2423,2424,2425,2413
753,791,796,797,792,2425,2426,2427,2415
754,792,797,798,793,2427,2428,2429,2417
755,793,798,799,794,2429,2430,2431,2419
756,794,799,152,148,2431,2432,1904,2421
757,174,169,800,795,1950,2433,2434,2422
758,795,800,801,796,2434,2435,2436,2424
759,796,801,802,797,2436,2437,2438,2426
760,797,802,803,798,2438,2439,2440,2428
761,798,803,804,799,2440,2441,2442,2430
762,799,804,147,152,2442,2443,1906,2432
763,169,175,805,800,1953,2444,2445,2433
764,800,805,806,801,2445,2446,2447,2435
765,801,806,807,802,2447,2448,2449,2437
766,802,807,808,803,2449,2450,2451,2439
767,803,808,809,804,2451,2452,2453,2441
768,804,809,153,147,2453,2454,1908,2443
769,175,168,810,805,1956,2455,2456,2444
770,805,810,811,806,2456,2457,2458,2446
771,806,811,812,807,2458,2459,2460,2448
772,807,812,813,808,2460,2461,2462,2450
773,808,813,814,809,2462,2463,2464,2452
774,809,814,146,153,2464,2465,1910,2454
775,168,176,815,810,1959,2466,2467,2455
776,810,815,816,811,2467,2468,2469,2457
777,811,816,817,812,2469,2470,2471,2459
778,812,817,818,813,2471,2472,2473,2461
779,813,818,819,814,2473,2474,2475,2463
780,814,819,154,146,2475,2476,1912,2465
781,176,167,820,815,1962,2477,2478,2466
782,815,820,821,816,2478,2479,2480,2468
783,816,821,822,817,2480,2481,2482,2470
784,817,822,823,818,2482,2483,2484,2472
785,818,823,824,819,2484,2485,2486,2474
786,819,824,145,154,2486,2487,1914,2476
787,167,177,825,820,1965,2488,2489,2477
788,820,825,826,821,2489,2490,2491,2479
789,821,826,827,822,2491,2492,2493,2481
790,822,827,828,823,2493,2494,2495,2483
791,823,828,829,824,2495,2496,2497,2485
792,824,829,155,145,2497,2498,1916,2487
793,177,166,830,825,1968,2499,2500,2488
794,825,830,831,826,2500,2501,2502,2490
795,826,831,832,827,2502,2503,2504,2492
796,827,832,833,828,2504,2505,2506,2494
797,828,833,834,829,2506,2507,2508,2496
798,829,834,144,155,2508,2509,1918,2498
799,166,178,835,830,1971,2510,2511,2499
800,830,835,836,831,2511,2512,2513,2501
801,831,836,837,832,2513,2514,2515,2503
802,832,837,838,833,2515,2516,2517,2505
803,833,838,839,834,2517,2518,2519,2507
804,834,839,156,144,2519,2520,1920,2509
805,178,165,840,835,1974,2521,2522,2510
806,835,840,841,836,2522,2523,2524,2512
807,836,841,842,837,2524,2525,2526,2514
808,837,842,843,838,2526,2527,2528,2516
809,838,843,844,839,2528,2529,2530,2518
810,839,844,143,156,2530,2531,1922,2520
811,165,179,845,840,1977,2532,2533,2521
812,840,845,846,841,2533,2534,2535,2523
813,841,846,847,842,2535,2536,2537,2525
814,842,847,848,843,2537,2538,2539,2527
815,843,848,849,844,2539,2540,2541,2529
816,844,849,157,143,2541,2542,1924,2531
817,179,164,850,845,1980,2543,2544,2532
818,845,850,851,846,2544,2545,2546,2534
819,846,851,852,847,2546,2547,2548,2536
820,847,852,853,848,2548,2549,2550,2538
821,848,853,854,849,2550,2551,2552,2540
822,849,854,142,157,2552,2553,1926,2542
823,164,3,33,850,1982,1077,2554,2543
824,850,33,36,851,2554,1048,2555,2545
825,851,36,34,852,2555,1019,2556,2547
826,852,34,37,853,2556,990,2557,2549
827,853,37,35,854,2557,961,2558,2551
828,854,35,4,142,2558,932,1928,2553
829,856,858,859,857,2559,2560,2561,2562
830,857,859,855,860,2561,2563,2564,2565
831,209,208,862,858,2566,2567,2568,2569
832,858,862,861,859,2568,2570,2571,2560
833,859,861,863,855,2571,2572,2573,2563
834,208,11,121,862,2574,1893,2575,2567
835,862,121,123,861,2575,1857,2576,2570
836,861,123,120,863,2576,1821,2577,2572
837,120,122,855,863,1785,2578,2573,2577
838,122,119,860,855,1749,2579,2564,2578
839,119,10,211,860,1695,2580,2581,2579
840,207,209,858,856,2582,2569,2559,2583
841,212,857,860,211,2584,2565,2581,2585
842,210,856,857,212,2586,2562,2584,2587
843,14,207,856,210,2588,2583,2586,2589
844,162,159,872,864,2055,2590,2591,2592
845,213,871,867,215,2593,2594,2595,2596
846,871,864,868,867,2597,2598,2599,2594
847,864,872,866,868,2591,2600,2601,2598
848,215,867,869,214,2595,2602,2603,2604
849,867,868,870,869,2599,2605,2606,2602
850,868,866,865,870,2601,2607,2608,2605
851,214,869,217,14,2603,2609,2610,2611
852,869,870,218,217,2606,2612,2613,2609
853,870,865,216,218,2608,2614,2615,2612
854,216,865,158,12,2614,2616,1929,2617
855,865,866,161,158,2607,2618,1983,2616
856,866,872,159,161,2600,2590,2019,2618
857,160,162,864,871,2091,2592,2597,2619
858,13,160,871,213,2127,2619,2593,2620
859,874,876,877,875,2621,2622,2623,2624
860,875,877,873,878,2623,2625,2626,2627
861,212,211,880,876,2585,2628,2629,2630
862,876,880,879,877,2629,2631,2632,2622
863,877,879,881,873,2632,2633,2634,2625
864,211,10,199,880,2580,2165,2635,2628
865,880,199,201,879,2635,2168,2636,2631
866,879,201,198,881,2636,2171,2637,2633
867,198,200,873,881,2174,2638,2634,2637
868,200,197,878,873,2177,2639,2626,2638
869,197,13,213,878,2179,2620,2640,2639
870,210,212,876,874,2587,2630,2621,2641
871,215,875,878,213,2642,2627,2640,2596
872,214,874,875,215,2643,2624,2642,2604
873,14,210,874,214,2589,2641,2643,2611
874,12,204,883,216,2363,2644,2645,2617
875,204,206,884,883,2366,2646,2647,2644
876,206,203,882,884,2369,2648,2649,2646
877,216,883,887,218,2645,2650,2651,2615
878,883,884,888,887,2647,2652,2653,2650
879,884,882,886,888,2649,2654,2655,2652
880,218,887,889,217,2651,2656,2657,2613
881,887,888,890,889,2653,2658,2659,2656
882,888,886,885,890,2655,2660,2661,2658
883,217,889,207,14,2657,2662,2588,2610
884,889,890,209,207,2659,2663,2582,2662
885,890,885,208,209,2661,2664,2566,2663
886,208,885,202,11,2664,2665,2377,2574
887,885,886,205,202,2660,2666,2375,2665
888,886,882,203,205,2654,2648,2372,2666
BOUNDARY CONDITIONS
2666
1,0,0,1,0,-0.0000178093,0
2,0,0,1,0,-0.0000180402,0
3,0,0,1,0,-0.0000083136,0
4,0,0,1,0,-0.0000083721,0
5,0,0,1,0,-0.0000178497,0
6,0,0,1,0,-0.0000176469,0
7,0,0,1,0,-0.0000083936,0
8,0,0,1,0,-0.0000083141,0
9,0,0,1,0,-0.0000505117,0
10,0,0,1,0,0.0000000000,0
11,0,0,1,0,0.0000000000,0
12,0,0,1,0,0.0000000000,0
13,0,0,1,0,0.0000000000,0
14,0,0,1,0,0.0000000000,0
15,0,0,1,0,-0.0000170736,0
16,0,0,1,0,-0.0000136996,0
17,0,0,1,0,-0.0000172396,0
18,0,0,1,0,-0.0000149875,0
19,0,0,1,0,-0.0000150606,0
20,0,0,1,0,-0.0000178105,0
21,0,0,1,0,-0.0000179286,0
22,0,0,1,0,-0.0000178732,0
23,0,0,1,0,-0.0000176136,0
24,0,0,1,0,-0.0000171793,0
25,0,0,1,0,-0.0000168574,0
26,0,0,1,0,-0.0000176329,0
27,0,0,1,0,-0.0000178861,0
28,0,0,1,0,-0.0000179269,0
29,0,0,1,0,-0.0000177717,0
30,0,0,1,0,-0.0000174335,0
31,0,0,1,0,-0.0000169691,0
32,0,0,1,0,-0.0000170246,0
33,0,0,1,0,-0.0000083245,0
34,0,0,1,0,-0.0000083948,0
35,0,0,1,0,-0.0000083670,0
36,0,0,1,0,-0.0000083756,0
37,0,0,1,0,-0.0000083902,0
38,0,0,1,0,-0.0000178298,0
39,0,0,1,0,-0.0000179194,0
40,0,0,1,0,-0.0000178219,0
41,0,0,1,0,-0.0000175091,0
42,0,0,1,0,-0.0000170195,0
43,0,0,1,0,-0.0000166557,0
44,0,0,1,0,-0.0000176615,0
45,0,0,1,0,-0.0000178928,0
46,0,0,1,0,-0.0000178985,0
47,0,0,1,0,-0.0000176956,0
48,0,0,1,0,-0.0000173027,0
49,0,0,1,0,-0.0000167893,0
50,0,0,1,0,-0.0000168087,0
51,0,0,1,0,-0.0000170179,0
52,0,0,1,0,-0.0000134705,0
53,0,0,1,0,-0.0000168810,0
54,0,0,1,0,-0.0000148415,0
55,0,0,1,0,-0.0000147589,0
56,0,0,1,0,-0.0000178583,0
57,0,0,1,0,-0.0000179229,0
58,0,0,1,0,-0.0000177923,0
59,0,0,1,0,-0.0000174387,0
60,0,0,1,0,-0.0000169076,0
61,0,0,1,0,-0.0000165133,0
62,0,0,1,0,-0.0000176999,0
63,0,0,1,0,-0.0000179097,0
64,0,0,1,0,-0.0000178868,0
65,0,0,1,0,-0.0000176469,0
66,0,0,1,0,-0.0000172125,0
67,0,0,1,0,-0.0000166624,0
68,0,0,1,0,-0.0000166561,0
69,0,0,1,0,-0.0000084392,0
70,0,0,1,0,-0.0000084792,0
71,0,0,1,0,-0.0000083780,0
72,0,0,1,0,-0.0000084748,0
73,0,0,1,0,-0.0000084496,0
74,0,0,1,0,-0.0000178241,0
75,0,0,1,0,-0.0000179248,0
76,0,0,1,0,-0.0000178392,0
77,0,0,1,0,-0.0000175390,0
78,0,0,1,0,-0.0000170620,0
79,0,0,1,0,-0.0000167101,0
80,0,0,1,0,-0.0000176527,0
81,0,0,1,0,-0.0000178923,0
82,0,0,1,0,-0.0000179097,0
83,0,0,1,0,-0.0000177190,0
84,0,0,1,0,-0.0000173389,0
85,0,0,1,0,-0.0000168368,0
86,0,0,1,0,-0.0000168662,0
87,0,0,1,0,-0.0000172548,0
88,0,0,1,0,-0.0000137411,0
89,0,0,1,0,-0.0000171234,0
90,0,0,1,0,-0.0000151019,0
91,0,0,1,0,-0.0000150256,0
92,0,0,1,0,-0.0000083185,0
93,0,0,1,0,-0.0000083810,0
94,0,0,1,0,-0.0000083551,0
95,0,0,1,0,-0.0000083598,0
96,0,0,1,0,-0.0000083823,0
97,0,0,1,0,-0.0000168562,0
98,0,0,1,0,-0.0000134211,0
99,0,0,1,0,-0.0000169773,0
100,0,0,1,0,-0.0000147312,0
101,0,0,1,0,-0.0000147807,0
102,0,0,1,0,-0.0000084240,0
103,0,0,1,0,-0.0000084848,0
104,0,0,1,0,-0.0000084056,0
105,0,0,1,0,-0.0000084741,0
106,0,0,1,0,-0.0000084618,0
107,0,0,1,0,-0.0000692491,0
108,0,0,1,0,-0.0000335071,0
109,0,0,1,0,-0.0000573646,0
110,0,0,1,0,-0.0000693137,0
111,0,0,1,0,-0.0000336638,0
112,0,0,1,0,-0.0000574858,0
113,0,0,1,0,-0.0000338933,0
114,0,0,1,0,-0.0000694109,0
115,0,0,1,0,-0.0000576602,0
116,0,0,1,0,-0.0000336555,0
117,0,0,1,0,-0.0000693384,0
118,0,0,1,0,-0.0000574770,0
119,0,0,1,0,0.0000000000,0
120,0,0,1,0,0.0000000000,0
121,0,0,1,0,0.0000000000,0
122,0,0,1,0,0.0000000000,0
123,0,0,1,0,0.0000000000,0
124,0,0,1,0,0.0000035367,0
125,0,0,1,0,0.0000004967,0
126,0,0,1,0,0.0000010186,0
127,0,0,1,0,0.0000015799,0
128,0,0,1,0,0.0000021264,0
129,0,0,1,0,0.0000026125,0
130,0,0,1,0,0.0000029973,0
131,0,0,1,0,0.0000032589,0
132,0,0,1,0,0.0000033960,0
133,0,0,1,0,0.0000034620,0
134,0,0,1,0,0.0000033446,0
135,0,0,1,0,0.0000031444,0
136,0,0,1,0,0.0000028194,0
137,0,0,1,0,0.0000023800,0
138,0,0,1,0,0.0000018573,0
139,0,0,1,0,0.0000012964,0
140,0,0,1,0,0.0000007429,0
141,0,0,1,0,0.0000035240,0
142,0,0,1,0,0.0000005289,0
143,0,0,1,0,0.0000010848,0
144,0,0,1,0,0.0000016150,0
145,0,0,1,0,0.0000021078,0
146,0,0,1,0,0.0000025389,0
147,0,0,1,0,0.0000028961,0
148,0,0,1,0,0.0000031669,0
149,0,0,1,0,0.0000033450,0
150,0,0,1,0,0.0000034394,0
151,0,0,1,0,0.0000032702,0
152,0,0,1,0,0.0000030435,0
153,0,0,1,0,0.0000027277,0
154,0,0,1,0,0.0000023314,0
155,0,0,1,0,0.0000018662,0
156,0,0,1,0,0.0000013518,0
157,0,0,1,0,0.0000008054,0
158,0,0,1,0,0.0000000000,0
159,0,0,1,0,0.0000000000,0
160,0,0,1,0,0.0000000000,0
161,0,0,1,0,0.0000000000,0
162,0,0,1,0,0.0000000000,0
163,0,0,1,0,0.0000035030,0
164,0,0,1,0,0.0000006059,0
165,0,0,1,0,0.0000011353,0
166,0,0,1,0,0.0000016385,0
167,0,0,1,0,0.0000020872,0
168,0,0,1,0,0.0000024786,0
169,0,0,1,0,0.0000028159,0
170,0,0,1,0,0.0000030929,0
171,0,0,1,0,0.0000032940,0
172,0,0,1,0,0.0000033995,0
173,0,0,1,0,0.0000032067,0
174,0,0,1,0,0.0000029632,0
175,0,0,1,0,0.0000026543,0
176,0,0,1,0,0.0000022896,0
177,0,0,1,0,0.0000018698,0
178,0,0,1,0,0.0000013916,0
179,0,0,1,0,0.0000008634,0
180,0,0,1,0,0.0000034986,0
181,0,0,1,0,0.0000006034,0
182,0,0,1,0,0.0000011127,0
183,0,0,1,0,0.0000016381,0
184,0,0,1,0,0.0000021168,0
185,0,0,1,0,0.0000025313,0
186,0,0,1,0,0.0000028741,0
187,0,0,1,0,0.0000031385,0
188,0,0,1,0,0.0000033128,0
189,0,0,1,0,0.0000034024,0
190,0,0,1,0,0.0000032402,0
191,0,0,1,0,0.0000030175,0
192,0,0,1,0,0.0000027122,0
193,0,0,1,0,0.0000023327,0
194,0,0,1,0,0.0000018840,0
195,0,0,1,0,0.0000013779,0
196,0,0,1,0,0.0000008404,0
197,0,0,1,0,0.0000000000,0
198,0,0,1,0,0.0000000000,0
199,0,0,1,0,0.0000000000,0
200,0,0,1,0,0.0000000000,0
201,0,0,1,0,0.0000000000,0
202,0,0,1,0,0.0000000000,0
203,0,0,1,0,0.0000000000,0
204,0,0,1,0,0.0000000000,0
205,0,0,1,0,0.0000000000,0
206,0,0,1,0,0.0000000000,0
207,0,0,1,0,0.0000000000,0
208,0,0,1,0,0.0000000000,0
209,0,0,1,0,0.0000000000,0
210,0,0,1,0,0.0000000000,0
211,0,0,1,0,0.0000000000,0
212,0,0,1,0,0.0000000000,0
213,0,0,1,0,0.0000000000,0
214,0,0,1,0,0.0000000000,0
215,0,0,1,0,0.0000000000,0
216,0,0,1,0,0.0000000000,0
217,0,0,1,0,0.0000000000,0
218,0,0,1,0,0.0000000000,0
219,0,0,1,0,-0.0000168079,0
220,0,0,1,0,-0.0000166566,0
221,0,0,1,0,-0.0000168068,0
222,0,0,1,0,-0.0000170544,0
223,0,0,1,0,-0.0000173090,0
224,0,0,1,0,-0.0000175108,0
225,0,0,1,0,-0.0000176836,0
226,0,0,1,0,-0.0000178041,0
227,0,0,1,0,-0.0000178742,0
228,0,0,1,0,-0.0000178908,0
229,0,0,1,0,-0.0000178604,0
230,0,0,1,0,-0.0000177944,0
231,0,0,1,0,-0.0000176776,0
232,0,0,1,0,-0.0000168229,0
233,0,0,1,0,-0.0000166639,0
234,0,0,1,0,-0.0000168300,0
235,0,0,1,0,-0.0000170882,0
236,0,0,1,0,-0.0000173268,0
237,0,0,1,0,-0.0000175228,0
238,0,0,1,0,-0.0000176865,0
239,0,0,1,0,-0.0000178019,0
240,0,0,1,0,-0.0000178673,0
241,0,0,1,0,-0.0000178806,0
242,0,0,1,0,-0.0000178477,0
243,0,0,1,0,-0.0000177790,0
244,0,0,1,0,-0.0000177259,0
245,0,0,1,0,-0.0000168636,0
246,0,0,1,0,-0.0000166962,0
247,0,0,1,0,-0.0000168625,0
248,0,0,1,0,-0.0000171202,0
249,0,0,1,0,-0.0000173508,0
250,0,0,1,0,-0.0000175416,0
251,0,0,1,0,-0.0000176996,0
252,0,0,1,0,-0.0000178108,0
253,0,0,1,0,-0.0000178726,0
254,0,0,1,0,-0.0000178834,0
255,0,0,1,0,-0.0000178486,0
256,0,0,1,0,-0.0000177782,0
257,0,0,1,0,-0.0000177458,0
258,0,0,1,0,-0.0000169108,0
259,0,0,1,0,-0.0000167446,0
260,0,0,1,0,-0.0000168988,0
261,0,0,1,0,-0.0000171479,0
262,0,0,1,0,-0.0000173771,0
263,0,0,1,0,-0.0000175640,0
264,0,0,1,0,-0.0000177190,0
265,0,0,1,0,-0.0000178267,0
266,0,0,1,0,-0.0000178856,0
267,0,0,1,0,-0.0000178939,0
268,0,0,1,0,-0.0000178572,0
269,0,0,1,0,-0.0000177852,0
270,0,0,1,0,-0.0000177286,0
271,0,0,1,0,-0.0000169804,0
272,0,0,1,0,-0.0000168094,0
273,0,0,1,0,-0.0000169380,0
274,0,0,1,0,-0.0000171686,0
275,0,0,1,0,-0.0000174041,0
276,0,0,1,0,-0.0000175879,0
277,0,0,1,0,-0.0000177427,0
278,0,0,1,0,-0.0000178473,0
279,0,0,1,0,-0.0000179034,0
280,0,0,1,0,-0.0000179087,0
281,0,0,1,0,-0.0000178694,0
282,0,0,1,0,-0.0000177959,0
283,0,0,1,0,-0.0000176721,0
284,0,0,1,0,-0.0000167718,0
285,0,0,1,0,-0.0000166232,0
286,0,0,1,0,-0.0000167771,0
287,0,0,1,0,-0.0000170305,0
288,0,0,1,0,-0.0000172934,0
289,0,0,1,0,-0.0000175035,0
290,0,0,1,0,-0.0000176857,0
291,0,0,1,0,-0.0000178155,0
292,0,0,1,0,-0.0000178947,0
293,0,0,1,0,-0.0000179197,0
294,0,0,1,0,-0.0000178968,0
295,0,0,1,0,-0.0000178362,0
296,0,0,1,0,-0.0000177218,0
297,0,0,1,0,-0.0000166951,0
298,0,0,1,0,-0.0000165456,0
299,0,0,1,0,-0.0000167246,0
300,0,0,1,0,-0.0000169988,0
301,0,0,1,0,-0.0000172573,0
302,0,0,1,0,-0.0000174741,0
303,0,0,1,0,-0.0000176601,0
304,0,0,1,0,-0.0000177970,0
305,0,0,1,0,-0.0000178831,0
306,0,0,1,0,-0.0000179157,0
307,0,0,1,0,-0.0000178999,0
308,0,0,1,0,-0.0000178446,0
309,0,0,1,0,-0.0000177989,0
310,0,0,1,0,-0.0000166508,0
311,0,0,1,0,-0.0000165000,0
312,0,0,1,0,-0.0000166866,0
313,0,0,1,0,-0.0000169686,0
314,0,0,1,0,-0.0000172287,0
315,0,0,1,0,-0.0000174504,0
316,0,0,1,0,-0.0000176405,0
317,0,0,1,0,-0.0000177825,0
318,0,0,1,0,-0.0000178732,0
319,0,0,1,0,-0.0000179103,0
320,0,0,1,0,-0.0000178986,0
321,0,0,1,0,-0.0000178470,0
322,0,0,1,0,-0.0000178260,0
323,0,0,1,0,-0.0000166267,0
324,0,0,1,0,-0.0000164826,0
325,0,0,1,0,-0.0000166629,0
326,0,0,1,0,-0.0000169424,0
327,0,0,1,0,-0.0000172090,0
328,0,0,1,0,-0.0000174344,0
329,0,0,1,0,-0.0000176291,0
330,0,0,1,0,-0.0000177741,0
331,0,0,1,0,-0.0000178674,0
332,0,0,1,0,-0.0000179062,0
333,0,0,1,0,-0.0000178959,0
334,0,0,1,0,-0.0000178462,0
335,0,0,1,0,-0.0000178057,0
336,0,0,1,0,-0.0000166444,0
337,0,0,1,0,-0.0000164975,0
338,0,0,1,0,-0.0000166573,0
339,0,0,1,0,-0.0000169222,0
340,0,0,1,0,-0.0000172018,0
341,0,0,1,0,-0.0000174293,0
342,0,0,1,0,-0.0000176295,0
343,0,0,1,0,-0.0000177758,0
344,0,0,1,0,-0.0000178700,0
345,0,0,1,0,-0.0000179082,0
346,0,0,1,0,-0.0000178972,0
347,0,0,1,0,-0.0000178480,0
348,0,0,1,0,-0.0000177443,0
349,0,0,1,0,-0.0000176752,0
350,0,0,1,0,-0.0000177215,0
351,0,0,1,0,-0.0000177287,0
352,0,0,1,0,-0.0000177130,0
353,0,0,1,0,-0.0000176700,0
354,0,0,1,0,-0.0000177962,0
355,0,0,1,0,-0.0000177821,0
356,0,0,1,0,-0.0000177720,0
357,0,0,1,0,-0.0000177723,0
358,0,0,1,0,-0.0000177886,0
359,0,0,1,0,-0.0000178695,0
360,0,0,1,0,-0.0000178565,0
361,0,0,1,0,-0.0000178473,0
362,0,0,1,0,-0.0000178464,0
363,0,0,1,0,-0.0000178595,0
364,0,0,1,0,-0.0000179099,0
365,0,0,1,0,-0.0000178961,0
366,0,0,1,0,-0.0000178866,0
367,0,0,1,0,-0.0000178847,0
368,0,0,1,0,-0.0000178957,0
369,0,0,1,0,-0.0000179062,0
370,0,0,1,0,-0.0000178910,0
371,0,0,1,0,-0.0000178804,0
372,0,0,1,0,-0.0000178769,0
373,0,0,1,0,-0.0000178850,0
374,0,0,1,0,-0.0000178519,0
375,0,0,1,0,-0.0000178356,0
376,0,0,1,0,-0.0000178234,0
377,0,0,1,0,-0.0000178173,0
378,0,0,1,0,-0.0000178211,0
379,0,0,1,0,-0.0000177491,0
380,0,0,1,0,-0.0000177313,0
381,0,0,1,0,-0.0000177170,0
382,0,0,1,0,-0.0000177076,0
383,0,0,1,0,-0.0000177068,0
384,0,0,1,0,-0.0000175962,0
385,0,0,1,0,-0.0000175798,0
386,0,0,1,0,-0.0000175638,0
387,0,0,1,0,-0.0000175497,0
388,0,0,1,0,-0.0000175404,0
389,0,0,1,0,-0.0000174139,0
390,0,0,1,0,-0.0000173960,0
391,0,0,1,0,-0.0000173776,0
392,0,0,1,0,-0.0000173594,0
393,0,0,1,0,-0.0000173449,0
394,0,0,1,0,-0.0000171793,0
395,0,0,1,0,-0.0000171694,0
396,0,0,1,0,-0.0000171512,0
397,0,0,1,0,-0.0000171265,0
398,0,0,1,0,-0.0000170970,0
399,0,0,1,0,-0.0000169480,0
400,0,0,1,0,-0.0000169216,0
401,0,0,1,0,-0.0000168973,0
402,0,0,1,0,-0.0000168742,0
403,0,0,1,0,-0.0000168566,0
404,0,0,1,0,-0.0000168145,0
405,0,0,1,0,-0.0000167667,0
406,0,0,1,0,-0.0000167358,0
407,0,0,1,0,-0.0000167181,0
408,0,0,1,0,-0.0000167194,0
409,0,0,1,0,-0.0000169789,0
410,0,0,1,0,-0.0000169352,0
411,0,0,1,0,-0.0000169094,0
412,0,0,1,0,-0.0000168835,0
413,0,0,1,0,-0.0000168819,0
414,0,0,1,0,-0.0000177424,0
415,0,0,1,0,-0.0000178062,0
416,0,0,1,0,-0.0000178299,0
417,0,0,1,0,-0.0000178053,0
418,0,0,1,0,-0.0000177308,0
419,0,0,1,0,-0.0000178466,0
420,0,0,1,0,-0.0000178453,0
421,0,0,1,0,-0.0000178477,0
422,0,0,1,0,-0.0000178474,0
423,0,0,1,0,-0.0000178410,0
424,0,0,1,0,-0.0000178956,0
425,0,0,1,0,-0.0000178936,0
426,0,0,1,0,-0.0000178963,0
427,0,0,1,0,-0.0000178983,0
428,0,0,1,0,-0.0000178963,0
429,0,0,1,0,-0.0000179058,0
430,0,0,1,0,-0.0000179019,0
431,0,0,1,0,-0.0000179047,0
432,0,0,1,0,-0.0000179096,0
433,0,0,1,0,-0.0000179138,0
434,0,0,1,0,-0.0000178664,0
435,0,0,1,0,-0.0000178607,0
436,0,0,1,0,-0.0000178640,0
437,0,0,1,0,-0.0000178723,0
438,0,0,1,0,-0.0000178832,0
439,0,0,1,0,-0.0000177708,0
440,0,0,1,0,-0.0000177646,0
441,0,0,1,0,-0.0000177693,0
442,0,0,1,0,-0.0000177812,0
443,0,0,1,0,-0.0000177982,0
444,0,0,1,0,-0.0000176230,0
445,0,0,1,0,-0.0000176166,0
446,0,0,1,0,-0.0000176230,0
447,0,0,1,0,-0.0000176389,0
448,0,0,1,0,-0.0000176625,0
449,0,0,1,0,-0.0000174209,0
450,0,0,1,0,-0.0000174186,0
451,0,0,1,0,-0.0000174283,0
452,0,0,1,0,-0.0000174475,0
453,0,0,1,0,-0.0000174742,0
454,0,0,1,0,-0.0000171915,0
455,0,0,1,0,-0.0000171898,0
456,0,0,1,0,-0.0000172021,0
457,0,0,1,0,-0.0000172254,0
458,0,0,1,0,-0.0000172582,0
459,0,0,1,0,-0.0000169092,0
460,0,0,1,0,-0.0000169196,0
461,0,0,1,0,-0.0000169378,0
462,0,0,1,0,-0.0000169622,0
463,0,0,1,0,-0.0000169903,0
464,0,0,1,0,-0.0000166402,0
465,0,0,1,0,-0.0000166355,0
466,0,0,1,0,-0.0000166521,0
467,0,0,1,0,-0.0000166853,0
468,0,0,1,0,-0.0000167345,0
469,0,0,1,0,-0.0000164699,0
470,0,0,1,0,-0.0000164463,0
471,0,0,1,0,-0.0000164610,0
472,0,0,1,0,-0.0000165063,0
473,0,0,1,0,-0.0000165825,0
474,0,0,1,0,-0.0000166057,0
475,0,0,1,0,-0.0000165863,0
476,0,0,1,0,-0.0000166077,0
477,0,0,1,0,-0.0000166520,0
478,0,0,1,0,-0.0000167353,0
479,0,0,1,0,-0.0000236594,0
480,0,0,1,0,-0.0000534801,0
481,0,0,1,0,-0.0000417536,0
482,0,0,1,0,-0.0000667834,0
483,0,0,1,0,-0.0000534120,0
484,0,0,1,0,-0.0000307825,0
485,0,0,1,0,-0.0000236297,0
486,0,0,1,0,-0.0000306775,0
487,0,0,1,0,-0.0000162260,0
488,0,0,1,0,-0.0000239066,0
489,0,0,1,0,-0.0000536086,0
490,0,0,1,0,-0.0000420135,0
491,0,0,1,0,-0.0000669524,0
492,0,0,1,0,-0.0000537079,0
493,0,0,1,0,-0.0000309064,0
494,0,0,1,0,-0.0000239758,0
495,0,0,1,0,-0.0000310623,0
496,0,0,1,0,-0.0000165398,0
497,0,0,1,0,-0.0000237171,0
498,0,0,1,0,-0.0000668021,0
499,0,0,1,0,-0.0000534742,0
500,0,0,1,0,-0.0000534441,0
501,0,0,1,0,-0.0000417885,0
502,0,0,1,0,-0.0000307935,0
503,0,0,1,0,-0.0000236617,0
504,0,0,1,0,-0.0000307042,0
505,0,0,1,0,-0.0000162814,0
506,0,0,1,0,-0.0000238936,0
507,0,0,1,0,-0.0000537028,0
508,0,0,1,0,-0.0000420058,0
509,0,0,1,0,-0.0000669405,0
510,0,0,1,0,-0.0000536119,0
511,0,0,1,0,-0.0000308989,0
512,0,0,1,0,-0.0000239408,0
513,0,0,1,0,-0.0000310437,0
514,0,0,1,0,-0.0000165091,0
515,0,0,1,0,0.0000035259,0
516,0,0,1,0,0.0000034360,0
517,0,0,1,0,0.0000033839,0
518,0,0,1,0,0.0000033338,0
519,0,0,1,0,0.0000032479,0
520,0,0,1,0,0.0000031324,0
521,0,0,1,0,0.0000029849,0
522,0,0,1,0,0.0000028074,0
523,0,0,1,0,0.0000026018,0
524,0,0,1,0,0.0000023714,0
525,0,0,1,0,0.0000021200,0
526,0,0,1,0,0.0000018535,0
527,0,0,1,0,0.0000015780,0
528,0,0,1,0,0.0000012970,0
529,0,0,1,0,0.0000010210,0
530,0,0,1,0,0.0000007551,0
531,0,0,1,0,0.0000005234,0
532,0,0,1,0,0.0000035077,0
533,0,0,1,0,0.0000034137,0
534,0,0,1,0,0.0000033706,0
535,0,0,1,0,0.0000033193,0
536,0,0,1,0,0.0000032311,0
537,0,0,1,0,0.0000031138,0
538,0,0,1,0,0.0000029660,0
539,0,0,1,0,0.0000027897,0
540,0,0,1,0,0.0000025870,0
541,0,0,1,0,0.0000023605,0
542,0,0,1,0,0.0000021138,0
543,0,0,1,0,0.0000018516,0
544,0,0,1,0,0.0000015792,0
545,0,0,1,0,0.0000013009,0
546,0,0,1,0,0.0000010257,0
547,0,0,1,0,0.0000007608,0
548,0,0,1,0,0.0000005246,0
549,0,0,1,0,0.0000035007,0
550,0,0,1,0,0.0000034045,0
551,0,0,1,0,0.0000033595,0
552,0,0,1,0,0.0000033035,0
553,0,0,1,0,0.0000032114,0
554,0,0,1,0,0.0000030920,0
555,0,0,1,0,0.0000029441,0
556,0,0,1,0,0.0000027696,0
557,0,0,1,0,0.0000025703,0
558,0,0,1,0,0.0000023490,0
559,0,0,1,0,0.0000021087,0
560,0,0,1,0,0.0000018520,0
561,0,0,1,0,0.0000015834,0
562,0,0,1,0,0.0000013082,0
563,0,0,1,0,0.0000010342,0
564,0,0,1,0,0.0000007675,0
565,0,0,1,0,0.0000005240,0
566,0,0,1,0,0.0000035110,0
567,0,0,1,0,0.0000034094,0
568,0,0,1,0,0.0000033522,0
569,0,0,1,0,0.0000032891,0
570,0,0,1,0,0.0000031926,0
571,0,0,1,0,0.0000030711,0
572,0,0,1,0,0.0000029231,0
573,0,0,1,0,0.0000027507,0
574,0,0,1,0,0.0000025552,0
575,0,0,1,0,0.0000023392,0
576,0,0,1,0,0.0000021060,0
577,0,0,1,0,0.0000018550,0
578,0,0,1,0,0.0000015906,0
579,0,0,1,0,0.0000013191,0
580,0,0,1,0,0.0000010467,0
581,0,0,1,0,0.0000007765,0
582,0,0,1,0,0.0000005187,0
583,0,0,1,0,0.0000035271,0
584,0,0,1,0,0.0000034247,0
585,0,0,1,0,0.0000033482,0
586,0,0,1,0,0.0000032778,0
587,0,0,1,0,0.0000031773,0
588,0,0,1,0,0.0000030544,0
589,0,0,1,0,0.0000029066,0
590,0,0,1,0,0.0000027362,0
591,0,0,1,0,0.0000025443,0
592,0,0,1,0,0.0000023329,0
593,0,0,1,0,0.0000021058,0
594,0,0,1,0,0.0000018598,0
595,0,0,1,0,0.0000016010,0
596,0,0,1,0,0.0000013336,0
597,0,0,1,0,0.0000010634,0
598,0,0,1,0,0.0000007885,0
599,0,0,1,0,0.0000005146,0
600,0,0,1,0,0.0000035133,0
601,0,0,1,0,0.0000033859,0
602,0,0,1,0,0.0000032892,0
603,0,0,1,0,0.0000031989,0
604,0,0,1,0,0.0000030833,0
605,0,0,1,0,0.0000029524,0
606,0,0,1,0,0.0000028057,0
607,0,0,1,0,0.0000026455,0
608,0,0,1,0,0.0000024721,0
609,0,0,1,0,0.0000022858,0
610,0,0,1,0,0.0000020860,0
611,0,0,1,0,0.0000018713,0
612,0,0,1,0,0.0000016420,0
613,0,0,1,0,0.0000013974,0
614,0,0,1,0,0.0000011416,0
615,0,0,1,0,0.0000008719,0
616,0,0,1,0,0.0000005982,0
617,0,0,1,0,0.0000034999,0
618,0,0,1,0,0.0000033690,0
619,0,0,1,0,0.0000032842,0
620,0,0,1,0,0.0000031946,0
621,0,0,1,0,0.0000030788,0
622,0,0,1,0,0.0000029481,0
623,0,0,1,0,0.0000028024,0
624,0,0,1,0,0.0000026435,0
625,0,0,1,0,0.0000024718,0
626,0,0,1,0,0.0000022872,0
627,0,0,1,0,0.0000020887,0
628,0,0,1,0,0.0000018753,0
629,0,0,1,0,0.0000016470,0
630,0,0,1,0,0.0000014036,0
631,0,0,1,0,0.0000011493,0
632,0,0,1,0,0.0000008860,0
633,0,0,1,0,0.0000006238,0
634,0,0,1,0,0.0000034879,0
635,0,0,1,0,0.0000033600,0
636,0,0,1,0,0.0000032827,0
637,0,0,1,0,0.0000031960,0
638,0,0,1,0,0.0000030821,0
639,0,0,1,0,0.0000029528,0
640,0,0,1,0,0.0000028082,0
641,0,0,1,0,0.0000026503,0
642,0,0,1,0,0.0000024791,0
643,0,0,1,0,0.0000022945,0
644,0,0,1,0,0.0000020954,0
645,0,0,1,0,0.0000018812,0
646,0,0,1,0,0.0000016520,0
647,0,0,1,0,0.0000014079,0
648,0,0,1,0,0.0000011537,0
649,0,0,1,0,0.0000008938,0
650,0,0,1,0,0.0000006392,0
651,0,0,1,0,0.0000034890,0
652,0,0,1,0,0.0000033627,0
653,0,0,1,0,0.0000032863,0
654,0,0,1,0,0.0000032039,0
655,0,0,1,0,0.0000030936,0
656,0,0,1,0,0.0000029668,0
657,0,0,1,0,0.0000028234,0
658,0,0,1,0,0.0000026654,0
659,0,0,1,0,0.0000024931,0
660,0,0,1,0,0.0000023063,0
661,0,0,1,0,0.0000021042,0
662,0,0,1,0,0.0000018867,0
663,0,0,1,0,0.0000016542,0
664,0,0,1,0,0.0000014071,0
665,0,0,1,0,0.0000011509,0
666,0,0,1,0,0.0000008914,0
667,0,0,1,0,0.0000006452,0
668,0,0,1,0,0.0000034985,0
669,0,0,1,0,0.0000033793,0
670,0,0,1,0,0.0000032967,0
671,0,0,1,0,0.0000032190,0
672,0,0,1,0,0.0000031131,0
673,0,0,1,0,0.0000029893,0
674,0,0,1,0,0.0000028464,0
675,0,0,1,0,0.0000026872,0
676,0,0,1,0,0.0000025117,0
677,0,0,1,0,0.0000023202,0
678,0,0,1,0,0.0000021125,0
679,0,0,1,0,0.0000018887,0
680,0,0,1,0,0.0000016505,0
681,0,0,1,0,0.0000013979,0
682,0,0,1,0,0.0000011378,0
683,0,0,1,0,0.0000008741,0
684,0,0,1,0,0.0000006333,0
685,0,0,1,0,0.0000035474,0
686,0,0,1,0,0.0000035310,0
687,0,0,1,0,0.0000035130,0
688,0,0,1,0,0.0000035068,0
689,0,0,1,0,0.0000035077,0
690,0,0,1,0,0.0000034515,0
691,0,0,1,0,0.0000034313,0
692,0,0,1,0,0.0000034126,0
693,0,0,1,0,0.0000034002,0
694,0,0,1,0,0.0000033982,0
695,0,0,1,0,0.0000033953,0
696,0,0,1,0,0.0000033851,0
697,0,0,1,0,0.0000033683,0
698,0,0,1,0,0.0000033479,0
699,0,0,1,0,0.0000033282,0
700,0,0,1,0,0.0000033432,0
701,0,0,1,0,0.0000033324,0
702,0,0,1,0,0.0000033134,0
703,0,0,1,0,0.0000032886,0
704,0,0,1,0,0.0000032625,0
705,0,0,1,0,0.0000032576,0
706,0,0,1,0,0.0000032457,0
707,0,0,1,0,0.0000032246,0
708,0,0,1,0,0.0000031966,0
709,0,0,1,0,0.0000031660,0
710,0,0,1,0,0.0000031434,0
711,0,0,1,0,0.0000031312,0
712,0,0,1,0,0.0000031090,0
713,0,0,1,0,0.0000030795,0
714,0,0,1,0,0.0000030470,0
715,0,0,1,0,0.0000029970,0
716,0,0,1,0,0.0000029857,0
717,0,0,1,0,0.0000029643,0
718,0,0,1,0,0.0000029355,0
719,0,0,1,0,0.0000029034,0
720,0,0,1,0,0.0000028199,0
721,0,0,1,0,0.0000028102,0
722,0,0,1,0,0.0000027916,0
723,0,0,1,0,0.0000027661,0
724,0,0,1,0,0.0000027378,0
725,0,0,1,0,0.0000026137,0
726,0,0,1,0,0.0000026067,0
727,0,0,1,0,0.0000025924,0
728,0,0,1,0,0.0000025725,0
729,0,0,1,0,0.0000025506,0
730,0,0,1,0,0.0000023820,0
731,0,0,1,0,0.0000023782,0
732,0,0,1,0,0.0000023695,0
733,0,0,1,0,0.0000023571,0
734,0,0,1,0,0.0000023435,0
735,0,0,1,0,0.0000021292,0
736,0,0,1,0,0.0000021292,0
737,0,0,1,0,0.0000021267,0
738,0,0,1,0,0.0000021224,0
739,0,0,1,0,0.0000021181,0
740,0,0,1,0,0.0000018611,0
741,0,0,1,0,0.0000018646,0
742,0,0,1,0,0.0000018680,0
743,0,0,1,0,0.0000018716,0
744,0,0,1,0,0.0000018763,0
745,0,0,1,0,0.0000015841,0
746,0,0,1,0,0.0000015903,0
747,0,0,1,0,0.0000015986,0
748,0,0,1,0,0.0000016089,0
749,0,0,1,0,0.0000016217,0
750,0,0,1,0,0.0000013020,0
751,0,0,1,0,0.0000013107,0
752,0,0,1,0,0.0000013226,0
753,0,0,1,0,0.0000013376,0
754,0,0,1,0,0.0000013558,0
755,0,0,1,0,0.0000010238,0
756,0,0,1,0,0.0000010340,0
757,0,0,1,0,0.0000010475,0
758,0,0,1,0,0.0000010650,0
759,0,0,1,0,0.0000010864,0
760,0,0,1,0,0.0000007492,0
761,0,0,1,0,0.0000007638,0
762,0,0,1,0,0.0000007792,0
763,0,0,1,0,0.0000007966,0
764,0,0,1,0,0.0000008169,0
765,0,0,1,0,0.0000004842,0
766,0,0,1,0,0.0000005103,0
767,0,0,1,0,0.0000005322,0
768,0,0,1,0,0.0000005503,0
769,0,0,1,0,0.0000005720,0
770,0,0,1,0,0.0000034953,0
771,0,0,1,0,0.0000034820,0
772,0,0,1,0,0.0000034813,0
773,0,0,1,0,0.0000034990,0
774,0,0,1,0,0.0000035218,0
775,0,0,1,0,0.0000033789,0
776,0,0,1,0,0.0000033665,0
777,0,0,1,0,0.0000033698,0
778,0,0,1,0,0.0000033876,0
779,0,0,1,0,0.0000034150,0
780,0,0,1,0,0.0000032937,0
781,0,0,1,0,0.0000032979,0
782,0,0,1,0,0.0000033069,0
783,0,0,1,0,0.0000033195,0
784,0,0,1,0,0.0000033333,0
785,0,0,1,0,0.0000032132,0
786,0,0,1,0,0.0000032232,0
787,0,0,1,0,0.0000032347,0
788,0,0,1,0,0.0000032468,0
789,0,0,1,0,0.0000032588,0
790,0,0,1,0,0.0000031037,0
791,0,0,1,0,0.0000031173,0
792,0,0,1,0,0.0000031309,0
793,0,0,1,0,0.0000031436,0
794,0,0,1,0,0.0000031556,0
795,0,0,1,0,0.0000029758,0
796,0,0,1,0,0.0000029911,0
797,0,0,1,0,0.0000030061,0
798,0,0,1,0,0.0000030196,0
799,0,0,1,0,0.0000030320,0
800,0,0,1,0,0.0000028290,0
801,0,0,1,0,0.0000028449,0
802,0,0,1,0,0.0000028603,0
803,0,0,1,0,0.0000028740,0
804,0,0,1,0,0.0000028858,0
805,0,0,1,0,0.0000026662,0
806,0,0,1,0,0.0000026812,0
807,0,0,1,0,0.0000026960,0
808,0,0,1,0,0.0000027089,0
809,0,0,1,0,0.0000027195,0
810,0,0,1,0,0.0000024882,0
811,0,0,1,0,0.0000025012,0
812,0,0,1,0,0.0000025141,0
813,0,0,1,0,0.0000025253,0
814,0,0,1,0,0.0000025337,0
815,0,0,1,0,0.0000022962,0
816,0,0,1,0,0.0000023059,0
817,0,0,1,0,0.0000023159,0
818,0,0,1,0,0.0000023241,0
819,0,0,1,0,0.0000023296,0
820,0,0,1,0,0.0000020907,0
821,0,0,1,0,0.0000020967,0
822,0,0,1,0,0.0000021024,0
823,0,0,1,0,0.0000021062,0
824,0,0,1,0,0.0000021080,0
825,0,0,1,0,0.0000018707,0
826,0,0,1,0,0.0000018736,0
827,0,0,1,0,0.0000018759,0
828,0,0,1,0,0.0000018758,0
829,0,0,1,0,0.0000018726,0
830,0,0,1,0,0.0000016369,0
831,0,0,1,0,0.0000016374,0
832,0,0,1,0,0.0000016376,0
833,0,0,1,0,0.0000016353,0
834,0,0,1,0,0.0000016284,0
835,0,0,1,0,0.0000013898,0
836,0,0,1,0,0.0000013891,0
837,0,0,1,0,0.0000013875,0
838,0,0,1,0,0.0000013824,0
839,0,0,1,0,0.0000013712,0
840,0,0,1,0,0.0000011345,0
841,0,0,1,0,0.0000011334,0
842,0,0,1,0,0.0000011306,0
843,0,0,1,0,0.0000011232,0
844,0,0,1,0,0.0000011084,0
845,0,0,1,0,0.0000008732,0
846,0,0,1,0,0.0000008752,0
847,0,0,1,0,0.0000008724,0
848,0,0,1,0,0.0000008612,0
849,0,0,1,0,0.0000008385,0
850,0,0,1,0,0.0000006307,0
851,0,0,1,0,0.0000006325,0
852,0,0,1,0,0.0000006280,0
853,0,0,1,0,0.0000006067,0
854,0,0,1,0,0.0000005675,0
855,0,0,1,0,0.0000000000,0
856,0,0,1,0,0.0000000000,0
857,0,0,1,0,0.0000000000,0
858,0,0,1,0,0.0000000000,0
859,0,0,1,0,0.0000000000,0
860,0,0,1,0,0.0000000000,0
861,0,0,1,0,0.0000000000,0
862,0,0,1,0,0.0000000000,0
863,0,0,1,0,0.0000000000,0
864,0,0,1,0,0.0000000000,0
865,0,0,1,0,0.0000000000,0
866,0,0,1,0,0.0000000000,0
867,0,0,1,0,0.0000000000,0
868,0,0,1,0,0.0000000000,0
869,0,0,1,0,0.0000000000,0
870,0,0,1,0,0.0000000000,0
871,0,0,1,0,0.0000000000,0
872,0,0,1,0,0.0000000000,0
873,0,0,1,0,0.0000000000,0
874,0,0,1,0,0.0000000000,0
875,0,0,1,0,0.0000000000,0
876,0,0,1,0,0.0000000000,0
877,0,0,1,0,0.0000000000,0
878,0,0,1,0,0.0000000000,0
879,0,0,1,0,0.0000000000,0
880,0,0,1,0,0.0000000000,0
881,0,0,1,0,0.0000000000,0
882,0,0,1,0,0.0000000000,0
883,0,0,1,0,0.0000000000,0
884,0,0,1,0,0.0000000000,0
885,0,0,1,0,0.0000000000,0
886,0,0,1,0,0.0000000000,0
887,0,0,1,0,0.0000000000,0
888,0,0,1,0,0.0000000000,0
889,0,0,1,0,0.0000000000,0
890,0,0,1,0,0.0000000000,0
891,0,0,1,0,-0.0000170107,0
892,0,0,1,0,-0.0000166866,0
893,0,0,1,0,-0.0000170172,0
894,0,0,1,0,-0.0000176970,0
895,0,0,1,0,-0.0000166963,0
896,0,0,1,0,-0.0000165303,0
897,0,0,1,0,-0.0000166845,0
898,0,0,1,0,-0.0000166888,0
899,0,0,1,0,-0.0000166653,0
900,0,0,1,0,-0.0000167035,0
901,0,0,1,0,-0.0000169091,0
902,0,0,1,0,-0.0000168990,0
903,0,0,1,0,-0.0000169402,0
904,0,0,1,0,-0.0000171732,0
905,0,0,1,0,-0.0000171656,0
906,0,0,1,0,-0.0000171921,0
907,0,0,1,0,-0.0000174132,0
908,0,0,1,0,-0.0000173677,0
909,0,0,1,0,-0.0000174173,0
910,0,0,1,0,-0.0000176104,0
911,0,0,1,0,-0.0000175452,0
912,0,0,1,0,-0.0000176046,0
913,0,0,1,0,-0.0000177658,0
914,0,0,1,0,-0.0000176670,0
915,0,0,1,0,-0.0000177509,0
916,0,0,1,0,-0.0000178675,0
917,0,0,1,0,-0.0000177390,0
918,0,0,1,0,-0.0000178462,0
919,0,0,1,0,-0.0000179155,0
920,0,0,1,0,-0.0000177567,0
921,0,0,1,0,-0.0000178890,0
922,0,0,1,0,-0.0000179110,0
923,0,0,1,0,-0.0000177277,0
924,0,0,1,0,-0.0000178805,0
925,0,0,1,0,-0.0000178676,0
926,0,0,1,0,-0.0000176631,0
927,0,0,1,0,-0.0000178334,0
928,0,0,1,0,-0.0000177537,0
929,0,0,1,0,-0.0000175045,0
930,0,0,1,0,-0.0000177201,0
931,0,0,1,0,-0.0000174445,0
932,0,0,1,0,-0.0000082791,0
933,0,0,1,0,-0.0000174956,0
934,0,0,1,0,-0.0000166766,0
935,0,0,1,0,-0.0000170463,0
936,0,0,1,0,-0.0000161866,0
937,0,0,1,0,-0.0000165224,0
938,0,0,1,0,-0.0000166837,0
939,0,0,1,0,-0.0000166824,0
940,0,0,1,0,-0.0000167183,0
941,0,0,1,0,-0.0000169355,0
942,0,0,1,0,-0.0000169744,0
943,0,0,1,0,-0.0000171800,0
944,0,0,1,0,-0.0000172172,0
945,0,0,1,0,-0.0000173769,0
946,0,0,1,0,-0.0000174321,0
947,0,0,1,0,-0.0000175432,0
948,0,0,1,0,-0.0000176117,0
949,0,0,1,0,-0.0000176596,0
950,0,0,1,0,-0.0000177511,0
951,0,0,1,0,-0.0000177260,0
952,0,0,1,0,-0.0000178414,0
953,0,0,1,0,-0.0000177400,0
954,0,0,1,0,-0.0000178803,0
955,0,0,1,0,-0.0000177079,0
956,0,0,1,0,-0.0000178690,0
957,0,0,1,0,-0.0000176398,0
958,0,0,1,0,-0.0000178195,0
959,0,0,1,0,-0.0000175645,0
960,0,0,1,0,-0.0000177048,0
961,0,0,1,0,-0.0000083091,0
962,0,0,1,0,-0.0000175991,0
963,0,0,1,0,-0.0000167181,0
964,0,0,1,0,-0.0000170936,0
965,0,0,1,0,-0.0000135822,0
966,0,0,1,0,-0.0000165462,0
967,0,0,1,0,-0.0000167160,0
968,0,0,1,0,-0.0000167124,0
969,0,0,1,0,-0.0000167498,0
970,0,0,1,0,-0.0000169699,0
971,0,0,1,0,-0.0000170082,0
972,0,0,1,0,-0.0000172025,0
973,0,0,1,0,-0.0000172449,0
974,0,0,1,0,-0.0000173938,0
975,0,0,1,0,-0.0000174534,0
976,0,0,1,0,-0.0000175528,0
977,0,0,1,0,-0.0000176276,0
978,0,0,1,0,-0.0000176646,0
979,0,0,1,0,-0.0000177620,0
980,0,0,1,0,-0.0000177270,0
981,0,0,1,0,-0.0000178484,0
982,0,0,1,0,-0.0000177382,0
983,0,0,1,0,-0.0000178843,0
984,0,0,1,0,-0.0000177038,0
985,0,0,1,0,-0.0000178708,0
986,0,0,1,0,-0.0000176336,0
987,0,0,1,0,-0.0000178195,0
988,0,0,1,0,-0.0000176015,0
989,0,0,1,0,-0.0000177036,0
990,0,0,1,0,-0.0000083232,0
991,0,0,1,0,-0.0000176379,0
992,0,0,1,0,-0.0000167558,0
993,0,0,1,0,-0.0000171347,0
994,0,0,1,0,-0.0000136092,0
995,0,0,1,0,-0.0000165868,0
996,0,0,1,0,-0.0000167711,0
997,0,0,1,0,-0.0000167473,0
998,0,0,1,0,-0.0000167916,0
999,0,0,1,0,-0.0000170001,0
1000,0,0,1,0,-0.0000170382,0
1001,0,0,1,0,-0.0000172280,0
1002,0,0,1,0,-0.0000172719,0
1003,0,0,1,0,-0.0000174148,0
1004,0,0,1,0,-0.0000174777,0
1005,0,0,1,0,-0.0000175695,0
1006,0,0,1,0,-0.0000176484,0
1007,0,0,1,0,-0.0000176774,0
1008,0,0,1,0,-0.0000177796,0
1009,0,0,1,0,-0.0000177366,0
1010,0,0,1,0,-0.0000178628,0
1011,0,0,1,0,-0.0000177454,0
1012,0,0,1,0,-0.0000178959,0
1013,0,0,1,0,-0.0000177092,0
1014,0,0,1,0,-0.0000178802,0
1015,0,0,1,0,-0.0000176375,0
1016,0,0,1,0,-0.0000178273,0
1017,0,0,1,0,-0.0000176036,0
1018,0,0,1,0,-0.0000177093,0
1019,0,0,1,0,-0.0000083167,0
1020,0,0,1,0,-0.0000176006,0
1021,0,0,1,0,-0.0000168116,0
1022,0,0,1,0,-0.0000171975,0
1023,0,0,1,0,-0.0000163013,0
1024,0,0,1,0,-0.0000166413,0
1025,0,0,1,0,-0.0000168486,0
1026,0,0,1,0,-0.0000167837,0
1027,0,0,1,0,-0.0000168432,0
1028,0,0,1,0,-0.0000170235,0
1029,0,0,1,0,-0.0000170622,0
1030,0,0,1,0,-0.0000172538,0
1031,0,0,1,0,-0.0000172964,0
1032,0,0,1,0,-0.0000174370,0
1033,0,0,1,0,-0.0000175031,0
1034,0,0,1,0,-0.0000175900,0
1035,0,0,1,0,-0.0000176724,0
1036,0,0,1,0,-0.0000176947,0
1037,0,0,1,0,-0.0000178017,0
1038,0,0,1,0,-0.0000177511,0
1039,0,0,1,0,-0.0000178820,0
1040,0,0,1,0,-0.0000177572,0
1041,0,0,1,0,-0.0000179122,0
1042,0,0,1,0,-0.0000177188,0
1043,0,0,1,0,-0.0000178936,0
1044,0,0,1,0,-0.0000176456,0
1045,0,0,1,0,-0.0000178385,0
1046,0,0,1,0,-0.0000175651,0
1047,0,0,1,0,-0.0000177178,0
1048,0,0,1,0,-0.0000082829,0
1049,0,0,1,0,-0.0000174874,0
1050,0,0,1,0,-0.0000168899,0
1051,0,0,1,0,-0.0000172336,0
1052,0,0,1,0,-0.0000179050,0
1053,0,0,1,0,-0.0000167134,0
1054,0,0,1,0,-0.0000169053,0
1055,0,0,1,0,-0.0000168236,0
1056,0,0,1,0,-0.0000168793,0
1057,0,0,1,0,-0.0000170375,0
1058,0,0,1,0,-0.0000170787,0
1059,0,0,1,0,-0.0000172798,0
1060,0,0,1,0,-0.0000173181,0
1061,0,0,1,0,-0.0000174595,0
1062,0,0,1,0,-0.0000175304,0
1063,0,0,1,0,-0.0000176140,0
1064,0,0,1,0,-0.0000177002,0
1065,0,0,1,0,-0.0000177155,0
1066,0,0,1,0,-0.0000178291,0
1067,0,0,1,0,-0.0000177692,0
1068,0,0,1,0,-0.0000179069,0
1069,0,0,1,0,-0.0000177719,0
1070,0,0,1,0,-0.0000179338,0
1071,0,0,1,0,-0.0000177306,0
1072,0,0,1,0,-0.0000179118,0
1073,0,0,1,0,-0.0000176557,0
1074,0,0,1,0,-0.0000178541,0
1075,0,0,1,0,-0.0000174880,0
1076,0,0,1,0,-0.0000177291,0
1077,0,0,1,0,-0.0000082137,0
1078,0,0,1,0,-0.0000174136,0
1079,0,0,1,0,-0.0000170683,0
1080,0,0,1,0,-0.0000166979,0
1081,0,0,1,0,-0.0000169788,0
1082,0,0,1,0,-0.0000176874,0
1083,0,0,1,0,-0.0000167524,0
1084,0,0,1,0,-0.0000165405,0
1085,0,0,1,0,-0.0000166497,0
1086,0,0,1,0,-0.0000167398,0
1087,0,0,1,0,-0.0000166739,0
1088,0,0,1,0,-0.0000166718,0
1089,0,0,1,0,-0.0000169541,0
1090,0,0,1,0,-0.0000169078,0
1091,0,0,1,0,-0.0000169134,0
1092,0,0,1,0,-0.0000172125,0
1093,0,0,1,0,-0.0000171758,0
1094,0,0,1,0,-0.0000171726,0
1095,0,0,1,0,-0.0000174462,0
1096,0,0,1,0,-0.0000173792,0
1097,0,0,1,0,-0.0000174059,0
1098,0,0,1,0,-0.0000176371,0
1099,0,0,1,0,-0.0000175586,0
1100,0,0,1,0,-0.0000176022,0
1101,0,0,1,0,-0.0000177861,0
1102,0,0,1,0,-0.0000176823,0
1103,0,0,1,0,-0.0000177577,0
1104,0,0,1,0,-0.0000178817,0
1105,0,0,1,0,-0.0000177562,0
1106,0,0,1,0,-0.0000178622,0
1107,0,0,1,0,-0.0000179237,0
1108,0,0,1,0,-0.0000177756,0
1109,0,0,1,0,-0.0000179138,0
1110,0,0,1,0,-0.0000179134,0
1111,0,0,1,0,-0.0000177477,0
1112,0,0,1,0,-0.0000179134,0
1113,0,0,1,0,-0.0000178642,0
1114,0,0,1,0,-0.0000176833,0
1115,0,0,1,0,-0.0000178728,0
1116,0,0,1,0,-0.0000177462,0
1117,0,0,1,0,-0.0000175236,0
1118,0,0,1,0,-0.0000177635,0
1119,0,0,1,0,-0.0000174338,0
1120,0,0,1,0,-0.0000082529,0
1121,0,0,1,0,-0.0000175385,0
1122,0,0,1,0,-0.0000165937,0
1123,0,0,1,0,-0.0000169140,0
1124,0,0,1,0,-0.0000160861,0
1125,0,0,1,0,-0.0000164457,0
1126,0,0,1,0,-0.0000165604,0
1127,0,0,1,0,-0.0000166143,0
1128,0,0,1,0,-0.0000166061,0
1129,0,0,1,0,-0.0000168786,0
1130,0,0,1,0,-0.0000168772,0
1131,0,0,1,0,-0.0000171376,0
1132,0,0,1,0,-0.0000171380,0
1133,0,0,1,0,-0.0000173493,0
1134,0,0,1,0,-0.0000173733,0
1135,0,0,1,0,-0.0000175318,0
1136,0,0,1,0,-0.0000175745,0
1137,0,0,1,0,-0.0000176640,0
1138,0,0,1,0,-0.0000177357,0
1139,0,0,1,0,-0.0000177458,0
1140,0,0,1,0,-0.0000178472,0
1141,0,0,1,0,-0.0000177742,0
1142,0,0,1,0,-0.0000179061,0
1143,0,0,1,0,-0.0000177547,0
1144,0,0,1,0,-0.0000179131,0
1145,0,0,1,0,-0.0000176965,0
1146,0,0,1,0,-0.0000178790,0
1147,0,0,1,0,-0.0000176263,0
1148,0,0,1,0,-0.0000177755,0
1149,0,0,1,0,-0.0000083480,0
1150,0,0,1,0,-0.0000176725,0
1151,0,0,1,0,-0.0000165474,0
1152,0,0,1,0,-0.0000168727,0
1153,0,0,1,0,-0.0000133928,0
1154,0,0,1,0,-0.0000163876,0
1155,0,0,1,0,-0.0000165118,0
1156,0,0,1,0,-0.0000165706,0
1157,0,0,1,0,-0.0000165635,0
1158,0,0,1,0,-0.0000168485,0
1159,0,0,1,0,-0.0000168447,0
1160,0,0,1,0,-0.0000171060,0
1161,0,0,1,0,-0.0000171083,0
1162,0,0,1,0,-0.0000173236,0
1163,0,0,1,0,-0.0000173471,0
1164,0,0,1,0,-0.0000175101,0
1165,0,0,1,0,-0.0000175528,0
1166,0,0,1,0,-0.0000176484,0
1167,0,0,1,0,-0.0000177187,0
1168,0,0,1,0,-0.0000177360,0
1169,0,0,1,0,-0.0000178350,0
1170,0,0,1,0,-0.0000177704,0
1171,0,0,1,0,-0.0000178985,0
1172,0,0,1,0,-0.0000177565,0
1173,0,0,1,0,-0.0000179098,0
1174,0,0,1,0,-0.0000177028,0
1175,0,0,1,0,-0.0000178795,0
1176,0,0,1,0,-0.0000176802,0
1177,0,0,1,0,-0.0000177798,0
1178,0,0,1,0,-0.0000083971,0
1179,0,0,1,0,-0.0000177192,0
1180,0,0,1,0,-0.0000165039,0
1181,0,0,1,0,-0.0000168397,0
1182,0,0,1,0,-0.0000133444,0
1183,0,0,1,0,-0.0000163555,0
1184,0,0,1,0,-0.0000164986,0
1185,0,0,1,0,-0.0000165395,0
1186,0,0,1,0,-0.0000165424,0
1187,0,0,1,0,-0.0000168200,0
1188,0,0,1,0,-0.0000168178,0
1189,0,0,1,0,-0.0000170815,0
1190,0,0,1,0,-0.0000170855,0
1191,0,0,1,0,-0.0000173033,0
1192,0,0,1,0,-0.0000173293,0
1193,0,0,1,0,-0.0000174942,0
1194,0,0,1,0,-0.0000175392,0
1195,0,0,1,0,-0.0000176365,0
1196,0,0,1,0,-0.0000177089,0
1197,0,0,1,0,-0.0000177277,0
1198,0,0,1,0,-0.0000178280,0
1199,0,0,1,0,-0.0000177652,0
1200,0,0,1,0,-0.0000178936,0
1201,0,0,1,0,-0.0000177540,0
1202,0,0,1,0,-0.0000179063,0
1203,0,0,1,0,-0.0000177030,0
1204,0,0,1,0,-0.0000178776,0
1205,0,0,1,0,-0.0000176822,0
1206,0,0,1,0,-0.0000177799,0
1207,0,0,1,0,-0.0000084087,0
1208,0,0,1,0,-0.0000176815,0
1209,0,0,1,0,-0.0000164992,0
1210,0,0,1,0,-0.0000168501,0
1211,0,0,1,0,-0.0000159669,0
1212,0,0,1,0,-0.0000163519,0
1213,0,0,1,0,-0.0000165250,0
1214,0,0,1,0,-0.0000165230,0
1215,0,0,1,0,-0.0000165469,0
1216,0,0,1,0,-0.0000167954,0
1217,0,0,1,0,-0.0000167989,0
1218,0,0,1,0,-0.0000170665,0
1219,0,0,1,0,-0.0000170724,0
1220,0,0,1,0,-0.0000172913,0
1221,0,0,1,0,-0.0000173231,0
1222,0,0,1,0,-0.0000174872,0
1223,0,0,1,0,-0.0000175372,0
1224,0,0,1,0,-0.0000176316,0
1225,0,0,1,0,-0.0000177101,0
1226,0,0,1,0,-0.0000177244,0
1227,0,0,1,0,-0.0000178303,0
1228,0,0,1,0,-0.0000177623,0
1229,0,0,1,0,-0.0000178960,0
1230,0,0,1,0,-0.0000177515,0
1231,0,0,1,0,-0.0000179079,0
1232,0,0,1,0,-0.0000177018,0
1233,0,0,1,0,-0.0000178788,0
1234,0,0,1,0,-0.0000176403,0
1235,0,0,1,0,-0.0000177809,0
1236,0,0,1,0,-0.0000083894,0
1237,0,0,1,0,-0.0000175662,0
1238,0,0,1,0,-0.0000165354,0
1239,0,0,1,0,-0.0000168530,0
1240,0,0,1,0,-0.0000175275,0
1241,0,0,1,0,-0.0000163831,0
1242,0,0,1,0,-0.0000165489,0
1243,0,0,1,0,-0.0000165273,0
1244,0,0,1,0,-0.0000165542,0
1245,0,0,1,0,-0.0000167759,0
1246,0,0,1,0,-0.0000167898,0
1247,0,0,1,0,-0.0000170658,0
1248,0,0,1,0,-0.0000170723,0
1249,0,0,1,0,-0.0000172908,0
1250,0,0,1,0,-0.0000173330,0
1251,0,0,1,0,-0.0000174933,0
1252,0,0,1,0,-0.0000175512,0
1253,0,0,1,0,-0.0000176378,0
1254,0,0,1,0,-0.0000177270,0
1255,0,0,1,0,-0.0000177311,0
1256,0,0,1,0,-0.0000178473,0
1257,0,0,1,0,-0.0000177676,0
1258,0,0,1,0,-0.0000179117,0
1259,0,0,1,0,-0.0000177552,0
1260,0,0,1,0,-0.0000179215,0
1261,0,0,1,0,-0.0000177053,0
1262,0,0,1,0,-0.0000178904,0
1263,0,0,1,0,-0.0000175586,0
1264,0,0,1,0,-0.0000177875,0
1265,0,0,1,0,-0.0000083390,0
1266,0,0,1,0,-0.0000174863,0
1267,0,0,1,0,-0.0000082578,0
1268,0,0,1,0,-0.0000174927,0
1269,0,0,1,0,-0.0000174927,0
1270,0,0,1,0,-0.0000083021,0
1271,0,0,1,0,-0.0000175903,0
1272,0,0,1,0,-0.0000175672,0
1273,0,0,1,0,-0.0000083116,0
1274,0,0,1,0,-0.0000176122,0
1275,0,0,1,0,-0.0000175872,0
1276,0,0,1,0,-0.0000083001,0
1277,0,0,1,0,-0.0000175819,0
1278,0,0,1,0,-0.0000175830,0
1279,0,0,1,0,-0.0000082708,0
1280,0,0,1,0,-0.0000174875,0
1281,0,0,1,0,-0.0000175572,0
1282,0,0,1,0,-0.0000082197,0
1283,0,0,1,0,-0.0000174972,0
1284,0,0,1,0,-0.0000177189,0
1285,0,0,1,0,-0.0000176573,0
1286,0,0,1,0,-0.0000177054,0
1287,0,0,1,0,-0.0000176448,0
1288,0,0,1,0,-0.0000176948,0
1289,0,0,1,0,-0.0000176322,0
1290,0,0,1,0,-0.0000176957,0
1291,0,0,1,0,-0.0000176264,0
1292,0,0,1,0,-0.0000177126,0
1293,0,0,1,0,-0.0000176337,0
1294,0,0,1,0,-0.0000176577,0
1295,0,0,1,0,-0.0000178382,0
1296,0,0,1,0,-0.0000177310,0
1297,0,0,1,0,-0.0000178253,0
1298,0,0,1,0,-0.0000177186,0
1299,0,0,1,0,-0.0000178160,0
1300,0,0,1,0,-0.0000177081,0
1301,0,0,1,0,-0.0000178154,0
1302,0,0,1,0,-0.0000177024,0
1303,0,0,1,0,-0.0000178296,0
1304,0,0,1,0,-0.0000177067,0
1305,0,0,1,0,-0.0000177270,0
1306,0,0,1,0,-0.0000178941,0
1307,0,0,1,0,-0.0000177727,0
1308,0,0,1,0,-0.0000178809,0
1309,0,0,1,0,-0.0000177589,0
1310,0,0,1,0,-0.0000178718,0
1311,0,0,1,0,-0.0000177481,0
1312,0,0,1,0,-0.0000178704,0
1313,0,0,1,0,-0.0000177418,0
1314,0,0,1,0,-0.0000178824,0
1315,0,0,1,0,-0.0000177446,0
1316,0,0,1,0,-0.0000177619,0
1317,0,0,1,0,-0.0000179142,0
1318,0,0,1,0,-0.0000177707,0
1319,0,0,1,0,-0.0000178997,0
1320,0,0,1,0,-0.0000177553,0
1321,0,0,1,0,-0.0000178898,0
1322,0,0,1,0,-0.0000177433,0
1323,0,0,1,0,-0.0000178872,0
1324,0,0,1,0,-0.0000177358,0
1325,0,0,1,0,-0.0000178968,0
1326,0,0,1,0,-0.0000177364,0
1327,0,0,1,0,-0.0000177501,0
1328,0,0,1,0,-0.0000178857,0
1329,0,0,1,0,-0.0000177179,0
1330,0,0,1,0,-0.0000178699,0
1331,0,0,1,0,-0.0000177015,0
1332,0,0,1,0,-0.0000178585,0
1333,0,0,1,0,-0.0000176882,0
1334,0,0,1,0,-0.0000178539,0
1335,0,0,1,0,-0.0000176787,0
1336,0,0,1,0,-0.0000178601,0
1337,0,0,1,0,-0.0000176759,0
1338,0,0,1,0,-0.0000176844,0
1339,0,0,1,0,-0.0000178072,0
1340,0,0,1,0,-0.0000176173,0
1341,0,0,1,0,-0.0000177901,0
1342,0,0,1,0,-0.0000175995,0
1343,0,0,1,0,-0.0000177769,0
1344,0,0,1,0,-0.0000175845,0
1345,0,0,1,0,-0.0000177693,0
1346,0,0,1,0,-0.0000175723,0
1347,0,0,1,0,-0.0000177709,0
1348,0,0,1,0,-0.0000175656,0
1349,0,0,1,0,-0.0000175688,0
1350,0,0,1,0,-0.0000176798,0
1351,0,0,1,0,-0.0000174638,0
1352,0,0,1,0,-0.0000176625,0
1353,0,0,1,0,-0.0000174492,0
1354,0,0,1,0,-0.0000176473,0
1355,0,0,1,0,-0.0000174340,0
1356,0,0,1,0,-0.0000176357,0
1357,0,0,1,0,-0.0000174187,0
1358,0,0,1,0,-0.0000176310,0
1359,0,0,1,0,-0.0000174055,0
1360,0,0,1,0,-0.0000173978,0
1361,0,0,1,0,-0.0000175122,0
1362,0,0,1,0,-0.0000172847,0
1363,0,0,1,0,-0.0000174951,0
1364,0,0,1,0,-0.0000172683,0
1365,0,0,1,0,-0.0000174779,0
1366,0,0,1,0,-0.0000172511,0
1367,0,0,1,0,-0.0000174618,0
1368,0,0,1,0,-0.0000172325,0
1369,0,0,1,0,-0.0000174500,0
1370,0,0,1,0,-0.0000172147,0
1371,0,0,1,0,-0.0000172022,0
1372,0,0,1,0,-0.0000173068,0
1373,0,0,1,0,-0.0000170426,0
1374,0,0,1,0,-0.0000172923,0
1375,0,0,1,0,-0.0000170398,0
1376,0,0,1,0,-0.0000172738,0
1377,0,0,1,0,-0.0000170267,0
1378,0,0,1,0,-0.0000172525,0
1379,0,0,1,0,-0.0000170050,0
1380,0,0,1,0,-0.0000172312,0
1381,0,0,1,0,-0.0000169765,0
1382,0,0,1,0,-0.0000169426,0
1383,0,0,1,0,-0.0000170730,0
1384,0,0,1,0,-0.0000168274,0
1385,0,0,1,0,-0.0000170607,0
1386,0,0,1,0,-0.0000168001,0
1387,0,0,1,0,-0.0000170411,0
1388,0,0,1,0,-0.0000167763,0
1389,0,0,1,0,-0.0000170154,0
1390,0,0,1,0,-0.0000167523,0
1391,0,0,1,0,-0.0000169859,0
1392,0,0,1,0,-0.0000167300,0
1393,0,0,1,0,-0.0000167163,0
1394,0,0,1,0,-0.0000168525,0
1395,0,0,1,0,-0.0000167118,0
1396,0,0,1,0,-0.0000168148,0
1397,0,0,1,0,-0.0000166541,0
1398,0,0,1,0,-0.0000167864,0
1399,0,0,1,0,-0.0000166182,0
1400,0,0,1,0,-0.0000167657,0
1401,0,0,1,0,-0.0000165935,0
1402,0,0,1,0,-0.0000167577,0
1403,0,0,1,0,-0.0000165821,0
1404,0,0,1,0,-0.0000165945,0
1405,0,0,1,0,-0.0000168495,0
1406,0,0,1,0,-0.0000168822,0
1407,0,0,1,0,-0.0000167917,0
1408,0,0,1,0,-0.0000168195,0
1409,0,0,1,0,-0.0000167583,0
1410,0,0,1,0,-0.0000167976,0
1411,0,0,1,0,-0.0000167438,0
1412,0,0,1,0,-0.0000167671,0
1413,0,0,1,0,-0.0000167548,0
1414,0,0,1,0,-0.0000167465,0
1415,0,0,1,0,-0.0000167609,0
1416,0,0,1,0,-0.0000171935,0
1417,0,0,1,0,-0.0000179072,0
1418,0,0,1,0,-0.0000171622,0
1419,0,0,1,0,-0.0000163344,0
1420,0,0,1,0,-0.0000171422,0
1421,0,0,1,0,-0.0000136604,0
1422,0,0,1,0,-0.0000171064,0
1423,0,0,1,0,-0.0000136129,0
1424,0,0,1,0,-0.0000170935,0
1425,0,0,1,0,-0.0000162290,0
1426,0,0,1,0,-0.0000177487,0
1427,0,0,1,0,-0.0000082937,0
1428,0,0,1,0,-0.0000175641,0
1429,0,0,1,0,-0.0000175566,0
1430,0,0,1,0,-0.0000083663,0
1431,0,0,1,0,-0.0000176833,0
1432,0,0,1,0,-0.0000176386,0
1433,0,0,1,0,-0.0000084054,0
1434,0,0,1,0,-0.0000177254,0
1435,0,0,1,0,-0.0000176851,0
1436,0,0,1,0,-0.0000084120,0
1437,0,0,1,0,-0.0000176812,0
1438,0,0,1,0,-0.0000176853,0
1439,0,0,1,0,-0.0000083828,0
1440,0,0,1,0,-0.0000175500,0
1441,0,0,1,0,-0.0000176342,0
1442,0,0,1,0,-0.0000083113,0
1443,0,0,1,0,-0.0000175336,0
1444,0,0,1,0,-0.0000177793,0
1445,0,0,1,0,-0.0000177040,0
1446,0,0,1,0,-0.0000177794,0
1447,0,0,1,0,-0.0000177004,0
1448,0,0,1,0,-0.0000177817,0
1449,0,0,1,0,-0.0000177028,0
1450,0,0,1,0,-0.0000177801,0
1451,0,0,1,0,-0.0000177045,0
1452,0,0,1,0,-0.0000177705,0
1453,0,0,1,0,-0.0000177004,0
1454,0,0,1,0,-0.0000176890,0
1455,0,0,1,0,-0.0000178775,0
1456,0,0,1,0,-0.0000177542,0
1457,0,0,1,0,-0.0000178762,0
1458,0,0,1,0,-0.0000177494,0
1459,0,0,1,0,-0.0000178788,0
1460,0,0,1,0,-0.0000177516,0
1461,0,0,1,0,-0.0000178796,0
1462,0,0,1,0,-0.0000177545,0
1463,0,0,1,0,-0.0000178750,0
1464,0,0,1,0,-0.0000177537,0
1465,0,0,1,0,-0.0000177478,0
1466,0,0,1,0,-0.0000179060,0
1467,0,0,1,0,-0.0000177663,0
1468,0,0,1,0,-0.0000179031,0
1469,0,0,1,0,-0.0000177589,0
1470,0,0,1,0,-0.0000179059,0
1471,0,0,1,0,-0.0000177601,0
1472,0,0,1,0,-0.0000179092,0
1473,0,0,1,0,-0.0000177645,0
1474,0,0,1,0,-0.0000179101,0
1475,0,0,1,0,-0.0000177681,0
1476,0,0,1,0,-0.0000177699,0
1477,0,0,1,0,-0.0000178930,0
1478,0,0,1,0,-0.0000177293,0
1479,0,0,1,0,-0.0000178881,0
1480,0,0,1,0,-0.0000177192,0
1481,0,0,1,0,-0.0000178912,0
1482,0,0,1,0,-0.0000177196,0
1483,0,0,1,0,-0.0000178977,0
1484,0,0,1,0,-0.0000177259,0
1485,0,0,1,0,-0.0000179051,0
1486,0,0,1,0,-0.0000177345,0
1487,0,0,1,0,-0.0000177447,0
1488,0,0,1,0,-0.0000178261,0
1489,0,0,1,0,-0.0000176352,0
1490,0,0,1,0,-0.0000178200,0
1491,0,0,1,0,-0.0000176242,0
1492,0,0,1,0,-0.0000178238,0
1493,0,0,1,0,-0.0000176250,0
1494,0,0,1,0,-0.0000178339,0
1495,0,0,1,0,-0.0000176337,0
1496,0,0,1,0,-0.0000178479,0
1497,0,0,1,0,-0.0000176472,0
1498,0,0,1,0,-0.0000176648,0
1499,0,0,1,0,-0.0000177043,0
1500,0,0,1,0,-0.0000174899,0
1501,0,0,1,0,-0.0000176980,0
1502,0,0,1,0,-0.0000174775,0
1503,0,0,1,0,-0.0000177034,0
1504,0,0,1,0,-0.0000174790,0
1505,0,0,1,0,-0.0000177172,0
1506,0,0,1,0,-0.0000174905,0
1507,0,0,1,0,-0.0000177375,0
1508,0,0,1,0,-0.0000175094,0
1509,0,0,1,0,-0.0000175350,0
1510,0,0,1,0,-0.0000175298,0
1511,0,0,1,0,-0.0000172864,0
1512,0,0,1,0,-0.0000175251,0
1513,0,0,1,0,-0.0000172790,0
1514,0,0,1,0,-0.0000175331,0
1515,0,0,1,0,-0.0000172842,0
1516,0,0,1,0,-0.0000175506,0
1517,0,0,1,0,-0.0000172989,0
1518,0,0,1,0,-0.0000175760,0
1519,0,0,1,0,-0.0000173210,0
1520,0,0,1,0,-0.0000173492,0
1521,0,0,1,0,-0.0000173139,0
1522,0,0,1,0,-0.0000170603,0
1523,0,0,1,0,-0.0000173119,0
1524,0,0,1,0,-0.0000170516,0
1525,0,0,1,0,-0.0000173228,0
1526,0,0,1,0,-0.0000170584,0
1527,0,0,1,0,-0.0000173439,0
1528,0,0,1,0,-0.0000170765,0
1529,0,0,1,0,-0.0000173736,0
1530,0,0,1,0,-0.0000171036,0
1531,0,0,1,0,-0.0000171399,0
1532,0,0,1,0,-0.0000170611,0
1533,0,0,1,0,-0.0000167686,0
1534,0,0,1,0,-0.0000170647,0
1535,0,0,1,0,-0.0000167772,0
1536,0,0,1,0,-0.0000170796,0
1537,0,0,1,0,-0.0000167928,0
1538,0,0,1,0,-0.0000171035,0
1539,0,0,1,0,-0.0000168144,0
1540,0,0,1,0,-0.0000171346,0
1541,0,0,1,0,-0.0000168399,0
1542,0,0,1,0,-0.0000168665,0
1543,0,0,1,0,-0.0000167844,0
1544,0,0,1,0,-0.0000165165,0
1545,0,0,1,0,-0.0000167930,0
1546,0,0,1,0,-0.0000165001,0
1547,0,0,1,0,-0.0000168120,0
1548,0,0,1,0,-0.0000165081,0
1549,0,0,1,0,-0.0000168388,0
1550,0,0,1,0,-0.0000165334,0
1551,0,0,1,0,-0.0000168715,0
1552,0,0,1,0,-0.0000165733,0
1553,0,0,1,0,-0.0000166299,0
1554,0,0,1,0,-0.0000165269,0
1555,0,0,1,0,-0.0000163632,0
1556,0,0,1,0,-0.0000165124,0
1557,0,0,1,0,-0.0000163183,0
1558,0,0,1,0,-0.0000165272,0
1559,0,0,1,0,-0.0000163178,0
1560,0,0,1,0,-0.0000165659,0
1561,0,0,1,0,-0.0000163479,0
1562,0,0,1,0,-0.0000166282,0
1563,0,0,1,0,-0.0000164066,0
1564,0,0,1,0,-0.0000164972,0
1565,0,0,1,0,-0.0000164900,0
1566,0,0,1,0,-0.0000165065,0
1567,0,0,1,0,-0.0000164566,0
1568,0,0,1,0,-0.0000164552,0
1569,0,0,1,0,-0.0000164705,0
1570,0,0,1,0,-0.0000164697,0
1571,0,0,1,0,-0.0000165226,0
1572,0,0,1,0,-0.0000164961,0
1573,0,0,1,0,-0.0000166126,0
1574,0,0,1,0,-0.0000165574,0
1575,0,0,1,0,-0.0000166578,0
1576,0,0,1,0,-0.0000168079,0
1577,0,0,1,0,-0.0000175046,0
1578,0,0,1,0,-0.0000168013,0
1579,0,0,1,0,-0.0000159475,0
1580,0,0,1,0,-0.0000168285,0
1581,0,0,1,0,-0.0000133123,0
1582,0,0,1,0,-0.0000168667,0
1583,0,0,1,0,-0.0000133269,0
1584,0,0,1,0,-0.0000169442,0
1585,0,0,1,0,-0.0000160279,0
1586,0,0,1,0,-0.0000176581,0
1587,0,0,1,0,-0.0000169396,0
1588,0,0,1,0,-0.0000276176,0
1589,0,0,1,0,-0.0000125833,0
1590,0,0,1,0,-0.0000185649,0
1591,0,0,1,0,-0.0000333114,0
1592,0,0,1,0,-0.0000468675,0
1593,0,0,1,0,-0.0000572012,0
1594,0,0,1,0,-0.0000432234,0
1595,0,0,1,0,-0.0000483020,0
1596,0,0,1,0,-0.0000340387,0
1597,0,0,1,0,-0.0000340125,0
1598,0,0,1,0,-0.0000193210,0
1599,0,0,1,0,-0.0000193249,0
1600,0,0,1,0,-0.0000653975,0
1601,0,0,1,0,-0.0000681264,0
1602,0,0,1,0,-0.0000614563,0
1603,0,0,1,0,-0.0000614191,0
1604,0,0,1,0,-0.0000482791,0
1605,0,0,1,0,-0.0000431241,0
1606,0,0,1,0,-0.0000275676,0
1607,0,0,1,0,-0.0000652788,0
1608,0,0,1,0,-0.0000652377,0
1609,0,0,1,0,-0.0000681058,0
1610,0,0,1,0,-0.0000653021,0
1611,0,0,1,0,-0.0000571084,0
1612,0,0,1,0,-0.0000467264,0
1613,0,0,1,0,-0.0000331654,0
1614,0,0,1,0,-0.0000098311,0
1615,0,0,1,0,-0.0000125510,0
1616,0,0,1,0,-0.0000168344,0
1617,0,0,1,0,-0.0000183980,0
1618,0,0,1,0,-0.0000170824,0
1619,0,0,1,0,-0.0000278165,0
1620,0,0,1,0,-0.0000128308,0
1621,0,0,1,0,-0.0000185895,0
1622,0,0,1,0,-0.0000333617,0
1623,0,0,1,0,-0.0000468370,0
1624,0,0,1,0,-0.0000572584,0
1625,0,0,1,0,-0.0000433303,0
1626,0,0,1,0,-0.0000485086,0
1627,0,0,1,0,-0.0000342810,0
1628,0,0,1,0,-0.0000343215,0
1629,0,0,1,0,-0.0000196473,0
1630,0,0,1,0,-0.0000196178,0
1631,0,0,1,0,-0.0000654013,0
1632,0,0,1,0,-0.0000682289,0
1633,0,0,1,0,-0.0000616020,0
1634,0,0,1,0,-0.0000616557,0
1635,0,0,1,0,-0.0000485515,0
1636,0,0,1,0,-0.0000434732,0
1637,0,0,1,0,-0.0000279272,0
1638,0,0,1,0,-0.0000653115,0
1639,0,0,1,0,-0.0000653234,0
1640,0,0,1,0,-0.0000682690,0
1641,0,0,1,0,-0.0000655317,0
1642,0,0,1,0,-0.0000574093,0
1643,0,0,1,0,-0.0000470791,0
1644,0,0,1,0,-0.0000335646,0
1645,0,0,1,0,-0.0000101507,0
1646,0,0,1,0,-0.0000129263,0
1647,0,0,1,0,-0.0000172432,0
1648,0,0,1,0,-0.0000188032,0
1649,0,0,1,0,-0.0000614600,0
1650,0,0,1,0,-0.0000483313,0
1651,0,0,1,0,-0.0000483040,0
1652,0,0,1,0,-0.0000614465,0
1653,0,0,1,0,-0.0000432040,0
1654,0,0,1,0,-0.0000276744,0
1655,0,0,1,0,-0.0000340780,0
1656,0,0,1,0,-0.0000571257,0
1657,0,0,1,0,-0.0000431661,0
1658,0,0,1,0,-0.0000331931,0
1659,0,0,1,0,-0.0000340589,0
1660,0,0,1,0,-0.0000275792,0
1661,0,0,1,0,-0.0000193889,0
1662,0,0,1,0,-0.0000193673,0
1663,0,0,1,0,-0.0000168420,0
1664,0,0,1,0,-0.0000125678,0
1665,0,0,1,0,-0.0000098860,0
1666,0,0,1,0,-0.0000126586,0
1667,0,0,1,0,-0.0000169871,0
1668,0,0,1,0,-0.0000332910,0
1669,0,0,1,0,-0.0000681055,0
1670,0,0,1,0,-0.0000571886,0
1671,0,0,1,0,-0.0000681582,0
1672,0,0,1,0,-0.0000434682,0
1673,0,0,1,0,-0.0000485427,0
1674,0,0,1,0,-0.0000343070,0
1675,0,0,1,0,-0.0000278918,0
1676,0,0,1,0,-0.0000342701,0
1677,0,0,1,0,-0.0000195985,0
1678,0,0,1,0,-0.0000196090,0
1679,0,0,1,0,-0.0000682538,0
1680,0,0,1,0,-0.0000616498,0
1681,0,0,1,0,-0.0000573996,0
1682,0,0,1,0,-0.0000616001,0
1683,0,0,1,0,-0.0000485091,0
1684,0,0,1,0,-0.0000433361,0
1685,0,0,1,0,-0.0000278136,0
1686,0,0,1,0,-0.0000682207,0
1687,0,0,1,0,-0.0000572723,0
1688,0,0,1,0,-0.0000333576,0
1689,0,0,1,0,-0.0000170581,0
1690,0,0,1,0,-0.0000128147,0
1691,0,0,1,0,-0.0000101164,0
1692,0,0,1,0,-0.0000335541,0
1693,0,0,1,0,-0.0000128710,0
1694,0,0,1,0,-0.0000172089,0
1695,0,0,1,0,0.0000000000,0
1696,0,0,1,0,0.0000020444,0
1697,0,0,1,0,0.0000035372,0
1698,0,0,1,0,0.0000020563,0
1699,0,0,1,0,0.0000035773,0
1700,0,0,1,0,0.0000034482,0
1701,0,0,1,0,0.0000036048,0
1702,0,0,1,0,0.0000033927,0
1703,0,0,1,0,0.0000033901,0
1704,0,0,1,0,0.0000034060,0
1705,0,0,1,0,0.0000033654,0
1706,0,0,1,0,0.0000033394,0
1707,0,0,1,0,0.0000033761,0
1708,0,0,1,0,0.0000032939,0
1709,0,0,1,0,0.0000032539,0
1710,0,0,1,0,0.0000033047,0
1711,0,0,1,0,0.0000031942,0
1712,0,0,1,0,0.0000031390,0
1713,0,0,1,0,0.0000032058,0
1714,0,0,1,0,0.0000030624,0
1715,0,0,1,0,0.0000029917,0
1716,0,0,1,0,0.0000030748,0
1717,0,0,1,0,0.0000028998,0
1718,0,0,1,0,0.0000028140,0
1719,0,0,1,0,0.0000029121,0
1720,0,0,1,0,0.0000027080,0
1721,0,0,1,0,0.0000026075,0
1722,0,0,1,0,0.0000027193,0
1723,0,0,1,0,0.0000024895,0
1724,0,0,1,0,0.0000023757,0
1725,0,0,1,0,0.0000024992,0
1726,0,0,1,0,0.0000022480,0
1727,0,0,1,0,0.0000021230,0
1728,0,0,1,0,0.0000022555,0
1729,0,0,1,0,0.0000019883,0
1730,0,0,1,0,0.0000018549,0
1731,0,0,1,0,0.0000019934,0
1732,0,0,1,0,0.0000017168,0
1733,0,0,1,0,0.0000015783,0
1734,0,0,1,0,0.0000017196,0
1735,0,0,1,0,0.0000014380,0
1736,0,0,1,0,0.0000012961,0
1737,0,0,1,0,0.0000014386,0
1738,0,0,1,0,0.0000011582,0
1739,0,0,1,0,0.0000010198,0
1740,0,0,1,0,0.0000011570,0
1741,0,0,1,0,0.0000008872,0
1742,0,0,1,0,0.0000007516,0
1743,0,0,1,0,0.0000008817,0
1744,0,0,1,0,0.0000006224,0
1745,0,0,1,0,0.0000005230,0
1746,0,0,1,0,0.0000006082,0
1747,0,0,1,0,0.0000005877,0
1748,0,0,1,0,0.0000005440,0
1749,0,0,1,0,0.0000000000,0
1750,0,0,1,0,0.0000019920,0
1751,0,0,1,0,0.0000035189,0
1752,0,0,1,0,0.0000035475,0
1753,0,0,1,0,0.0000034237,0
1754,0,0,1,0,0.0000033783,0
1755,0,0,1,0,0.0000033775,0
1756,0,0,1,0,0.0000033517,0
1757,0,0,1,0,0.0000033269,0
1758,0,0,1,0,0.0000032783,0
1759,0,0,1,0,0.0000032401,0
1760,0,0,1,0,0.0000031763,0
1761,0,0,1,0,0.0000031237,0
1762,0,0,1,0,0.0000030435,0
1763,0,0,1,0,0.0000029761,0
1764,0,0,1,0,0.0000028813,0
1765,0,0,1,0,0.0000027991,0
1766,0,0,1,0,0.0000026915,0
1767,0,0,1,0,0.0000025948,0
1768,0,0,1,0,0.0000024765,0
1769,0,0,1,0,0.0000023661,0
1770,0,0,1,0,0.0000022394,0
1771,0,0,1,0,0.0000021168,0
1772,0,0,1,0,0.0000019844,0
1773,0,0,1,0,0.0000018523,0
1774,0,0,1,0,0.0000017167,0
1775,0,0,1,0,0.0000015782,0
1776,0,0,1,0,0.0000014407,0
1777,0,0,1,0,0.0000012985,0
1778,0,0,1,0,0.0000011627,0
1779,0,0,1,0,0.0000010229,0
1780,0,0,1,0,0.0000008925,0
1781,0,0,1,0,0.0000007578,0
1782,0,0,1,0,0.0000006259,0
1783,0,0,1,0,0.0000005233,0
1784,0,0,1,0,0.0000005888,0
1785,0,0,1,0,0.0000000000,0
1786,0,0,1,0,0.0000019667,0
1787,0,0,1,0,0.0000034996,0
1788,0,0,1,0,0.0000035342,0
1789,0,0,1,0,0.0000034076,0
1790,0,0,1,0,0.0000033687,0
1791,0,0,1,0,0.0000033647,0
1792,0,0,1,0,0.0000033380,0
1793,0,0,1,0,0.0000033113,0
1794,0,0,1,0,0.0000032604,0
1795,0,0,1,0,0.0000032214,0
1796,0,0,1,0,0.0000031554,0
1797,0,0,1,0,0.0000031030,0
1798,0,0,1,0,0.0000030214,0
1799,0,0,1,0,0.0000029551,0
1800,0,0,1,0,0.0000028600,0
1801,0,0,1,0,0.0000027797,0
1802,0,0,1,0,0.0000026729,0
1803,0,0,1,0,0.0000025786,0
1804,0,0,1,0,0.0000024623,0
1805,0,0,1,0,0.0000023546,0
1806,0,0,1,0,0.0000022311,0
1807,0,0,1,0,0.0000021110,0
1808,0,0,1,0,0.0000019824,0
1809,0,0,1,0,0.0000018515,0
1810,0,0,1,0,0.0000017190,0
1811,0,0,1,0,0.0000015810,0
1812,0,0,1,0,0.0000014467,0
1813,0,0,1,0,0.0000013041,0
1814,0,0,1,0,0.0000011710,0
1815,0,0,1,0,0.0000010294,0
1816,0,0,1,0,0.0000009007,0
1817,0,0,1,0,0.0000007638,0
1818,0,0,1,0,0.0000006297,0
1819,0,0,1,0,0.0000005259,0
1820,0,0,1,0,0.0000005838,0
1821,0,0,1,0,0.0000000000,0
1822,0,0,1,0,0.0000019936,0
1823,0,0,1,0,0.0000035017,0
1824,0,0,1,0,0.0000035484,0
1825,0,0,1,0,0.0000034057,0
1826,0,0,1,0,0.0000033667,0
1827,0,0,1,0,0.0000033554,0
1828,0,0,1,0,0.0000033270,0
1829,0,0,1,0,0.0000032959,0
1830,0,0,1,0,0.0000032434,0
1831,0,0,1,0,0.0000032017,0
1832,0,0,1,0,0.0000031352,0
1833,0,0,1,0,0.0000030812,0
1834,0,0,1,0,0.0000030002,0
1835,0,0,1,0,0.0000029332,0
1836,0,0,1,0,0.0000028399,0
1837,0,0,1,0,0.0000027597,0
1838,0,0,1,0,0.0000026557,0
1839,0,0,1,0,0.0000025624,0
1840,0,0,1,0,0.0000024497,0
1841,0,0,1,0,0.0000023437,0
1842,0,0,1,0,0.0000022246,0
1843,0,0,1,0,0.0000021070,0
1844,0,0,1,0,0.0000019830,0
1845,0,0,1,0,0.0000018531,0
1846,0,0,1,0,0.0000017240,0
1847,0,0,1,0,0.0000015866,0
1848,0,0,1,0,0.0000014559,0
1849,0,0,1,0,0.0000013131,0
1850,0,0,1,0,0.0000011832,0
1851,0,0,1,0,0.0000010398,0
1852,0,0,1,0,0.0000009128,0
1853,0,0,1,0,0.0000007716,0
1854,0,0,1,0,0.0000006358,0
1855,0,0,1,0,0.0000005229,0
1856,0,0,1,0,0.0000005649,0
1857,0,0,1,0,0.0000000000,0
1858,0,0,1,0,0.0000020438,0
1859,0,0,1,0,0.0000035219,0
1860,0,0,1,0,0.0000035746,0
1861,0,0,1,0,0.0000034162,0
1862,0,0,1,0,0.0000033686,0
1863,0,0,1,0,0.0000033502,0
1864,0,0,1,0,0.0000033189,0
1865,0,0,1,0,0.0000032829,0
1866,0,0,1,0,0.0000032298,0
1867,0,0,1,0,0.0000031844,0
1868,0,0,1,0,0.0000031190,0
1869,0,0,1,0,0.0000030621,0
1870,0,0,1,0,0.0000029833,0
1871,0,0,1,0,0.0000029141,0
1872,0,0,1,0,0.0000028241,0
1873,0,0,1,0,0.0000027427,0
1874,0,0,1,0,0.0000026428,0
1875,0,0,1,0,0.0000025491,0
1876,0,0,1,0,0.0000024408,0
1877,0,0,1,0,0.0000023355,0
1878,0,0,1,0,0.0000022210,0
1879,0,0,1,0,0.0000021056,0
1880,0,0,1,0,0.0000019861,0
1881,0,0,1,0,0.0000018572,0
1882,0,0,1,0,0.0000017314,0
1883,0,0,1,0,0.0000015954,0
1884,0,0,1,0,0.0000014683,0
1885,0,0,1,0,0.0000013259,0
1886,0,0,1,0,0.0000011992,0
1887,0,0,1,0,0.0000010546,0
1888,0,0,1,0,0.0000009287,0
1889,0,0,1,0,0.0000007821,0
1890,0,0,1,0,0.0000006454,0
1891,0,0,1,0,0.0000005164,0
1892,0,0,1,0,0.0000005414,0
1893,0,0,1,0,0.0000000000,0
1894,0,0,1,0,0.0000020460,0
1895,0,0,1,0,0.0000035344,0
1896,0,0,1,0,0.0000035917,0
1897,0,0,1,0,0.0000034326,0
1898,0,0,1,0,0.0000033685,0
1899,0,0,1,0,0.0000033472,0
1900,0,0,1,0,0.0000033128,0
1901,0,0,1,0,0.0000032737,0
1902,0,0,1,0,0.0000032205,0
1903,0,0,1,0,0.0000031717,0
1904,0,0,1,0,0.0000031081,0
1905,0,0,1,0,0.0000030483,0
1906,0,0,1,0,0.0000029723,0
1907,0,0,1,0,0.0000029006,0
1908,0,0,1,0,0.0000028145,0
1909,0,0,1,0,0.0000027312,0
1910,0,0,1,0,0.0000026358,0
1911,0,0,1,0,0.0000025409,0
1912,0,0,1,0,0.0000024375,0
1913,0,0,1,0,0.0000023314,0
1914,0,0,1,0,0.0000022215,0
1915,0,0,1,0,0.0000021068,0
1916,0,0,1,0,0.0000019885,0
1917,0,0,1,0,0.0000018629,0
1918,0,0,1,0,0.0000017424,0
1919,0,0,1,0,0.0000016072,0
1920,0,0,1,0,0.0000014850,0
1921,0,0,1,0,0.0000013419,0
1922,0,0,1,0,0.0000012194,0
1923,0,0,1,0,0.0000010730,0
1924,0,0,1,0,0.0000009490,0
1925,0,0,1,0,0.0000007949,0
1926,0,0,1,0,0.0000006635,0
1927,0,0,1,0,0.0000005143,0
1928,0,0,1,0,0.0000005492,0
1929,0,0,1,0,0.0000000000,0
1930,0,0,1,0,0.0000020431,0
1931,0,0,1,0,0.0000035184,0
1932,0,0,1,0,0.0000020410,0
1933,0,0,1,0,0.0000035452,0
1934,0,0,1,0,0.0000033942,0
1935,0,0,1,0,0.0000035577,0
1936,0,0,1,0,0.0000033200,0
1937,0,0,1,0,0.0000032929,0
1938,0,0,1,0,0.0000033237,0
1939,0,0,1,0,0.0000032495,0
1940,0,0,1,0,0.0000032033,0
1941,0,0,1,0,0.0000032555,0
1942,0,0,1,0,0.0000031425,0
1943,0,0,1,0,0.0000030883,0
1944,0,0,1,0,0.0000031514,0
1945,0,0,1,0,0.0000030199,0
1946,0,0,1,0,0.0000029578,0
1947,0,0,1,0,0.0000030303,0
1948,0,0,1,0,0.0000028808,0
1949,0,0,1,0,0.0000028108,0
1950,0,0,1,0,0.0000028914,0
1951,0,0,1,0,0.0000027272,0
1952,0,0,1,0,0.0000026497,0
1953,0,0,1,0,0.0000027369,0
1954,0,0,1,0,0.0000025604,0
1955,0,0,1,0,0.0000024752,0
1956,0,0,1,0,0.0000025681,0
1957,0,0,1,0,0.0000023806,0
1958,0,0,1,0,0.0000022877,0
1959,0,0,1,0,0.0000023858,0
1960,0,0,1,0,0.0000021877,0
1961,0,0,1,0,0.0000020867,0
1962,0,0,1,0,0.0000021902,0
1963,0,0,1,0,0.0000019806,0
1964,0,0,1,0,0.0000018706,0
1965,0,0,1,0,0.0000019805,0
1966,0,0,1,0,0.0000017586,0
1967,0,0,1,0,0.0000016403,0
1968,0,0,1,0,0.0000017561,0
1969,0,0,1,0,0.0000015218,0
1970,0,0,1,0,0.0000013944,0
1971,0,0,1,0,0.0000015170,0
1972,0,0,1,0,0.0000012713,0
1973,0,0,1,0,0.0000011375,0
1974,0,0,1,0,0.0000012650,0
1975,0,0,1,0,0.0000010107,0
1976,0,0,1,0,0.0000008633,0
1977,0,0,1,0,0.0000010026,0
1978,0,0,1,0,0.0000007283,0
1979,0,0,1,0,0.0000005824,0
1980,0,0,1,0,0.0000007243,0
1981,0,0,1,0,0.0000006250,0
1982,0,0,1,0,0.0000006406,0
1983,0,0,1,0,0.0000000000,0
1984,0,0,1,0,0.0000019933,0
1985,0,0,1,0,0.0000035100,0
1986,0,0,1,0,0.0000035206,0
1987,0,0,1,0,0.0000033768,0
1988,0,0,1,0,0.0000033129,0
1989,0,0,1,0,0.0000032867,0
1990,0,0,1,0,0.0000032450,0
1991,0,0,1,0,0.0000031960,0
1992,0,0,1,0,0.0000031382,0
1993,0,0,1,0,0.0000030801,0
1994,0,0,1,0,0.0000030155,0
1995,0,0,1,0,0.0000029492,0
1996,0,0,1,0,0.0000028769,0
1997,0,0,1,0,0.0000028029,0
1998,0,0,1,0,0.0000027245,0
1999,0,0,1,0,0.0000026434,0
2000,0,0,1,0,0.0000025593,0
2001,0,0,1,0,0.0000024710,0
2002,0,0,1,0,0.0000023812,0
2003,0,0,1,0,0.0000022857,0
2004,0,0,1,0,0.0000021898,0
2005,0,0,1,0,0.0000020868,0
2006,0,0,1,0,0.0000019840,0
2007,0,0,1,0,0.0000018729,0
2008,0,0,1,0,0.0000017632,0
2009,0,0,1,0,0.0000016443,0
2010,0,0,1,0,0.0000015274,0
2011,0,0,1,0,0.0000014005,0
2012,0,0,1,0,0.0000012780,0
2013,0,0,1,0,0.0000011456,0
2014,0,0,1,0,0.0000010204,0
2015,0,0,1,0,0.0000008794,0
2016,0,0,1,0,0.0000007442,0
2017,0,0,1,0,0.0000006145,0
2018,0,0,1,0,0.0000006626,0
2019,0,0,1,0,0.0000000000,0
2020,0,0,1,0,0.0000019649,0
2021,0,0,1,0,0.0000034903,0
2022,0,0,1,0,0.0000035044,0
2023,0,0,1,0,0.0000033637,0
2024,0,0,1,0,0.0000033084,0
2025,0,0,1,0,0.0000032830,0
2026,0,0,1,0,0.0000032449,0
2027,0,0,1,0,0.0000031945,0
2028,0,0,1,0,0.0000031406,0
2029,0,0,1,0,0.0000030794,0
2030,0,0,1,0,0.0000030194,0
2031,0,0,1,0,0.0000029492,0
2032,0,0,1,0,0.0000028822,0
2033,0,0,1,0,0.0000028041,0
2034,0,0,1,0,0.0000027309,0
2035,0,0,1,0,0.0000026458,0
2036,0,0,1,0,0.0000025664,0
2037,0,0,1,0,0.0000024745,0
2038,0,0,1,0,0.0000023885,0
2039,0,0,1,0,0.0000022901,0
2040,0,0,1,0,0.0000021968,0
2041,0,0,1,0,0.0000020916,0
2042,0,0,1,0,0.0000019903,0
2043,0,0,1,0,0.0000018781,0
2044,0,0,1,0,0.0000017687,0
2045,0,0,1,0,0.0000016497,0
2046,0,0,1,0,0.0000015320,0
2047,0,0,1,0,0.0000014062,0
2048,0,0,1,0,0.0000012821,0
2049,0,0,1,0,0.0000011521,0
2050,0,0,1,0,0.0000010255,0
2051,0,0,1,0,0.0000008907,0
2052,0,0,1,0,0.0000007543,0
2053,0,0,1,0,0.0000006321,0
2054,0,0,1,0,0.0000006844,0
2055,0,0,1,0,0.0000000000,0
2056,0,0,1,0,0.0000019870,0
2057,0,0,1,0,0.0000034844,0
2058,0,0,1,0,0.0000035118,0
2059,0,0,1,0,0.0000033601,0
2060,0,0,1,0,0.0000033109,0
2061,0,0,1,0,0.0000032838,0
2062,0,0,1,0,0.0000032510,0
2063,0,0,1,0,0.0000031991,0
2064,0,0,1,0,0.0000031505,0
2065,0,0,1,0,0.0000030868,0
2066,0,0,1,0,0.0000030324,0
2067,0,0,1,0,0.0000029586,0
2068,0,0,1,0,0.0000028969,0
2069,0,0,1,0,0.0000028147,0
2070,0,0,1,0,0.0000027462,0
2071,0,0,1,0,0.0000026569,0
2072,0,0,1,0,0.0000025811,0
2073,0,0,1,0,0.0000024854,0
2074,0,0,1,0,0.0000024015,0
2075,0,0,1,0,0.0000022999,0
2076,0,0,1,0,0.0000022072,0
2077,0,0,1,0,0.0000020997,0
2078,0,0,1,0,0.0000019975,0
2079,0,0,1,0,0.0000018842,0
2080,0,0,1,0,0.0000017724,0
2081,0,0,1,0,0.0000016536,0
2082,0,0,1,0,0.0000015326,0
2083,0,0,1,0,0.0000014083,0
2084,0,0,1,0,0.0000012800,0
2085,0,0,1,0,0.0000011533,0
2086,0,0,1,0,0.0000010221,0
2087,0,0,1,0,0.0000008940,0
2088,0,0,1,0,0.0000007538,0
2089,0,0,1,0,0.0000006437,0
2090,0,0,1,0,0.0000006973,0
2091,0,0,1,0,0.0000000000,0
2092,0,0,1,0,0.0000020349,0
2093,0,0,1,0,0.0000034960,0
2094,0,0,1,0,0.0000035343,0
2095,0,0,1,0,0.0000033694,0
2096,0,0,1,0,0.0000033206,0
2097,0,0,1,0,0.0000032909,0
2098,0,0,1,0,0.0000032637,0
2099,0,0,1,0,0.0000032105,0
2100,0,0,1,0,0.0000031679,0
2101,0,0,1,0,0.0000031024,0
2102,0,0,1,0,0.0000030537,0
2103,0,0,1,0,0.0000029770,0
2104,0,0,1,0,0.0000029199,0
2105,0,0,1,0,0.0000028340,0
2106,0,0,1,0,0.0000027689,0
2107,0,0,1,0,0.0000026756,0
2108,0,0,1,0,0.0000026015,0
2109,0,0,1,0,0.0000025020,0
2110,0,0,1,0,0.0000024179,0
2111,0,0,1,0,0.0000023131,0
2112,0,0,1,0,0.0000022184,0
2113,0,0,1,0,0.0000021086,0
2114,0,0,1,0,0.0000020027,0
2115,0,0,1,0,0.0000018882,0
2116,0,0,1,0,0.0000017715,0
2117,0,0,1,0,0.0000016531,0
2118,0,0,1,0,0.0000015261,0
2119,0,0,1,0,0.0000014036,0
2120,0,0,1,0,0.0000012688,0
2121,0,0,1,0,0.0000011457,0
2122,0,0,1,0,0.0000010068,0
2123,0,0,1,0,0.0000008846,0
2124,0,0,1,0,0.0000007378,0
2125,0,0,1,0,0.0000006425,0
2126,0,0,1,0,0.0000006900,0
2127,0,0,1,0,0.0000000000,0
2128,0,0,1,0,0.0000020394,0
2129,0,0,1,0,0.0000035054,0
2130,0,0,1,0,0.0000035558,0
2131,0,0,1,0,0.0000033902,0
2132,0,0,1,0,0.0000033346,0
2133,0,0,1,0,0.0000033046,0
2134,0,0,1,0,0.0000032819,0
2135,0,0,1,0,0.0000032291,0
2136,0,0,1,0,0.0000031914,0
2137,0,0,1,0,0.0000031254,0
2138,0,0,1,0,0.0000030808,0
2139,0,0,1,0,0.0000030031,0
2140,0,0,1,0,0.0000029481,0
2141,0,0,1,0,0.0000028601,0
2142,0,0,1,0,0.0000027956,0
2143,0,0,1,0,0.0000026998,0
2144,0,0,1,0,0.0000026241,0
2145,0,0,1,0,0.0000025219,0
2146,0,0,1,0,0.0000024341,0
2147,0,0,1,0,0.0000023271,0
2148,0,0,1,0,0.0000022268,0
2149,0,0,1,0,0.0000021156,0
2150,0,0,1,0,0.0000020025,0
2151,0,0,1,0,0.0000018876,0
2152,0,0,1,0,0.0000017628,0
2153,0,0,1,0,0.0000016458,0
2154,0,0,1,0,0.0000015095,0
2155,0,0,1,0,0.0000013896,0
2156,0,0,1,0,0.0000012457,0
2157,0,0,1,0,0.0000011270,0
2158,0,0,1,0,0.0000009772,0
2159,0,0,1,0,0.0000008590,0
2160,0,0,1,0,0.0000007047,0
2161,0,0,1,0,0.0000006203,0
2162,0,0,1,0,0.0000006581,0
2163,0,0,1,0,0.0000035527,0
2164,0,0,1,0,0.0000020582,0
2165,0,0,1,0,0.0000000000,0
2166,0,0,1,0,0.0000035430,0
2167,0,0,1,0,0.0000020066,0
2168,0,0,1,0,0.0000000000,0
2169,0,0,1,0,0.0000035186,0
2170,0,0,1,0,0.0000019755,0
2171,0,0,1,0,0.0000000000,0
2172,0,0,1,0,0.0000035060,0
2173,0,0,1,0,0.0000019944,0
2174,0,0,1,0,0.0000000000,0
2175,0,0,1,0,0.0000035097,0
2176,0,0,1,0,0.0000020386,0
2177,0,0,1,0,0.0000000000,0
2178,0,0,1,0,0.0000035100,0
2179,0,0,1,0,0.0000000000,0
2180,0,0,1,0,0.0000034589,0
2181,0,0,1,0,0.0000035940,0
2182,0,0,1,0,0.0000034415,0
2183,0,0,1,0,0.0000035663,0
2184,0,0,1,0,0.0000034218,0
2185,0,0,1,0,0.0000035425,0
2186,0,0,1,0,0.0000034056,0
2187,0,0,1,0,0.0000035390,0
2188,0,0,1,0,0.0000033979,0
2189,0,0,1,0,0.0000035481,0
2190,0,0,1,0,0.0000033994,0
2191,0,0,1,0,0.0000033980,0
2192,0,0,1,0,0.0000034059,0
2193,0,0,1,0,0.0000033915,0
2194,0,0,1,0,0.0000033945,0
2195,0,0,1,0,0.0000033775,0
2196,0,0,1,0,0.0000033775,0
2197,0,0,1,0,0.0000033584,0
2198,0,0,1,0,0.0000033604,0
2199,0,0,1,0,0.0000033380,0
2200,0,0,1,0,0.0000033459,0
2201,0,0,1,0,0.0000033201,0
2202,0,0,1,0,0.0000033458,0
2203,0,0,1,0,0.0000033755,0
2204,0,0,1,0,0.0000033388,0
2205,0,0,1,0,0.0000033651,0
2206,0,0,1,0,0.0000033238,0
2207,0,0,1,0,0.0000033471,0
2208,0,0,1,0,0.0000033015,0
2209,0,0,1,0,0.0000033245,0
2210,0,0,1,0,0.0000032754,0
2211,0,0,1,0,0.0000033014,0
2212,0,0,1,0,0.0000032506,0
2213,0,0,1,0,0.0000032603,0
2214,0,0,1,0,0.0000033033,0
2215,0,0,1,0,0.0000032529,0
2216,0,0,1,0,0.0000032919,0
2217,0,0,1,0,0.0000032362,0
2218,0,0,1,0,0.0000032717,0
2219,0,0,1,0,0.0000032112,0
2220,0,0,1,0,0.0000032452,0
2221,0,0,1,0,0.0000031813,0
2222,0,0,1,0,0.0000032166,0
2223,0,0,1,0,0.0000031515,0
2224,0,0,1,0,0.0000031460,0
2225,0,0,1,0,0.0000032045,0
2226,0,0,1,0,0.0000031386,0
2227,0,0,1,0,0.0000031923,0
2228,0,0,1,0,0.0000031212,0
2229,0,0,1,0,0.0000031705,0
2230,0,0,1,0,0.0000030949,0
2231,0,0,1,0,0.0000031414,0
2232,0,0,1,0,0.0000030633,0
2233,0,0,1,0,0.0000031097,0
2234,0,0,1,0,0.0000030315,0
2235,0,0,1,0,0.0000029992,0
2236,0,0,1,0,0.0000030741,0
2237,0,0,1,0,0.0000029926,0
2238,0,0,1,0,0.0000030621,0
2239,0,0,1,0,0.0000029761,0
2240,0,0,1,0,0.0000030402,0
2241,0,0,1,0,0.0000029506,0
2242,0,0,1,0,0.0000030107,0
2243,0,0,1,0,0.0000029196,0
2244,0,0,1,0,0.0000029780,0
2245,0,0,1,0,0.0000028880,0
2246,0,0,1,0,0.0000028215,0
2247,0,0,1,0,0.0000029122,0
2248,0,0,1,0,0.0000028162,0
2249,0,0,1,0,0.0000029016,0
2250,0,0,1,0,0.0000028020,0
2251,0,0,1,0,0.0000028814,0
2252,0,0,1,0,0.0000027794,0
2253,0,0,1,0,0.0000028539,0
2254,0,0,1,0,0.0000027520,0
2255,0,0,1,0,0.0000028233,0
2256,0,0,1,0,0.0000027242,0
2257,0,0,1,0,0.0000026147,0
2258,0,0,1,0,0.0000027202,0
2259,0,0,1,0,0.0000026111,0
2260,0,0,1,0,0.0000027118,0
2261,0,0,1,0,0.0000026003,0
2262,0,0,1,0,0.0000026951,0
2263,0,0,1,0,0.0000025829,0
2264,0,0,1,0,0.0000026722,0
2265,0,0,1,0,0.0000025616,0
2266,0,0,1,0,0.0000026468,0
2267,0,0,1,0,0.0000025401,0
2268,0,0,1,0,0.0000023822,0
2269,0,0,1,0,0.0000025008,0
2270,0,0,1,0,0.0000023807,0
2271,0,0,1,0,0.0000024953,0
2272,0,0,1,0,0.0000023744,0
2273,0,0,1,0,0.0000024837,0
2274,0,0,1,0,0.0000023636,0
2275,0,0,1,0,0.0000024674,0
2276,0,0,1,0,0.0000023502,0
2277,0,0,1,0,0.0000024493,0
2278,0,0,1,0,0.0000023373,0
2279,0,0,1,0,0.0000021287,0
2280,0,0,1,0,0.0000022579,0
2281,0,0,1,0,0.0000021295,0
2282,0,0,1,0,0.0000022560,0
2283,0,0,1,0,0.0000021282,0
2284,0,0,1,0,0.0000022504,0
2285,0,0,1,0,0.0000021247,0
2286,0,0,1,0,0.0000022420,0
2287,0,0,1,0,0.0000021202,0
2288,0,0,1,0,0.0000022329,0
2289,0,0,1,0,0.0000021167,0
2290,0,0,1,0,0.0000018596,0
2291,0,0,1,0,0.0000019968,0
2292,0,0,1,0,0.0000018628,0
2293,0,0,1,0,0.0000019986,0
2294,0,0,1,0,0.0000018663,0
2295,0,0,1,0,0.0000019992,0
2296,0,0,1,0,0.0000018697,0
2297,0,0,1,0,0.0000019989,0
2298,0,0,1,0,0.0000018738,0
2299,0,0,1,0,0.0000019992,0
2300,0,0,1,0,0.0000018793,0
2301,0,0,1,0,0.0000015821,0
2302,0,0,1,0,0.0000017236,0
2303,0,0,1,0,0.0000015868,0
2304,0,0,1,0,0.0000017285,0
2305,0,0,1,0,0.0000015941,0
2306,0,0,1,0,0.0000017345,0
2307,0,0,1,0,0.0000016034,0
2308,0,0,1,0,0.0000017417,0
2309,0,0,1,0,0.0000016150,0
2310,0,0,1,0,0.0000017506,0
2311,0,0,1,0,0.0000016291,0
2312,0,0,1,0,0.0000012989,0
2313,0,0,1,0,0.0000014436,0
2314,0,0,1,0,0.0000013059,0
2315,0,0,1,0,0.0000014511,0
2316,0,0,1,0,0.0000013162,0
2317,0,0,1,0,0.0000014614,0
2318,0,0,1,0,0.0000013296,0
2319,0,0,1,0,0.0000014744,0
2320,0,0,1,0,0.0000013463,0
2321,0,0,1,0,0.0000014901,0
2322,0,0,1,0,0.0000013660,0
2323,0,0,1,0,0.0000010200,0
2324,0,0,1,0,0.0000011627,0
2325,0,0,1,0,0.0000010284,0
2326,0,0,1,0,0.0000011721,0
2327,0,0,1,0,0.0000010402,0
2328,0,0,1,0,0.0000011849,0
2329,0,0,1,0,0.0000010556,0
2330,0,0,1,0,0.0000012014,0
2331,0,0,1,0,0.0000010752,0
2332,0,0,1,0,0.0000012215,0
2333,0,0,1,0,0.0000010985,0
2334,0,0,1,0,0.0000007415,0
2335,0,0,1,0,0.0000008882,0
2336,0,0,1,0,0.0000007563,0
2337,0,0,1,0,0.0000008995,0
2338,0,0,1,0,0.0000007711,0
2339,0,0,1,0,0.0000009134,0
2340,0,0,1,0,0.0000007874,0
2341,0,0,1,0,0.0000009309,0
2342,0,0,1,0,0.0000008063,0
2343,0,0,1,0,0.0000009521,0
2344,0,0,1,0,0.0000008273,0
2345,0,0,1,0,0.0000004703,0
2346,0,0,1,0,0.0000006093,0
2347,0,0,1,0,0.0000004983,0
2348,0,0,1,0,0.0000006243,0
2349,0,0,1,0,0.0000005227,0
2350,0,0,1,0,0.0000006398,0
2351,0,0,1,0,0.0000005425,0
2352,0,0,1,0,0.0000006577,0
2353,0,0,1,0,0.0000005597,0
2354,0,0,1,0,0.0000006786,0
2355,0,0,1,0,0.0000005851,0
2356,0,0,1,0,0.0000005215,0
2357,0,0,1,0,0.0000005612,0
2358,0,0,1,0,0.0000005899,0
2359,0,0,1,0,0.0000006065,0
2360,0,0,1,0,0.0000006239,0
2361,0,0,1,0,0.0000035048,0
2362,0,0,1,0,0.0000020305,0
2363,0,0,1,0,0.0000000000,0
2364,0,0,1,0,0.0000034905,0
2365,0,0,1,0,0.0000019804,0
2366,0,0,1,0,0.0000000000,0
2367,0,0,1,0,0.0000034769,0
2368,0,0,1,0,0.0000019581,0
2369,0,0,1,0,0.0000000000,0
2370,0,0,1,0,0.0000034860,0
2371,0,0,1,0,0.0000019881,0
2372,0,0,1,0,0.0000000000,0
2373,0,0,1,0,0.0000035134,0
2374,0,0,1,0,0.0000020415,0
2375,0,0,1,0,0.0000000000,0
2376,0,0,1,0,0.0000035320,0
2377,0,0,1,0,0.0000000000,0
2378,0,0,1,0,0.0000033877,0
2379,0,0,1,0,0.0000035341,0
2380,0,0,1,0,0.0000033711,0
2381,0,0,1,0,0.0000035117,0
2382,0,0,1,0,0.0000033665,0
2383,0,0,1,0,0.0000035076,0
2384,0,0,1,0,0.0000033775,0
2385,0,0,1,0,0.0000035317,0
2386,0,0,1,0,0.0000034007,0
2387,0,0,1,0,0.0000035670,0
2388,0,0,1,0,0.0000034281,0
2389,0,0,1,0,0.0000032931,0
2390,0,0,1,0,0.0000033188,0
2391,0,0,1,0,0.0000032955,0
2392,0,0,1,0,0.0000033182,0
2393,0,0,1,0,0.0000033019,0
2394,0,0,1,0,0.0000033249,0
2395,0,0,1,0,0.0000033129,0
2396,0,0,1,0,0.0000033393,0
2397,0,0,1,0,0.0000033267,0
2398,0,0,1,0,0.0000033561,0
2399,0,0,1,0,0.0000033402,0
2400,0,0,1,0,0.0000032089,0
2401,0,0,1,0,0.0000032594,0
2402,0,0,1,0,0.0000032179,0
2403,0,0,1,0,0.0000032668,0
2404,0,0,1,0,0.0000032288,0
2405,0,0,1,0,0.0000032769,0
2406,0,0,1,0,0.0000032407,0
2407,0,0,1,0,0.0000032892,0
2408,0,0,1,0,0.0000032527,0
2409,0,0,1,0,0.0000033018,0
2410,0,0,1,0,0.0000032649,0
2411,0,0,1,0,0.0000030974,0
2412,0,0,1,0,0.0000031604,0
2413,0,0,1,0,0.0000031104,0
2414,0,0,1,0,0.0000031724,0
2415,0,0,1,0,0.0000031242,0
2416,0,0,1,0,0.0000031850,0
2417,0,0,1,0,0.0000031374,0
2418,0,0,1,0,0.0000031973,0
2419,0,0,1,0,0.0000031497,0
2420,0,0,1,0,0.0000032092,0
2421,0,0,1,0,0.0000031616,0
2422,0,0,1,0,0.0000029685,0
2423,0,0,1,0,0.0000030422,0
2424,0,0,1,0,0.0000029833,0
2425,0,0,1,0,0.0000030568,0
2426,0,0,1,0,0.0000029987,0
2427,0,0,1,0,0.0000030712,0
2428,0,0,1,0,0.0000030131,0
2429,0,0,1,0,0.0000030844,0
2430,0,0,1,0,0.0000030259,0
2431,0,0,1,0,0.0000030966,0
2432,0,0,1,0,0.0000030382,0
2433,0,0,1,0,0.0000028215,0
2434,0,0,1,0,0.0000029044,0
2435,0,0,1,0,0.0000028368,0
2436,0,0,1,0,0.0000029202,0
2437,0,0,1,0,0.0000028528,0
2438,0,0,1,0,0.0000029356,0
2439,0,0,1,0,0.0000028674,0
2440,0,0,1,0,0.0000029493,0
2441,0,0,1,0,0.0000028801,0
2442,0,0,1,0,0.0000029614,0
2443,0,0,1,0,0.0000028915,0
2444,0,0,1,0,0.0000026592,0
2445,0,0,1,0,0.0000027495,0
2446,0,0,1,0,0.0000026735,0
2447,0,0,1,0,0.0000027651,0
2448,0,0,1,0,0.0000026887,0
2449,0,0,1,0,0.0000027804,0
2450,0,0,1,0,0.0000027027,0
2451,0,0,1,0,0.0000027938,0
2452,0,0,1,0,0.0000027144,0
2453,0,0,1,0,0.0000028052,0
2454,0,0,1,0,0.0000027242,0
2455,0,0,1,0,0.0000024824,0
2456,0,0,1,0,0.0000025790,0
2457,0,0,1,0,0.0000024945,0
2458,0,0,1,0,0.0000025932,0
2459,0,0,1,0,0.0000025078,0
2460,0,0,1,0,0.0000026072,0
2461,0,0,1,0,0.0000025200,0
2462,0,0,1,0,0.0000026193,0
2463,0,0,1,0,0.0000025298,0
2464,0,0,1,0,0.0000026290,0
2465,0,0,1,0,0.0000025371,0
2466,0,0,1,0,0.0000022920,0
2467,0,0,1,0,0.0000023939,0
2468,0,0,1,0,0.0000023009,0
2469,0,0,1,0,0.0000024054,0
2470,0,0,1,0,0.0000023110,0
2471,0,0,1,0,0.0000024170,0
2472,0,0,1,0,0.0000023203,0
2473,0,0,1,0,0.0000024268,0
2474,0,0,1,0,0.0000023272,0
2475,0,0,1,0,0.0000024340,0
2476,0,0,1,0,0.0000023315,0
2477,0,0,1,0,0.0000020882,0
2478,0,0,1,0,0.0000021952,0
2479,0,0,1,0,0.0000020936,0
2480,0,0,1,0,0.0000022031,0
2481,0,0,1,0,0.0000020997,0
2482,0,0,1,0,0.0000022110,0
2483,0,0,1,0,0.0000021046,0
2484,0,0,1,0,0.0000022174,0
2485,0,0,1,0,0.0000021073,0
2486,0,0,1,0,0.0000022214,0
2487,0,0,1,0,0.0000021084,0
2488,0,0,1,0,0.0000018696,0
2489,0,0,1,0,0.0000019826,0
2490,0,0,1,0,0.0000018720,0
2491,0,0,1,0,0.0000019870,0
2492,0,0,1,0,0.0000018749,0
2493,0,0,1,0,0.0000019907,0
2494,0,0,1,0,0.0000018762,0
2495,0,0,1,0,0.0000019921,0
2496,0,0,1,0,0.0000018745,0
2497,0,0,1,0,0.0000019906,0
2498,0,0,1,0,0.0000018699,0
2499,0,0,1,0,0.0000016372,0
2500,0,0,1,0,0.0000017556,0
2501,0,0,1,0,0.0000016370,0
2502,0,0,1,0,0.0000017572,0
2503,0,0,1,0,0.0000016376,0
2504,0,0,1,0,0.0000017585,0
2505,0,0,1,0,0.0000016368,0
2506,0,0,1,0,0.0000017574,0
2507,0,0,1,0,0.0000016324,0
2508,0,0,1,0,0.0000017527,0
2509,0,0,1,0,0.0000016231,0
2510,0,0,1,0,0.0000013903,0
2511,0,0,1,0,0.0000015151,0
2512,0,0,1,0,0.0000013893,0
2513,0,0,1,0,0.0000015149,0
2514,0,0,1,0,0.0000013884,0
2515,0,0,1,0,0.0000015142,0
2516,0,0,1,0,0.0000013855,0
2517,0,0,1,0,0.0000015104,0
2518,0,0,1,0,0.0000013775,0
2519,0,0,1,0,0.0000015015,0
2520,0,0,1,0,0.0000013628,0
2521,0,0,1,0,0.0000011351,0
2522,0,0,1,0,0.0000012631,0
2523,0,0,1,0,0.0000011339,0
2524,0,0,1,0,0.0000012621,0
2525,0,0,1,0,0.0000011323,0
2526,0,0,1,0,0.0000012599,0
2527,0,0,1,0,0.0000011276,0
2528,0,0,1,0,0.0000012536,0
2529,0,0,1,0,0.0000011167,0
2530,0,0,1,0,0.0000012408,0
2531,0,0,1,0,0.0000010978,0
2532,0,0,1,0,0.0000008708,0
2533,0,0,1,0,0.0000010050,0
2534,0,0,1,0,0.0000008744,0
2535,0,0,1,0,0.0000010051,0
2536,0,0,1,0,0.0000008745,0
2537,0,0,1,0,0.0000010025,0
2538,0,0,1,0,0.0000008680,0
2539,0,0,1,0,0.0000009939,0
2540,0,0,1,0,0.0000008511,0
2541,0,0,1,0,0.0000009766,0
2542,0,0,1,0,0.0000008222,0
2543,0,0,1,0,0.0000006302,0
2544,0,0,1,0,0.0000007369,0
2545,0,0,1,0,0.0000006311,0
2546,0,0,1,0,0.0000007388,0
2547,0,0,1,0,0.0000006328,0
2548,0,0,1,0,0.0000007354,0
2549,0,0,1,0,0.0000006210,0
2550,0,0,1,0,0.0000007224,0
2551,0,0,1,0,0.0000005892,0
2552,0,0,1,0,0.0000006974,0
2553,0,0,1,0,0.0000005435,0
2554,0,0,1,0,0.0000006821,0
2555,0,0,1,0,0.0000006861,0
2556,0,0,1,0,0.0000006815,0
2557,0,0,1,0,0.0000006518,0
2558,0,0,1,0,0.0000005984,0
2559,0,0,1,0,0.0000000000,0
2560,0,0,1,0,0.0000000000,0
2561,0,0,1,0,0.0000000000,0
2562,0,0,1,0,0.0000000000,0
2563,0,0,1,0,0.0000000000,0
2564,0,0,1,0,0.0000000000,0
2565,0,0,1,0,0.0000000000,0
2566,0,0,1,0,0.0000000000,0
2567,0,0,1,0,0.0000000000,0
2568,0,0,1,0,0.0000000000,0
2569,0,0,1,0,0.0000000000,0
2570,0,0,1,0,0.0000000000,0
2571,0,0,1,0,0.0000000000,0
2572,0,0,1,0,0.0000000000,0
2573,0,0,1,0,0.0000000000,0
2574,0,0,1,0,0.0000000000,0
2575,0,0,1,0,0.0000000000,0
2576,0,0,1,0,0.0000000000,0
2577,0,0,1,0,0.0000000000,0
2578,0,0,1,0,0.0000000000,0
2579,0,0,1,0,0.0000000000,0
2580,0,0,1,0,0.0000000000,0
2581,0,0,1,0,0.0000000000,0
2582,0,0,1,0,0.0000000000,0
2583,0,0,1,0,0.0000000000,0
2584,0,0,1,0,0.0000000000,0
2585,0,0,1,0,0.0000000000,0
2586,0,0,1,0,0.0000000000,0
2587,0,0,1,0,0.0000000000,0
2588,0,0,1,0,0.0000000000,0
2589,0,0,1,0,0.0000000000,0
2590,0,0,1,0,0.0000000000,0
2591,0,0,1,0,0.0000000000,0
2592,0,0,1,0,0.0000000000,0
2593,0,0,1,0,0.0000000000,0
2594,0,0,1,0,0.0000000000,0
2595,0,0,1,0,0.0000000000,0
2596,0,0,1,0,0.0000000000,0
2597,0,0,1,0,0.0000000000,0
2598,0,0,1,0,0.0000000000,0
2599,0,0,1,0,0.0000000000,0
2600,0,0,1,0,0.0000000000,0
2601,0,0,1,0,0.0000000000,0
2602,0,0,1,0,0.0000000000,0
2603,0,0,1,0,0.0000000000,0
2604,0,0,1,0,0.0000000000,0
2605,0,0,1,0,0.0000000000,0
2606,0,0,1,0,0.0000000000,0
2607,0,0,1,0,0.0000000000,0
2608,0,0,1,0,0.0000000000,0
2609,0,0,1,0,0.0000000000,0
2610,0,0,1,0,0.0000000000,0
2611,0,0,1,0,0.0000000000,0
2612,0,0,1,0,0.0000000000,0
2613,0,0,1,0,0.0000000000,0
2614,0,0,1,0,0.0000000000,0
2615,0,0,1,0,0.0000000000,0
2616,0,0,1,0,0.0000000000,0
2617,0,0,1,0,0.0000000000,0
2618,0,0,1,0,0.0000000000,0
2619,0,0,1,0,0.0000000000,0
2620,0,0,1,0,0.0000000000,0
2621,0,0,1,0,0.0000000000,0
2622,0,0,1,0,0.0000000000,0
2623,0,0,1,0,0.0000000000,0
2624,0,0,1,0,0.0000000000,0
2625,0,0,1,0,0.0000000000,0
2626,0,0,1,0,0.0000000000,0
2627,0,0,1,0,0.0000000000,0
2628,0,0,1,0,0.0000000000,0
2629,0,0,1,0,0.0000000000,0
2630,0,0,1,0,0.0000000000,0
2631,0,0,1,0,0.0000000000,0
2632,0,0,1,0,0.0000000000,0
2633,0,0,1,0,0.0000000000,0
2634,0,0,1,0,0.0000000000,0
2635,0,0,1,0,0.0000000000,0
2636,0,0,1,0,0.0000000000,0
2637,0,0,1,0,0.0000000000,0
2638,0,0,1,0,0.0000000000,0
2639,0,0,1,0,0.0000000000,0
2640,0,0,1,0,0.0000000000,0
2641,0,0,1,0,0.0000000000,0
2642,0,0,1,0,0.0000000000,0
2643,0,0,1,0,0.0000000000,0
2644,0,0,1,0,0.0000000000,0
2645,0,0,1,0,0.0000000000,0
2646,0,0,1,0,0.0000000000,0
2647,0,0,1,0,0.0000000000,0
2648,0,0,1,0,0.0000000000,0
2649,0,0,1,0,0.0000000000,0
2650,0,0,1,0,0.0000000000,0
2651,0,0,1,0,0.0000000000,0
2652,0,0,1,0,0.0000000000,0
2653,0,0,1,0,0.0000000000,0
2654,0,0,1,0,0.0000000000,0
2655,0,0,1,0,0.0000000000,0
2656,0,0,1,0,0.0000000000,0
2657,0,0,1,0,0.0000000000,0
2658,0,0,1,0,0.0000000000,0
2659,0,0,1,0,0.0000000000,0
2660,0,0,1,0,0.0000000000,0
2661,0,0,1,0,0.0000000000,0
2662,0,0,1,0,0.0000000000,0
2663,0,0,1,0,0.0000000000,0
2664,0,0,1,0,0.0000000000,0
2665,0,0,1,0,0.0000000000,0
2666,0,0,1,0,0.0000000000,0
FIELD POINTS
6
1,1,0
1,1,1
1,1,2
1,1,3
1,1,4
1,1,5
CHIE
6
0.3173,0.0418,0.1389
0.4759,0.0627,4.8611
0.5949,0.0783,4.8611
0.1983,0.0261,0.1389
-0.1983,0.0261,3.8611
0,0,0
SOLVE
