Example 1 : 3D INT, UNIT CUBE
GENERAL INFORMATION
0,0,0
1000,1500
50,0,0
NODES
2666
1,0.1000,0.0000,6.6000
2,0.0000,-0.1000,6.6000
3,0.0000,-0.4000,5.0000
4,0.4000,0.0000,5.0000
5,-0.1000,-0.0000,6.6000
6,-0.0000,0.1000,6.6000
7,-0.0000,0.4000,5.0000
8,-0.4000,-0.0000,5.0000
9,0.0000,0.0000,6.7000
10,0.0000,0.4000,0.0000
11,0.4000,0.0000,0.0000
12,-0.0000,-0.4000,0.0000
13,-0.4000,0.0000,0.0000
14,0.0000,0.0000,-0.4000
15,0.0967,-0.0256,6.6000
16,0.0710,-0.0704,6.6000
17,0.0260,-0.0966,6.6000
18,0.0869,-0.0495,6.6000
19,0.0502,-0.0865,6.6000
20,0.0000,-0.3427,5.3054
21,0.0000,-0.2867,5.6044
22,0.0000,-0.2327,5.8923
23,0.0000,-0.1828,6.1585
24,0.0000,-0.1421,6.3756
25,0.0000,-0.1163,6.5132
26,0.0000,-0.3714,5.1527
27,0.0000,-0.3147,5.4549
28,0.0000,-0.2597,5.7484
29,0.0000,-0.2077,6.0254
30,0.0000,-0.1624,6.2671
31,0.0000,-0.1292,6.4444
32,0.0000,-0.1081,6.5566
33,0.1037,-0.3863,5.0000
34,0.2828,-0.2829,5.0000
35,0.3863,-0.1037,5.0000
36,0.2002,-0.3463,5.0000
37,0.3463,-0.2003,5.0000
38,0.3426,0.0000,5.3061
39,0.2864,0.0000,5.6057
40,0.2326,0.0000,5.8929
41,0.1828,0.0000,6.1584
42,0.1421,0.0000,6.3755
43,0.1163,0.0000,6.5131
44,0.3713,0.0000,5.1530
45,0.3145,0.0000,5.4559
46,0.2595,0.0000,5.7493
47,0.2077,0.0000,6.0256
48,0.1624,0.0000,6.2669
49,0.1292,0.0000,6.4443
50,0.1081,0.0000,6.5566
51,-0.0967,0.0255,6.6000
52,-0.0711,0.0703,6.6000
53,-0.0261,0.0965,6.6000
54,-0.0869,0.0494,6.6000
55,-0.0503,0.0864,6.6000
56,-0.0000,0.3425,5.3064
57,-0.0000,0.2863,5.6062
58,-0.0000,0.2325,5.8931
59,-0.0000,0.1828,6.1585
60,-0.0000,0.1421,6.3754
61,-0.0000,0.1163,6.5131
62,-0.0000,0.3713,5.1532
63,-0.0000,0.3144,5.4563
64,-0.0000,0.2594,5.7496
65,-0.0000,0.2077,6.0258
66,-0.0000,0.1624,6.2670
67,-0.0000,0.1292,6.4443
68,-0.0000,0.1082,6.5565
69,-0.1036,0.3864,5.0000
70,-0.2827,0.2830,5.0000
71,-0.3863,0.1037,5.0000
72,-0.2001,0.3464,5.0000
73,-0.3462,0.2004,5.0000
74,-0.3424,-0.0000,5.3072
75,-0.2860,-0.0000,5.6078
76,-0.2321,-0.0000,5.8954
77,-0.1823,-0.0000,6.1609
78,-0.1418,-0.0000,6.3770
79,-0.1162,-0.0000,6.5138
80,-0.3712,-0.0000,5.1536
81,-0.3142,-0.0000,5.4575
82,-0.2591,-0.0000,5.7516
83,-0.2072,-0.0000,6.0281
84,-0.1621,-0.0000,6.2689
85,-0.1290,-0.0000,6.4454
86,-0.1081,-0.0000,6.5569
87,-0.0257,-0.0967,6.6000
88,-0.0705,-0.0709,6.6000
89,-0.0966,-0.0259,6.6000
90,-0.0496,-0.0868,6.6000
91,-0.0866,-0.0500,6.6000
92,-0.3864,-0.1035,5.0000
93,-0.2827,-0.2830,5.0000
94,-0.1033,-0.3864,5.0000
95,-0.3464,-0.2000,5.0000
96,-0.1996,-0.3466,5.0000
97,0.0256,0.0967,6.6000
98,0.0704,0.0710,6.6000
99,0.0966,0.0260,6.6000
100,0.0495,0.0869,6.6000
101,0.0865,0.0502,6.6000
102,0.3863,0.1037,5.0000
103,0.2828,0.2828,5.0000
104,0.1037,0.3863,5.0000
105,0.3463,0.2002,5.0000
106,0.2003,0.3463,5.0000
107,0.0000,0.0383,6.6924
108,0.0000,0.0924,6.6383
109,0.0000,0.0707,6.6707
110,0.0383,0.0000,6.6924
111,0.0924,0.0000,6.6383
112,0.0707,0.0000,6.6707
113,-0.0000,-0.0924,6.6383
114,-0.0000,-0.0383,6.6924
115,-0.0000,-0.0707,6.6707
116,-0.0924,0.0000,6.6382
117,-0.0384,0.0000,6.6924
118,-0.0708,0.0000,6.6706
119,0.1038,0.3863,0.0000
120,0.2834,0.2822,0.0000
121,0.3865,0.1030,0.0000
122,0.2005,0.3461,0.0000
123,0.3470,0.1990,0.0000
124,0.0000,0.4000,0.2362
125,0.0000,0.4000,4.7481
126,0.0000,0.4000,4.2140
127,0.0000,0.4000,3.6434
128,0.0000,0.4000,3.0643
129,0.0000,0.4000,2.4834
130,0.0000,0.4000,1.9028
131,0.0000,0.4000,1.3247
132,0.0000,0.4000,0.7545
133,0.0000,0.4000,0.4725
134,0.0000,0.4000,1.0366
135,0.0000,0.4000,1.6128
136,0.0000,0.4000,2.1929
137,0.0000,0.4000,2.7738
138,0.0000,0.4000,3.3549
139,0.0000,0.4000,3.9319
140,0.0000,0.4000,4.4962
141,0.4000,0.0000,0.2347
142,0.4000,0.0000,4.7485
143,0.4000,0.0000,4.2156
144,0.4000,0.0000,3.6464
145,0.4000,0.0000,3.0680
146,0.4000,0.0000,2.4862
147,0.4000,0.0000,1.9035
148,0.4000,0.0000,1.3232
149,0.4000,0.0000,0.7518
150,0.4000,0.0000,0.4695
151,0.4000,0.0000,1.0342
152,0.4000,0.0000,1.6122
153,0.4000,0.0000,2.1948
154,0.4000,0.0000,2.7775
155,0.4000,0.0000,3.3585
156,0.4000,0.0000,3.9342
157,0.4000,0.0000,4.4970
158,-0.1032,-0.3865,0.0000
159,-0.2827,-0.2830,0.0000
160,-0.3864,-0.1034,0.0000
161,-0.1993,-0.3468,0.0000
162,-0.3465,-0.1998,0.0000
163,-0.0000,-0.4000,0.2359
164,-0.0000,-0.4000,4.7481
165,-0.0000,-0.4000,4.2140
166,-0.0000,-0.4000,3.6433
167,-0.0000,-0.4000,3.0641
168,-0.0000,-0.4000,2.4823
169,-0.0000,-0.4000,1.9010
170,-0.0000,-0.4000,1.3229
171,-0.0000,-0.4000,0.7535
172,-0.0000,-0.4000,0.4718
173,-0.0000,-0.4000,1.0351
174,-0.0000,-0.4000,1.6106
175,-0.0000,-0.4000,2.1913
176,-0.0000,-0.4000,2.7733
177,-0.0000,-0.4000,3.3549
178,-0.0000,-0.4000,3.9317
179,-0.0000,-0.4000,4.4962
180,-0.4000,0.0000,0.2365
181,-0.4000,0.0000,4.7476
182,-0.4000,0.0000,4.2125
183,-0.4000,0.0000,3.6411
184,-0.4000,0.0000,3.0617
185,-0.4000,0.0000,2.4806
186,-0.4000,0.0000,1.9006
187,-0.4000,0.0000,1.3234
188,-0.4000,0.0000,0.7545
189,-0.4000,0.0000,0.4730
190,-0.4000,0.0000,1.0360
191,-0.4000,0.0000,1.6109
192,-0.4000,0.0000,2.1903
193,-0.4000,0.0000,2.7710
194,-0.4000,0.0000,3.3524
195,-0.4000,0.0000,3.9299
196,-0.4000,0.0000,4.4951
197,-0.3864,0.1035,0.0000
198,-0.2826,0.2831,0.0000
199,-0.1032,0.3865,0.0000
200,-0.3464,0.2000,0.0000
201,-0.1995,0.3467,0.0000
202,0.3865,-0.1031,0.0000
203,0.2834,-0.2823,0.0000
204,0.1038,-0.3863,0.0000
205,0.3469,-0.1992,0.0000
206,0.2005,-0.3461,0.0000
207,0.1532,0.0000,-0.3695
208,0.3696,0.0000,-0.1530
209,0.2830,0.0000,-0.2827
210,0.0000,0.1528,-0.3697
211,0.0000,0.3694,-0.1534
212,0.0000,0.2823,-0.2833
213,-0.3694,0.0000,-0.1535
214,-0.1526,0.0000,-0.3697
215,-0.2822,0.0000,-0.2835
216,-0.0000,-0.3694,-0.1533
217,-0.0000,-0.1528,-0.3697
218,-0.0000,-0.2824,-0.2833
219,0.1046,-0.0281,6.5557
220,0.1133,-0.0305,6.5071
221,0.1250,-0.0337,6.4423
222,0.1382,-0.0373,6.3689
223,0.1565,-0.0422,6.2676
224,0.1764,-0.0476,6.1576
225,0.1996,-0.0539,6.0295
226,0.2237,-0.0604,5.8965
227,0.2492,-0.0673,5.7553
228,0.2752,-0.0743,5.6116
229,0.3020,-0.0815,5.4633
230,0.3292,-0.0888,5.3129
231,0.3571,-0.0963,5.1587
232,0.0939,-0.0541,6.5549
233,0.1020,-0.0590,6.5041
234,0.1122,-0.0650,6.4407
235,0.1244,-0.0720,6.3655
236,0.1402,-0.0812,6.2676
237,0.1581,-0.0916,6.1574
238,0.1785,-0.1034,6.0314
239,0.2000,-0.1159,5.8986
240,0.2227,-0.1290,5.7587
241,0.2459,-0.1424,5.6152
242,0.2698,-0.1563,5.4675
243,0.2942,-0.1704,5.3169
244,0.3194,-0.1849,5.1617
245,0.0768,-0.0765,6.5546
246,0.0835,-0.0834,6.5032
247,0.0918,-0.0917,6.4401
248,0.1018,-0.1017,6.3645
249,0.1146,-0.1146,6.2676
250,0.1292,-0.1292,6.1573
251,0.1457,-0.1457,6.0320
252,0.1633,-0.1633,5.8993
253,0.1818,-0.1818,5.7597
254,0.2008,-0.2008,5.6162
255,0.2203,-0.2203,5.4688
256,0.2402,-0.2402,5.3181
257,0.2608,-0.2608,5.1627
258,0.0544,-0.0937,6.5549
259,0.0591,-0.1019,6.5042
260,0.0650,-0.1122,6.4407
261,0.0720,-0.1244,6.3656
262,0.0812,-0.1402,6.2677
263,0.0916,-0.1581,6.1574
264,0.1034,-0.1785,6.0314
265,0.1159,-0.2000,5.8985
266,0.1290,-0.2227,5.7584
267,0.1425,-0.2460,5.6148
268,0.1563,-0.2699,5.4672
269,0.1704,-0.2943,5.3166
270,0.1849,-0.3194,5.1616
271,0.0283,-0.1045,6.5557
272,0.0306,-0.1133,6.5071
273,0.0337,-0.1249,6.4424
274,0.0373,-0.1382,6.3689
275,0.0422,-0.1565,6.2677
276,0.0476,-0.1764,6.1577
277,0.0539,-0.1996,6.0293
278,0.0604,-0.2237,5.8961
279,0.0673,-0.2493,5.7548
280,0.0743,-0.2753,5.6108
281,0.0815,-0.3021,5.4627
282,0.0888,-0.3293,5.3125
283,0.0963,-0.3571,5.1585
284,-0.1045,0.0280,6.5559
285,-0.1132,0.0305,6.5076
286,-0.1248,0.0337,6.4431
287,-0.1380,0.0372,6.3701
288,-0.1563,0.0422,6.2692
289,-0.1761,0.0475,6.1596
290,-0.1992,0.0538,6.0315
291,-0.2233,0.0603,5.8986
292,-0.2488,0.0672,5.7574
293,-0.2748,0.0742,5.6135
294,-0.3017,0.0814,5.4649
295,-0.3290,0.0888,5.3140
296,-0.3570,0.0963,5.1593
297,-0.0939,0.0541,6.5551
298,-0.1019,0.0589,6.5045
299,-0.1121,0.0649,6.4413
300,-0.1242,0.0719,6.3664
301,-0.1400,0.0811,6.2688
302,-0.1578,0.0914,6.1589
303,-0.1782,0.1032,6.0332
304,-0.1997,0.1157,5.9005
305,-0.2224,0.1288,5.7605
306,-0.2456,0.1423,5.6169
307,-0.2696,0.1562,5.4690
308,-0.2941,0.1703,5.3179
309,-0.3193,0.1849,5.1623
310,-0.0768,0.0765,6.5547
311,-0.0835,0.0833,6.5035
312,-0.0917,0.0917,6.4405
313,-0.1017,0.1017,6.3651
314,-0.1145,0.1145,6.2685
315,-0.1290,0.1290,6.1585
316,-0.1456,0.1456,6.0334
317,-0.1631,0.1631,5.9008
318,-0.1816,0.1816,5.7614
319,-0.2006,0.2006,5.6178
320,-0.2201,0.2201,5.4702
321,-0.2401,0.2401,5.3190
322,-0.2607,0.2608,5.1632
323,-0.0545,0.0937,6.5549
324,-0.0591,0.1019,6.5043
325,-0.0650,0.1121,6.4409
326,-0.0720,0.1243,6.3659
327,-0.0812,0.1401,6.2682
328,-0.0915,0.1580,6.1582
329,-0.1033,0.1783,6.0324
330,-0.1157,0.1998,5.8997
331,-0.1289,0.2225,5.7599
332,-0.1423,0.2457,5.6163
333,-0.1562,0.2697,5.4686
334,-0.1703,0.2941,5.3176
335,-0.1848,0.3194,5.1621
336,-0.0283,0.1045,6.5557
337,-0.0306,0.1133,6.5071
338,-0.0337,0.1249,6.4424
339,-0.0373,0.1382,6.3690
340,-0.0422,0.1565,6.2679
341,-0.0476,0.1764,6.1580
342,-0.0538,0.1995,6.0300
343,-0.0603,0.2235,5.8971
344,-0.0672,0.2490,5.7561
345,-0.0742,0.2750,5.6124
346,-0.0815,0.3019,5.4640
347,-0.0888,0.3291,5.3134
348,-0.0962,0.3571,5.1590
349,-0.0962,-0.3571,5.1586
350,-0.1848,-0.3195,5.1618
351,-0.2607,-0.2608,5.1629
352,-0.3193,-0.1849,5.1621
353,-0.3570,-0.0962,5.1592
354,-0.0888,-0.3292,5.3127
355,-0.1704,-0.2942,5.3170
356,-0.2401,-0.2402,5.3186
357,-0.2941,-0.1704,5.3176
358,-0.3290,-0.0888,5.3139
359,-0.0815,-0.3021,5.4630
360,-0.1563,-0.2698,5.4677
361,-0.2202,-0.2202,5.4696
362,-0.2696,-0.1562,5.4686
363,-0.3017,-0.0814,5.4647
364,-0.0743,-0.2753,5.6112
365,-0.1424,-0.2459,5.6154
366,-0.2006,-0.2007,5.6172
367,-0.2457,-0.1423,5.6165
368,-0.2749,-0.0742,5.6133
369,-0.0673,-0.2492,5.7551
370,-0.1289,-0.2226,5.7591
371,-0.1816,-0.1816,5.7608
372,-0.2224,-0.1288,5.7602
373,-0.2488,-0.0672,5.7572
374,-0.0604,-0.2237,5.8965
375,-0.1158,-0.1999,5.8992
376,-0.1632,-0.1632,5.9005
377,-0.1997,-0.1157,5.9002
378,-0.2233,-0.0603,5.8985
379,-0.0539,-0.1996,6.0297
380,-0.1033,-0.1784,6.0322
381,-0.1456,-0.1456,6.0333
382,-0.1782,-0.1032,6.0331
383,-0.1992,-0.0538,6.0315
384,-0.0476,-0.1764,6.1581
385,-0.0915,-0.1580,6.1582
386,-0.1290,-0.1290,6.1585
387,-0.1578,-0.0914,6.1589
388,-0.1761,-0.0475,6.1596
389,-0.0422,-0.1565,6.2680
390,-0.0812,-0.1401,6.2683
391,-0.1144,-0.1145,6.2685
392,-0.1400,-0.0811,6.2689
393,-0.1563,-0.0422,6.2692
394,-0.0373,-0.1382,6.3692
395,-0.0720,-0.1243,6.3660
396,-0.1016,-0.1017,6.3652
397,-0.1242,-0.0720,6.3665
398,-0.1380,-0.0373,6.3701
399,-0.0337,-0.1249,6.4425
400,-0.0649,-0.1121,6.4410
401,-0.0917,-0.0917,6.4406
402,-0.1121,-0.0649,6.4413
403,-0.1248,-0.0337,6.4432
404,-0.0305,-0.1133,6.5072
405,-0.0590,-0.1019,6.5044
406,-0.0833,-0.0834,6.5036
407,-0.1019,-0.0591,6.5046
408,-0.1132,-0.0306,6.5076
409,-0.0281,-0.1045,6.5557
410,-0.0542,-0.0939,6.5550
411,-0.0766,-0.0767,6.5547
412,-0.0937,-0.0543,6.5551
413,-0.1045,-0.0282,6.5559
414,0.0963,0.3571,5.1589
415,0.1849,0.3194,5.1619
416,0.2608,0.2608,5.1629
417,0.3194,0.1849,5.1619
418,0.3571,0.0963,5.1588
419,0.0888,0.3291,5.3133
420,0.1704,0.2942,5.3172
421,0.2402,0.2402,5.3185
422,0.2942,0.1704,5.3171
423,0.3292,0.0888,5.3131
424,0.0815,0.3019,5.4638
425,0.1563,0.2697,5.4680
426,0.2202,0.2202,5.4694
427,0.2698,0.1563,5.4679
428,0.3019,0.0815,5.4635
429,0.0742,0.2751,5.6121
430,0.1424,0.2458,5.6157
431,0.2007,0.2007,5.6169
432,0.2458,0.1424,5.6156
433,0.2751,0.0743,5.6118
434,0.0672,0.2491,5.7557
435,0.1289,0.2226,5.7592
436,0.1817,0.1817,5.7602
437,0.2226,0.1289,5.7591
438,0.2491,0.0672,5.7555
439,0.0604,0.2236,5.8967
440,0.1158,0.1999,5.8989
441,0.1633,0.1633,5.8997
442,0.2000,0.1158,5.8989
443,0.2236,0.0604,5.8966
444,0.0539,0.1996,6.0296
445,0.1034,0.1785,6.0316
446,0.1457,0.1457,6.0322
447,0.1785,0.1034,6.0316
448,0.1996,0.0539,6.0295
449,0.0476,0.1764,6.1577
450,0.0916,0.1581,6.1574
451,0.1292,0.1292,6.1573
452,0.1581,0.0916,6.1574
453,0.1764,0.0476,6.1576
454,0.0422,0.1565,6.2676
455,0.0812,0.1402,6.2676
456,0.1146,0.1146,6.2675
457,0.1402,0.0812,6.2676
458,0.1565,0.0423,6.2676
459,0.0373,0.1382,6.3688
460,0.0720,0.1244,6.3655
461,0.1017,0.1018,6.3644
462,0.1244,0.0721,6.3655
463,0.1382,0.0373,6.3688
464,0.0337,0.1250,6.4422
465,0.0650,0.1122,6.4406
466,0.0917,0.0918,6.4400
467,0.1122,0.0650,6.4406
468,0.1250,0.0337,6.4423
469,0.0305,0.1133,6.5070
470,0.0590,0.1020,6.5041
471,0.0834,0.0835,6.5032
472,0.1019,0.0591,6.5041
473,0.1133,0.0306,6.5071
474,0.0281,0.1046,6.5557
475,0.0541,0.0939,6.5549
476,0.0766,0.0768,6.5546
477,0.0937,0.0544,6.5549
478,0.1045,0.0283,6.5557
479,0.0798,0.0548,6.6251
480,0.0699,0.0354,6.6620
481,0.0627,0.0630,6.6457
482,0.0389,0.0390,6.6835
483,0.0351,0.0701,6.6621
484,0.0894,0.0303,6.6331
485,0.0543,0.0801,6.6251
486,0.0299,0.0895,6.6330
487,0.0695,0.0700,6.6165
488,-0.0799,-0.0546,6.6251
489,-0.0700,-0.0353,6.6620
490,-0.0628,-0.0630,6.6457
491,-0.0390,-0.0390,6.6834
492,-0.0353,-0.0700,6.6620
493,-0.0894,-0.0302,6.6330
494,-0.0544,-0.0800,6.6251
495,-0.0300,-0.0894,6.6330
496,-0.0696,-0.0699,6.6165
497,-0.0802,0.0542,6.6251
498,-0.0390,0.0388,6.6834
499,-0.0702,0.0350,6.6620
500,-0.0355,0.0699,6.6621
501,-0.0631,0.0626,6.6457
502,-0.0895,0.0299,6.6330
503,-0.0549,0.0797,6.6251
504,-0.0303,0.0893,6.6331
505,-0.0701,0.0694,6.6165
506,0.0801,-0.0543,6.6251
507,0.0354,-0.0699,6.6620
508,0.0630,-0.0627,6.6457
509,0.0390,-0.0389,6.6835
510,0.0701,-0.0351,6.6621
511,0.0895,-0.0299,6.6330
512,0.0548,-0.0798,6.6251
513,0.0303,-0.0894,6.6331
514,0.0700,-0.0695,6.6165
515,0.1053,0.3858,0.2388
516,0.1057,0.3857,0.4826
517,0.1059,0.3856,0.7571
518,0.1059,0.3856,1.0382
519,0.1059,0.3856,1.3250
520,0.1059,0.3856,1.6132
521,0.1059,0.3856,1.9031
522,0.1059,0.3856,2.1933
523,0.1059,0.3856,2.4838
524,0.1059,0.3856,2.7743
525,0.1059,0.3856,3.0648
526,0.1059,0.3856,3.3549
527,0.1059,0.3856,3.6433
528,0.1059,0.3856,3.9305
529,0.1058,0.3856,4.2123
530,0.1057,0.3857,4.4897
531,0.1053,0.3858,4.7465
532,0.2025,0.3448,0.2404
533,0.2031,0.3445,0.4877
534,0.2032,0.3444,0.7587
535,0.2033,0.3443,1.0390
536,0.2033,0.3443,1.3252
537,0.2033,0.3443,1.6134
538,0.2033,0.3443,1.9033
539,0.2033,0.3443,2.1937
540,0.2033,0.3443,2.4843
541,0.2033,0.3443,2.7749
542,0.2033,0.3443,3.0653
543,0.2033,0.3443,3.3552
544,0.2033,0.3443,3.6435
545,0.2033,0.3443,3.9299
546,0.2032,0.3444,4.2112
547,0.2031,0.3445,4.4863
548,0.2024,0.3449,4.7455
549,0.2851,0.2804,0.2408
550,0.2856,0.2798,0.4889
551,0.2857,0.2797,0.7590
552,0.2858,0.2796,1.0390
553,0.2858,0.2796,1.3251
554,0.2858,0.2796,1.6135
555,0.2858,0.2796,1.9035
556,0.2858,0.2796,2.1940
557,0.2858,0.2796,2.4847
558,0.2858,0.2796,2.7755
559,0.2858,0.2796,3.0659
560,0.2858,0.2796,3.3557
561,0.2858,0.2796,3.6438
562,0.2858,0.2796,3.9300
563,0.2857,0.2797,4.2111
564,0.2856,0.2799,4.4854
565,0.2850,0.2805,4.7451
566,0.3478,0.1973,0.2399
567,0.3481,0.1968,0.4867
568,0.3482,0.1966,0.7578
569,0.3482,0.1966,1.0382
570,0.3482,0.1966,1.3247
571,0.3482,0.1965,1.6133
572,0.3482,0.1965,1.9035
573,0.3482,0.1966,2.1943
574,0.3482,0.1966,2.4852
575,0.3482,0.1965,2.7761
576,0.3482,0.1965,3.0665
577,0.3482,0.1965,3.3564
578,0.3482,0.1966,3.6445
579,0.3482,0.1966,3.9307
580,0.3482,0.1966,4.2118
581,0.3481,0.1968,4.4867
582,0.3477,0.1975,4.7456
583,0.3868,0.1016,0.2377
584,0.3869,0.1013,0.4806
585,0.3869,0.1011,0.7553
586,0.3869,0.1011,1.0366
587,0.3869,0.1011,1.3240
588,0.3869,0.1011,1.6128
589,0.3869,0.1011,1.9035
590,0.3869,0.1011,2.1946
591,0.3869,0.1011,2.4857
592,0.3869,0.1011,2.7767
593,0.3869,0.1011,3.0672
594,0.3869,0.1011,3.3573
595,0.3869,0.1011,3.6453
596,0.3869,0.1011,3.9321
597,0.3869,0.1011,4.2134
598,0.3869,0.1013,4.4904
599,0.3868,0.1017,4.7468
600,-0.1017,-0.3868,0.2387
601,-0.1013,-0.3869,0.4823
602,-0.1012,-0.3869,0.7565
603,-0.1011,-0.3869,1.0372
604,-0.1011,-0.3869,1.3235
605,-0.1011,-0.3869,1.6113
606,-0.1011,-0.3869,1.9011
607,-0.1011,-0.3869,2.1913
608,-0.1011,-0.3869,2.4821
609,-0.1011,-0.3869,2.7729
610,-0.1011,-0.3869,3.0636
611,-0.1011,-0.3869,3.3540
612,-0.1011,-0.3869,3.6424
613,-0.1011,-0.3869,3.9297
614,-0.1011,-0.3869,4.2118
615,-0.1013,-0.3869,4.4895
616,-0.1017,-0.3868,4.7464
617,-0.1974,-0.3478,0.2406
618,-0.1968,-0.3481,0.4879
619,-0.1966,-0.3482,0.7587
620,-0.1966,-0.3482,1.0385
621,-0.1966,-0.3482,1.3241
622,-0.1965,-0.3482,1.6117
623,-0.1965,-0.3482,1.9012
624,-0.1966,-0.3482,2.1912
625,-0.1966,-0.3482,2.4818
626,-0.1966,-0.3482,2.7725
627,-0.1965,-0.3482,3.0631
628,-0.1965,-0.3482,3.3532
629,-0.1966,-0.3482,3.6417
630,-0.1966,-0.3482,3.9284
631,-0.1966,-0.3482,4.2102
632,-0.1968,-0.3481,4.4858
633,-0.1974,-0.3478,4.7452
634,-0.2805,-0.2850,0.2414
635,-0.2799,-0.2856,0.4899
636,-0.2797,-0.2857,0.7596
637,-0.2796,-0.2858,1.0390
638,-0.2796,-0.2858,1.3243
639,-0.2796,-0.2858,1.6118
640,-0.2796,-0.2858,1.9011
641,-0.2796,-0.2858,2.1911
642,-0.2796,-0.2858,2.4815
643,-0.2796,-0.2858,2.7721
644,-0.2796,-0.2858,3.0627
645,-0.2796,-0.2858,3.3527
646,-0.2796,-0.2858,3.6412
647,-0.2796,-0.2858,3.9278
648,-0.2797,-0.2857,4.2095
649,-0.2799,-0.2856,4.4844
650,-0.2805,-0.2850,4.7447
651,-0.3449,-0.2023,0.2408
652,-0.3445,-0.2030,0.4884
653,-0.3444,-0.2032,0.7591
654,-0.3443,-0.2033,1.0388
655,-0.3443,-0.2033,1.3243
656,-0.3443,-0.2033,1.6118
657,-0.3443,-0.2033,1.9010
658,-0.3443,-0.2033,2.1909
659,-0.3443,-0.2033,2.4813
660,-0.3443,-0.2033,2.7718
661,-0.3443,-0.2033,3.0623
662,-0.3443,-0.2033,3.3524
663,-0.3443,-0.2033,3.6410
664,-0.3443,-0.2033,3.9278
665,-0.3444,-0.2032,4.2097
666,-0.3445,-0.2031,4.4853
667,-0.3449,-0.2024,4.7449
668,-0.3858,-0.1052,0.2391
669,-0.3857,-0.1057,0.4832
670,-0.3856,-0.1058,0.7573
671,-0.3856,-0.1059,1.0378
672,-0.3856,-0.1059,1.3239
673,-0.3856,-0.1059,1.6114
674,-0.3856,-0.1059,1.9008
675,-0.3856,-0.1059,2.1906
676,-0.3856,-0.1059,2.4809
677,-0.3856,-0.1059,2.7714
678,-0.3856,-0.1059,3.0620
679,-0.3856,-0.1059,3.3523
680,-0.3856,-0.1059,3.6410
681,-0.3856,-0.1059,3.9285
682,-0.3856,-0.1059,4.2108
683,-0.3857,-0.1057,4.4886
684,-0.3858,-0.1053,4.7460
685,-0.1017,0.3868,0.2389
686,-0.1974,0.3478,0.2408
687,-0.2805,0.2850,0.2415
688,-0.3449,0.2024,0.2409
689,-0.3858,0.1053,0.2392
690,-0.1013,0.3869,0.4828
691,-0.1968,0.3481,0.4883
692,-0.2799,0.2856,0.4902
693,-0.3445,0.2030,0.4886
694,-0.3857,0.1057,0.4833
695,-0.1012,0.3869,0.7574
696,-0.1966,0.3482,0.7594
697,-0.2797,0.2857,0.7601
698,-0.3444,0.2032,0.7594
699,-0.3856,0.1058,0.7575
700,-0.1011,0.3869,1.0384
701,-0.1966,0.3482,1.0395
702,-0.2796,0.2858,1.0398
703,-0.3443,0.2033,1.0393
704,-0.3856,0.1059,1.0380
705,-0.1011,0.3869,1.3250
706,-0.1966,0.3482,1.3252
707,-0.2796,0.2858,1.3252
708,-0.3443,0.2033,1.3248
709,-0.3856,0.1059,1.3242
710,-0.1011,0.3869,1.6130
711,-0.1965,0.3482,1.6130
712,-0.2796,0.2858,1.6128
713,-0.3443,0.2033,1.6124
714,-0.3856,0.1059,1.6118
715,-0.1011,0.3869,1.9026
716,-0.1965,0.3482,1.9024
717,-0.2796,0.2858,1.9020
718,-0.3443,0.2033,1.9016
719,-0.3856,0.1059,1.9011
720,-0.1011,0.3869,2.1926
721,-0.1966,0.3482,2.1923
722,-0.2796,0.2858,2.1918
723,-0.3443,0.2033,2.1914
724,-0.3856,0.1059,2.1909
725,-0.1011,0.3869,2.4829
726,-0.1966,0.3482,2.4825
727,-0.2796,0.2858,2.4821
728,-0.3443,0.2033,2.4816
729,-0.3856,0.1059,2.4811
730,-0.1011,0.3869,2.7734
731,-0.1966,0.3482,2.7729
732,-0.2796,0.2858,2.7724
733,-0.3443,0.2033,2.7720
734,-0.3856,0.1059,2.7715
735,-0.1011,0.3869,3.0638
736,-0.1965,0.3482,3.0633
737,-0.2796,0.2858,3.0628
738,-0.3443,0.2033,3.0624
739,-0.3856,0.1059,3.0620
740,-0.1011,0.3869,3.3540
741,-0.1965,0.3482,3.3533
742,-0.2796,0.2858,3.3528
743,-0.3443,0.2033,3.3524
744,-0.3856,0.1059,3.3523
745,-0.1011,0.3869,3.6425
746,-0.1966,0.3482,3.6418
747,-0.2796,0.2858,3.6413
748,-0.3443,0.2033,3.6410
749,-0.3856,0.1059,3.6410
750,-0.1011,0.3869,3.9299
751,-0.1966,0.3482,3.9285
752,-0.2796,0.2858,3.9278
753,-0.3443,0.2033,3.9278
754,-0.3856,0.1059,3.9285
755,-0.1011,0.3869,4.2119
756,-0.1966,0.3482,4.2103
757,-0.2797,0.2857,4.2095
758,-0.3444,0.2032,4.2097
759,-0.3856,0.1059,4.2108
760,-0.1013,0.3869,4.4895
761,-0.1968,0.3481,4.4858
762,-0.2799,0.2856,4.4844
763,-0.3445,0.2031,4.4853
764,-0.3857,0.1057,4.4886
765,-0.1017,0.3868,4.7464
766,-0.1975,0.3477,4.7452
767,-0.2805,0.2850,4.7447
768,-0.3448,0.2025,4.7450
769,-0.3858,0.1053,4.7460
770,0.1053,-0.3858,0.2385
771,0.2025,-0.3448,0.2402
772,0.2851,-0.2804,0.2406
773,0.3478,-0.1973,0.2398
774,0.3868,-0.1016,0.2377
775,0.1057,-0.3857,0.4821
776,0.2031,-0.3445,0.4873
777,0.2856,-0.2798,0.4886
778,0.3481,-0.1968,0.4864
779,0.3869,-0.1013,0.4804
780,0.1059,-0.3856,0.7562
781,0.2032,-0.3444,0.7580
782,0.2857,-0.2797,0.7584
783,0.3482,-0.1966,0.7574
784,0.3869,-0.1011,0.7551
785,0.1059,-0.3856,1.0370
786,0.2033,-0.3443,1.0380
787,0.2858,-0.2796,1.0383
788,0.3482,-0.1966,1.0377
789,0.3869,-0.1011,1.0364
790,0.1059,-0.3856,1.3235
791,0.2033,-0.3443,1.3240
792,0.2858,-0.2796,1.3242
793,0.3482,-0.1966,1.3241
794,0.3869,-0.1011,1.3238
795,0.1059,-0.3856,1.6115
796,0.2033,-0.3443,1.6121
797,0.2858,-0.2796,1.6125
798,0.3482,-0.1965,1.6126
799,0.3869,-0.1011,1.6125
800,0.1059,-0.3856,1.9016
801,0.2033,-0.3443,1.9021
802,0.2858,-0.2796,1.9026
803,0.3482,-0.1965,1.9029
804,0.3869,-0.1011,1.9033
805,0.1059,-0.3856,2.1920
806,0.2033,-0.3443,2.1927
807,0.2858,-0.2796,2.1933
808,0.3482,-0.1966,2.1938
809,0.3869,-0.1011,2.1943
810,0.1059,-0.3856,2.4830
811,0.2033,-0.3443,2.4836
812,0.2858,-0.2796,2.4842
813,0.3482,-0.1966,2.4849
814,0.3869,-0.1011,2.4855
815,0.1059,-0.3856,2.7739
816,0.2033,-0.3443,2.7745
817,0.2858,-0.2796,2.7752
818,0.3482,-0.1965,2.7759
819,0.3869,-0.1011,2.7766
820,0.1059,-0.3856,3.0646
821,0.2033,-0.3443,3.0651
822,0.2858,-0.2796,3.0657
823,0.3482,-0.1965,3.0664
824,0.3869,-0.1011,3.0672
825,0.1059,-0.3856,3.3549
826,0.2033,-0.3443,3.3552
827,0.2858,-0.2796,3.3556
828,0.3482,-0.1965,3.3564
829,0.3869,-0.1011,3.3573
830,0.1059,-0.3856,3.6433
831,0.2033,-0.3443,3.6434
832,0.2858,-0.2796,3.6438
833,0.3482,-0.1966,3.6444
834,0.3869,-0.1011,3.6453
835,0.1059,-0.3856,3.9304
836,0.2033,-0.3443,3.9298
837,0.2858,-0.2796,3.9299
838,0.3482,-0.1966,3.9307
839,0.3869,-0.1011,3.9321
840,0.1058,-0.3856,4.2123
841,0.2032,-0.3444,4.2112
842,0.2857,-0.2797,4.2110
843,0.3482,-0.1966,4.2118
844,0.3869,-0.1012,4.2134
845,0.1057,-0.3857,4.4897
846,0.2031,-0.3445,4.4863
847,0.2856,-0.2799,4.4854
848,0.3481,-0.1968,4.4867
849,0.3869,-0.1013,4.4904
850,0.1053,-0.3858,4.7465
851,0.2024,-0.3449,4.7454
852,0.2850,-0.2805,4.7451
853,0.3477,-0.1975,4.7456
854,0.3868,-0.1017,4.7468
855,0.2187,0.3194,-0.1004
856,0.1559,0.1556,-0.3338
857,0.1415,0.2798,-0.2482
858,0.2803,0.1410,-0.2480
859,0.2519,0.2512,-0.1826
860,0.1209,0.3575,-0.1323
861,0.3201,0.2177,-0.1003
862,0.3578,0.1202,-0.1321
863,0.2794,0.2784,-0.0658
864,-0.3197,-0.2183,-0.1005
865,-0.1204,-0.3576,-0.1323
866,-0.2179,-0.3199,-0.1004
867,-0.2798,-0.1413,-0.2483
868,-0.2514,-0.2516,-0.1827
869,-0.1555,-0.1557,-0.3339
870,-0.1412,-0.2800,-0.2482
871,-0.3575,-0.1206,-0.1324
872,-0.2788,-0.2791,-0.0659
873,-0.3196,0.2183,-0.1004
874,-0.1556,0.1557,-0.3339
875,-0.2798,0.1413,-0.2483
876,-0.1412,0.2799,-0.2482
877,-0.2514,0.2517,-0.1827
878,-0.3575,0.1207,-0.1323
879,-0.2180,0.3199,-0.1004
880,-0.1204,0.3576,-0.1323
881,-0.2787,0.2791,-0.0658
882,0.2794,-0.2785,-0.0658
883,0.1209,-0.3575,-0.1323
884,0.2187,-0.3194,-0.1003
885,0.3577,-0.1203,-0.1321
886,0.3200,-0.2178,-0.1003
887,0.1415,-0.2798,-0.2482
888,0.2519,-0.2513,-0.1826
889,0.1559,-0.1556,-0.3338
890,0.2803,-0.1411,-0.2479
891,0.0983,-0.0128,6.6000
892,0.1006,-0.0268,6.5778
893,0.1064,-0.0140,6.5561
894,0.1041,0.0000,6.5783
895,0.1089,-0.0293,6.5314
896,0.1148,-0.0153,6.5101
897,0.1122,0.0000,6.5348
898,0.1191,-0.0321,6.4747
899,0.1271,-0.0169,6.4433
900,0.1227,0.0000,6.4787
901,0.1316,-0.0355,6.4056
902,0.1402,-0.0187,6.3722
903,0.1356,0.0000,6.4099
904,0.1474,-0.0398,6.3182
905,0.1595,-0.0211,6.2673
906,0.1523,0.0000,6.3212
907,0.1665,-0.0449,6.2126
908,0.1796,-0.0238,6.1580
909,0.1726,0.0000,6.2127
910,0.1880,-0.0507,6.0935
911,0.2037,-0.0269,6.0275
912,0.1952,0.0000,6.0920
913,0.2116,-0.0571,5.9630
914,0.2281,-0.0302,5.8947
915,0.2201,0.0000,5.9593
916,0.2364,-0.0638,5.8259
917,0.2543,-0.0336,5.7523
918,0.2460,0.0000,5.8211
919,0.2622,-0.0708,5.6835
920,0.2808,-0.0371,5.6087
921,0.2730,0.0000,5.6775
922,0.2886,-0.0779,5.5375
923,0.3082,-0.0407,5.4596
924,0.3005,0.0000,5.5308
925,0.3156,-0.0852,5.3881
926,0.3359,-0.0444,5.3095
927,0.3286,0.0000,5.3810
928,0.3431,-0.0925,5.2358
929,0.3642,-0.0481,5.1559
930,0.3570,0.0000,5.2296
931,0.3717,-0.1000,5.0794
932,0.3932,-0.0518,5.0000
933,0.3857,0.0000,5.0765
934,0.0918,-0.0375,6.6000
935,0.0904,-0.0518,6.5774
936,0.0992,-0.0411,6.5553
937,0.0979,-0.0566,6.5295
938,0.1076,-0.0448,6.5056
939,0.1071,-0.0620,6.4724
940,0.1186,-0.0493,6.4415
941,0.1183,-0.0685,6.4031
942,0.1313,-0.0547,6.3672
943,0.1323,-0.0766,6.3166
944,0.1484,-0.0617,6.2676
945,0.1492,-0.0864,6.2125
946,0.1673,-0.0696,6.1575
947,0.1683,-0.0975,6.0944
948,0.1890,-0.0786,6.0304
949,0.1892,-0.1096,5.9650
950,0.2118,-0.0881,5.8975
951,0.2113,-0.1224,5.8287
952,0.2359,-0.0981,5.7570
953,0.2343,-0.1357,5.6869
954,0.2605,-0.1084,5.6134
955,0.2579,-0.1494,5.5413
956,0.2859,-0.1189,5.4654
957,0.2820,-0.1634,5.3922
958,0.3117,-0.1296,5.3149
959,0.3068,-0.1777,5.2393
960,0.3382,-0.1406,5.1602
961,0.3328,-0.1926,5.0809
962,0.3663,-0.1520,5.0000
963,0.0789,-0.0600,6.6000
964,0.0739,-0.0735,6.5773
965,0.0854,-0.0653,6.5547
966,0.0801,-0.0800,6.5289
967,0.0927,-0.0712,6.5037
968,0.0876,-0.0875,6.4717
969,0.1020,-0.0783,6.4404
970,0.0968,-0.0967,6.4023
971,0.1131,-0.0869,6.3650
972,0.1082,-0.1082,6.3160
973,0.1274,-0.0979,6.2676
974,0.1219,-0.1219,6.2124
975,0.1436,-0.1104,6.1573
976,0.1375,-0.1375,6.0947
977,0.1621,-0.1246,6.0317
978,0.1545,-0.1545,5.9657
979,0.1817,-0.1396,5.8990
980,0.1725,-0.1725,5.8295
981,0.2022,-0.1554,5.7592
982,0.1913,-0.1913,5.6880
983,0.2233,-0.1716,5.6157
984,0.2105,-0.2105,5.5425
985,0.2451,-0.1883,5.4682
986,0.2303,-0.2303,5.3934
987,0.2672,-0.2053,5.3175
988,0.2505,-0.2505,5.2404
989,0.2901,-0.2229,5.1622
990,0.2718,-0.2718,5.0813
991,0.3145,-0.2416,5.0000
992,0.0606,-0.0785,6.6000
993,0.0523,-0.0901,6.5774
994,0.0656,-0.0851,6.5547
995,0.0568,-0.0978,6.5295
996,0.0713,-0.0926,6.5037
997,0.0621,-0.1070,6.4724
998,0.0784,-0.1020,6.4404
999,0.0685,-0.1183,6.4031
1000,0.0869,-0.1130,6.3650
1001,0.0766,-0.1323,6.3166
1002,0.0979,-0.1274,6.2676
1003,0.0864,-0.1491,6.2125
1004,0.1104,-0.1436,6.1574
1005,0.0975,-0.1683,6.0944
1006,0.1246,-0.1621,6.0317
1007,0.1096,-0.1893,5.9649
1008,0.1396,-0.1817,5.8989
1009,0.1224,-0.2114,5.8284
1010,0.1554,-0.2022,5.7591
1011,0.1357,-0.2343,5.6866
1012,0.1716,-0.2234,5.6155
1013,0.1494,-0.2579,5.5410
1014,0.1883,-0.2451,5.4680
1015,0.1634,-0.2821,5.3919
1016,0.2053,-0.2673,5.3174
1017,0.1777,-0.3068,5.2391
1018,0.2229,-0.2901,5.1621
1019,0.1926,-0.3328,5.0808
1020,0.2415,-0.3146,5.0000
1021,0.0381,-0.0915,6.6000
1022,0.0271,-0.1005,6.5778
1023,0.0413,-0.0991,6.5553
1024,0.0294,-0.1089,6.5314
1025,0.0449,-0.1076,6.5056
1026,0.0322,-0.1191,6.4747
1027,0.0494,-0.1186,6.4415
1028,0.0355,-0.1316,6.4057
1029,0.0547,-0.1313,6.3673
1030,0.0398,-0.1474,6.3183
1031,0.0617,-0.1484,6.2677
1032,0.0449,-0.1665,6.2127
1033,0.0696,-0.1673,6.1575
1034,0.0507,-0.1880,6.0935
1035,0.0786,-0.1891,6.0304
1036,0.0571,-0.2117,5.9627
1037,0.0881,-0.2119,5.8973
1038,0.0638,-0.2365,5.8254
1039,0.0981,-0.2360,5.7566
1040,0.0708,-0.2623,5.6828
1041,0.1084,-0.2606,5.6128
1042,0.0779,-0.2887,5.5368
1043,0.1189,-0.2860,5.4650
1044,0.0852,-0.3157,5.3876
1045,0.1296,-0.3118,5.3146
1046,0.0926,-0.3432,5.2355
1047,0.1406,-0.3383,5.1601
1048,0.1000,-0.3717,5.0793
1049,0.1520,-0.3663,5.0000
1050,0.0130,-0.0983,6.6000
1051,0.0000,-0.1041,6.5783
1052,0.0141,-0.1063,6.5561
1053,0.0000,-0.1122,6.5349
1054,0.0153,-0.1148,6.5102
1055,0.0000,-0.1227,6.4788
1056,0.0169,-0.1271,6.4434
1057,0.0000,-0.1356,6.4100
1058,0.0187,-0.1401,6.3723
1059,0.0000,-0.1522,6.3214
1060,0.0211,-0.1595,6.2674
1061,0.0000,-0.1726,6.2128
1062,0.0238,-0.1796,6.1581
1063,0.0000,-0.1953,6.0920
1064,0.0269,-0.2037,6.0274
1065,0.0000,-0.2202,5.9589
1066,0.0302,-0.2282,5.8942
1067,0.0000,-0.2462,5.8204
1068,0.0336,-0.2545,5.7516
1069,0.0000,-0.2732,5.6764
1070,0.0372,-0.2810,5.6076
1071,0.0000,-0.3007,5.5297
1072,0.0408,-0.3084,5.4588
1073,0.0000,-0.3287,5.3802
1074,0.0444,-0.3360,5.3090
1075,0.0000,-0.3570,5.2291
1076,0.0481,-0.3642,5.1556
1077,0.0000,-0.3857,5.0764
1078,0.0518,-0.3932,5.0000
1079,-0.0983,0.0128,6.6000
1080,-0.1006,0.0268,6.5780
1081,-0.1063,0.0140,6.5564
1082,-0.1040,-0.0000,6.5784
1083,-0.1089,0.0293,6.5318
1084,-0.1147,0.0152,6.5107
1085,-0.1121,-0.0000,6.5353
1086,-0.1190,0.0321,6.4754
1087,-0.1269,0.0168,6.4443
1088,-0.1226,-0.0000,6.4796
1089,-0.1314,0.0355,6.4066
1090,-0.1399,0.0186,6.3735
1091,-0.1354,-0.0000,6.4112
1092,-0.1471,0.0397,6.3196
1093,-0.1592,0.0211,6.2691
1094,-0.1519,-0.0000,6.3230
1095,-0.1662,0.0448,6.2144
1096,-0.1792,0.0238,6.1602
1097,-0.1722,-0.0000,6.2149
1098,-0.1877,0.0506,6.0956
1099,-0.2032,0.0269,6.0298
1100,-0.1948,-0.0000,6.0945
1101,-0.2113,0.0570,5.9651
1102,-0.2277,0.0301,5.8970
1103,-0.2197,-0.0000,5.9618
1104,-0.2360,0.0637,5.8280
1105,-0.2539,0.0336,5.7545
1106,-0.2456,-0.0000,5.8235
1107,-0.2618,0.0707,5.6855
1108,-0.2804,0.0371,5.6107
1109,-0.2726,-0.0000,5.6797
1110,-0.2883,0.0778,5.5392
1111,-0.3080,0.0407,5.4612
1112,-0.3001,-0.0000,5.5327
1113,-0.3153,0.0851,5.3894
1114,-0.3357,0.0444,5.3106
1115,-0.3283,-0.0000,5.3824
1116,-0.3430,0.0925,5.2367
1117,-0.3641,0.0481,5.1565
1118,-0.3568,-0.0000,5.2304
1119,-0.3716,0.1000,5.0797
1120,-0.3932,0.0519,5.0000
1121,-0.3856,-0.0000,5.0768
1122,-0.0918,0.0375,6.6000
1123,-0.0904,0.0517,6.5775
1124,-0.0992,0.0411,6.5555
1125,-0.0979,0.0565,6.5298
1126,-0.1076,0.0447,6.5061
1127,-0.1070,0.0619,6.4729
1128,-0.1185,0.0493,6.4422
1129,-0.1182,0.0684,6.4039
1130,-0.1311,0.0546,6.3682
1131,-0.1321,0.0765,6.3176
1132,-0.1481,0.0616,6.2690
1133,-0.1489,0.0863,6.2139
1134,-0.1670,0.0695,6.1592
1135,-0.1680,0.0973,6.0960
1136,-0.1887,0.0785,6.0324
1137,-0.1889,0.1095,5.9668
1138,-0.2115,0.0880,5.8995
1139,-0.2110,0.1222,5.8305
1140,-0.2356,0.0980,5.7590
1141,-0.2340,0.1355,5.6887
1142,-0.2602,0.1082,5.6152
1143,-0.2576,0.1492,5.5429
1144,-0.2856,0.1188,5.4669
1145,-0.2818,0.1633,5.3934
1146,-0.3115,0.1296,5.3159
1147,-0.3067,0.1776,5.2401
1148,-0.3381,0.1406,5.1608
1149,-0.3327,0.1926,5.0811
1150,-0.3663,0.1520,5.0000
1151,-0.0790,0.0599,6.6000
1152,-0.0740,0.0734,6.5773
1153,-0.0854,0.0653,6.5549
1154,-0.0801,0.0799,6.5291
1155,-0.0927,0.0711,6.5040
1156,-0.0876,0.0875,6.4720
1157,-0.1019,0.0783,6.4409
1158,-0.0967,0.0967,6.4028
1159,-0.1129,0.0868,6.3658
1160,-0.1081,0.1081,6.3168
1161,-0.1272,0.0978,6.2686
1162,-0.1217,0.1217,6.2135
1163,-0.1434,0.1102,6.1587
1164,-0.1373,0.1373,6.0959
1165,-0.1619,0.1244,6.0333
1166,-0.1543,0.1543,5.9671
1167,-0.1814,0.1394,5.9007
1168,-0.1723,0.1723,5.8311
1169,-0.2020,0.1552,5.7609
1170,-0.1911,0.1911,5.6896
1171,-0.2231,0.1714,5.6174
1172,-0.2103,0.2103,5.5440
1173,-0.2448,0.1881,5.4696
1174,-0.2301,0.2301,5.3946
1175,-0.2671,0.2052,5.3185
1176,-0.2504,0.2505,5.2411
1177,-0.2900,0.2229,5.1627
1178,-0.2717,0.2719,5.0816
1179,-0.3145,0.2417,5.0000
1180,-0.0607,0.0784,6.6000
1181,-0.0524,0.0901,6.5775
1182,-0.0656,0.0851,6.5548
1183,-0.0568,0.0978,6.5296
1184,-0.0713,0.0926,6.5039
1185,-0.0621,0.1070,6.4726
1186,-0.0784,0.1019,6.4407
1187,-0.0685,0.1182,6.4034
1188,-0.0868,0.1130,6.3655
1189,-0.0766,0.1322,6.3171
1190,-0.0978,0.1273,6.2683
1191,-0.0863,0.1490,6.2132
1192,-0.1103,0.1435,6.1583
1193,-0.0974,0.1681,6.0953
1194,-0.1244,0.1619,6.0329
1195,-0.1095,0.1891,5.9661
1196,-0.1394,0.1815,5.9003
1197,-0.1223,0.2111,5.8298
1198,-0.1552,0.2020,5.7606
1199,-0.1356,0.2341,5.6881
1200,-0.1714,0.2231,5.6171
1201,-0.1493,0.2577,5.5425
1202,-0.1881,0.2449,5.4694
1203,-0.1633,0.2819,5.3931
1204,-0.2052,0.2671,5.3183
1205,-0.1776,0.3067,5.2399
1206,-0.2228,0.2901,5.1627
1207,-0.1924,0.3329,5.0811
1208,-0.2414,0.3147,5.0000
1209,-0.0382,0.0915,6.6000
1210,-0.0272,0.1005,6.5778
1211,-0.0414,0.0991,6.5553
1212,-0.0294,0.1089,6.5314
1213,-0.0449,0.1076,6.5057
1214,-0.0322,0.1191,6.4748
1215,-0.0494,0.1185,6.4417
1216,-0.0355,0.1316,6.4057
1217,-0.0547,0.1313,6.3675
1218,-0.0398,0.1473,6.3185
1219,-0.0617,0.1483,6.2681
1220,-0.0449,0.1664,6.2130
1221,-0.0695,0.1672,6.1581
1222,-0.0507,0.1879,6.0940
1223,-0.0786,0.1889,6.0312
1224,-0.0571,0.2115,5.9635
1225,-0.0880,0.2117,5.8984
1226,-0.0638,0.2363,5.8266
1227,-0.0980,0.2358,5.7580
1228,-0.0707,0.2620,5.6843
1229,-0.1083,0.2604,5.6144
1230,-0.0778,0.2884,5.5382
1231,-0.1188,0.2858,5.4663
1232,-0.0851,0.3155,5.3887
1233,-0.1296,0.3116,5.3155
1234,-0.0925,0.3431,5.2362
1235,-0.1405,0.3382,5.1606
1236,-0.0999,0.3717,5.0795
1237,-0.1518,0.3664,5.0000
1238,-0.0130,0.0983,6.6000
1239,-0.0000,0.1041,6.5783
1240,-0.0141,0.1063,6.5561
1241,-0.0000,0.1122,6.5348
1242,-0.0153,0.1148,6.5101
1243,-0.0000,0.1228,6.4787
1244,-0.0169,0.1271,6.4433
1245,-0.0000,0.1357,6.4099
1246,-0.0187,0.1402,6.3722
1247,-0.0000,0.1523,6.3212
1248,-0.0211,0.1595,6.2674
1249,-0.0000,0.1726,6.2127
1250,-0.0238,0.1796,6.1583
1251,-0.0000,0.1952,6.0921
1252,-0.0269,0.2036,6.0279
1253,-0.0000,0.2201,5.9594
1254,-0.0302,0.2280,5.8951
1255,-0.0000,0.2460,5.8213
1256,-0.0336,0.2542,5.7529
1257,-0.0000,0.2729,5.6779
1258,-0.0371,0.2807,5.6093
1259,-0.0000,0.3004,5.5312
1260,-0.0407,0.3082,5.4602
1261,-0.0000,0.3285,5.3813
1262,-0.0444,0.3358,5.3099
1263,-0.0000,0.3569,5.2298
1264,-0.0481,0.3642,5.1561
1265,-0.0000,0.3856,5.0766
1266,-0.0518,0.3932,5.0000
1267,-0.0481,-0.3643,5.1557
1268,-0.0997,-0.3718,5.0793
1269,-0.0517,-0.3932,5.0000
1270,-0.1405,-0.3383,5.1602
1271,-0.1922,-0.3330,5.0809
1272,-0.1515,-0.3665,5.0000
1273,-0.2227,-0.2901,5.1624
1274,-0.2717,-0.2719,5.0815
1275,-0.2412,-0.3148,5.0000
1276,-0.2900,-0.2228,5.1625
1277,-0.3329,-0.1924,5.0811
1278,-0.3146,-0.2415,5.0000
1279,-0.3382,-0.1405,5.1607
1280,-0.3717,-0.0999,5.0796
1281,-0.3664,-0.1517,5.0000
1282,-0.3641,-0.0481,5.1564
1283,-0.3932,-0.0518,5.0000
1284,-0.0444,-0.3360,5.3090
1285,-0.0925,-0.3432,5.2356
1286,-0.1296,-0.3117,5.3148
1287,-0.1776,-0.3068,5.2394
1288,-0.2053,-0.2672,5.3178
1289,-0.2504,-0.2505,5.2408
1290,-0.2671,-0.2053,5.3181
1291,-0.3067,-0.1776,5.2399
1292,-0.3116,-0.1296,5.3157
1293,-0.3430,-0.0925,5.2366
1294,-0.3357,-0.0444,5.3106
1295,-0.0408,-0.3084,5.4589
1296,-0.0852,-0.3156,5.3878
1297,-0.1189,-0.2859,5.4653
1298,-0.1633,-0.2820,5.3924
1299,-0.1882,-0.2450,5.4687
1300,-0.2302,-0.2302,5.3941
1301,-0.2449,-0.1882,5.4691
1302,-0.2819,-0.1633,5.3931
1303,-0.2857,-0.1188,5.4666
1304,-0.3154,-0.0851,5.3893
1305,-0.3080,-0.0407,5.4611
1306,-0.0371,-0.2810,5.6078
1307,-0.0779,-0.2887,5.5371
1308,-0.1084,-0.2606,5.6133
1309,-0.1493,-0.2578,5.5416
1310,-0.1715,-0.2233,5.6163
1311,-0.2104,-0.2104,5.5434
1312,-0.2232,-0.1715,5.6168
1313,-0.2577,-0.1493,5.5425
1314,-0.2603,-0.1083,5.6149
1315,-0.2883,-0.0778,5.5390
1316,-0.2804,-0.0371,5.6106
1317,-0.0336,-0.2544,5.7517
1318,-0.0708,-0.2622,5.6831
1319,-0.0981,-0.2359,5.7571
1320,-0.1357,-0.2342,5.6873
1321,-0.1553,-0.2021,5.7600
1322,-0.1911,-0.1911,5.6890
1323,-0.2020,-0.1552,5.7605
1324,-0.2341,-0.1356,5.6883
1325,-0.2356,-0.0980,5.7587
1326,-0.2618,-0.0707,5.6853
1327,-0.2540,-0.0336,5.7544
1328,-0.0302,-0.2282,5.8944
1329,-0.0638,-0.2364,5.8258
1330,-0.0881,-0.2118,5.8979
1331,-0.1224,-0.2112,5.8292
1332,-0.1395,-0.1815,5.8999
1333,-0.1724,-0.1724,5.8307
1334,-0.1814,-0.1394,5.9004
1335,-0.2111,-0.1223,5.8302
1336,-0.2115,-0.0880,5.8994
1337,-0.2361,-0.0637,5.8279
1338,-0.2277,-0.0301,5.8970
1339,-0.0269,-0.2036,6.0276
1340,-0.0571,-0.2116,5.9631
1341,-0.0786,-0.1890,6.0310
1342,-0.1096,-0.1891,5.9657
1343,-0.1245,-0.1620,6.0327
1344,-0.1544,-0.1544,5.9669
1345,-0.1619,-0.1244,6.0332
1346,-0.1890,-0.1095,5.9667
1347,-0.1887,-0.0785,6.0323
1348,-0.2113,-0.0570,5.9650
1349,-0.2032,-0.0269,6.0298
1350,-0.0238,-0.1796,6.1583
1351,-0.0507,-0.1880,6.0939
1352,-0.0695,-0.1672,6.1581
1353,-0.0974,-0.1682,6.0952
1354,-0.1103,-0.1435,6.1583
1355,-0.1373,-0.1373,6.0959
1356,-0.1434,-0.1102,6.1587
1357,-0.1680,-0.0973,6.0960
1358,-0.1670,-0.0695,6.1592
1359,-0.1877,-0.0506,6.0955
1360,-0.1792,-0.0238,6.1602
1361,-0.0211,-0.1594,6.2676
1362,-0.0449,-0.1664,6.2130
1363,-0.0617,-0.1483,6.2682
1364,-0.0863,-0.1490,6.2132
1365,-0.0978,-0.1273,6.2684
1366,-0.1217,-0.1217,6.2135
1367,-0.1272,-0.0978,6.2687
1368,-0.1489,-0.0863,6.2139
1369,-0.1481,-0.0616,6.2691
1370,-0.1662,-0.0448,6.2144
1371,-0.1592,-0.0211,6.2691
1372,-0.0186,-0.1401,6.3724
1373,-0.0398,-0.1473,6.3186
1374,-0.0546,-0.1312,6.3676
1375,-0.0766,-0.1322,6.3172
1376,-0.0868,-0.1130,6.3656
1377,-0.1080,-0.1081,6.3169
1378,-0.1129,-0.0868,6.3659
1379,-0.1321,-0.0765,6.3177
1380,-0.1311,-0.0546,6.3683
1381,-0.1471,-0.0397,6.3197
1382,-0.1399,-0.0186,6.3736
1383,-0.0169,-0.1270,6.4435
1384,-0.0355,-0.1315,6.4059
1385,-0.0493,-0.1185,6.4418
1386,-0.0685,-0.1182,6.4035
1387,-0.0783,-0.1019,6.4408
1388,-0.0967,-0.0967,6.4029
1389,-0.1019,-0.0783,6.4410
1390,-0.1181,-0.0684,6.4039
1391,-0.1184,-0.0493,6.4423
1392,-0.1314,-0.0355,6.4066
1393,-0.1269,-0.0168,6.4443
1394,-0.0153,-0.1148,6.5102
1395,-0.0321,-0.1191,6.4749
1396,-0.0448,-0.1076,6.5058
1397,-0.0620,-0.1070,6.4727
1398,-0.0712,-0.0927,6.5040
1399,-0.0875,-0.0876,6.4721
1400,-0.0926,-0.0712,6.5041
1401,-0.1070,-0.0620,6.4729
1402,-0.1075,-0.0448,6.5061
1403,-0.1190,-0.0321,6.4754
1404,-0.1147,-0.0153,6.5107
1405,-0.0140,-0.1063,6.5562
1406,-0.0293,-0.1089,6.5315
1407,-0.0411,-0.0992,6.5554
1408,-0.0566,-0.0979,6.5297
1409,-0.0654,-0.0853,6.5549
1410,-0.0800,-0.0801,6.5291
1411,-0.0852,-0.0655,6.5549
1412,-0.0978,-0.0567,6.5298
1413,-0.0991,-0.0413,6.5555
1414,-0.1088,-0.0294,6.5318
1415,-0.1063,-0.0141,6.5564
1416,-0.0128,-0.0983,6.6000
1417,-0.0269,-0.1006,6.5779
1418,-0.0376,-0.0917,6.6000
1419,-0.0519,-0.0903,6.5775
1420,-0.0601,-0.0789,6.6000
1421,-0.0736,-0.0738,6.5774
1422,-0.0786,-0.0605,6.6000
1423,-0.0902,-0.0522,6.5775
1424,-0.0916,-0.0380,6.6000
1425,-0.1005,-0.0271,6.5780
1426,-0.0983,-0.0130,6.6000
1427,0.0481,0.3642,5.1561
1428,0.1000,0.3717,5.0795
1429,0.0518,0.3932,5.0000
1430,0.1406,0.3382,5.1604
1431,0.1926,0.3328,5.0810
1432,0.1520,0.3663,5.0000
1433,0.2228,0.2901,5.1624
1434,0.2718,0.2718,5.0814
1435,0.2416,0.3145,5.0000
1436,0.2901,0.2228,5.1624
1437,0.3328,0.1926,5.0809
1438,0.3146,0.2415,5.0000
1439,0.3382,0.1406,5.1604
1440,0.3717,0.1000,5.0794
1441,0.3663,0.1520,5.0000
1442,0.3642,0.0481,5.1559
1443,0.3932,0.0518,5.0000
1444,0.0444,0.3358,5.3098
1445,0.0925,0.3431,5.2361
1446,0.1296,0.3116,5.3152
1447,0.1777,0.3068,5.2396
1448,0.2053,0.2672,5.3179
1449,0.2505,0.2505,5.2407
1450,0.2672,0.2053,5.3178
1451,0.3068,0.1777,5.2395
1452,0.3117,0.1296,5.3151
1453,0.3431,0.0925,5.2359
1454,0.3359,0.0444,5.3096
1455,0.0407,0.3082,5.4600
1456,0.0851,0.3155,5.3885
1457,0.1189,0.2858,5.4659
1458,0.1633,0.2820,5.3926
1459,0.1882,0.2450,5.4687
1460,0.2302,0.2302,5.3939
1461,0.2450,0.1882,5.4686
1462,0.2820,0.1633,5.3925
1463,0.2859,0.1189,5.4657
1464,0.3156,0.0852,5.3883
1465,0.3082,0.0407,5.4597
1466,0.0371,0.2807,5.6091
1467,0.0779,0.2885,5.5379
1468,0.1083,0.2605,5.6139
1469,0.1493,0.2578,5.5419
1470,0.1715,0.2233,5.6163
1471,0.2105,0.2105,5.5431
1472,0.2233,0.1716,5.6162
1473,0.2578,0.1493,5.5417
1474,0.2605,0.1083,5.6137
1475,0.2885,0.0779,5.5377
1476,0.2808,0.0371,5.6088
1477,0.0336,0.2543,5.7527
1478,0.0707,0.2621,5.6839
1479,0.0981,0.2358,5.7574
1480,0.1357,0.2342,5.6874
1481,0.1553,0.2022,5.7597
1482,0.1912,0.1912,5.6885
1483,0.2022,0.1553,5.7597
1484,0.2342,0.1357,5.6873
1485,0.2359,0.0981,5.7573
1486,0.2621,0.0707,5.6837
1487,0.2543,0.0336,5.7524
1488,0.0302,0.2281,5.8949
1489,0.0638,0.2364,5.8262
1490,0.0881,0.2118,5.8978
1491,0.1224,0.2113,5.8290
1492,0.1395,0.1816,5.8993
1493,0.1725,0.1725,5.8300
1494,0.1816,0.1395,5.8993
1495,0.2113,0.1224,5.8290
1496,0.2118,0.0881,5.8977
1497,0.2364,0.0638,5.8261
1498,0.2281,0.0302,5.8947
1499,0.0269,0.2036,6.0277
1500,0.0571,0.2116,5.9631
1501,0.0786,0.1890,6.0306
1502,0.1096,0.1892,5.9653
1503,0.1245,0.1621,6.0319
1504,0.1545,0.1545,5.9659
1505,0.1621,0.1245,6.0319
1506,0.1892,0.1096,5.9652
1507,0.1890,0.0786,6.0305
1508,0.2116,0.0571,5.9631
1509,0.2036,0.0269,6.0276
1510,0.0238,0.1796,6.1581
1511,0.0507,0.1880,6.0936
1512,0.0696,0.1673,6.1575
1513,0.0975,0.1683,6.0945
1514,0.1104,0.1436,6.1574
1515,0.1374,0.1374,6.0948
1516,0.1436,0.1104,6.1574
1517,0.1683,0.0975,6.0945
1518,0.1673,0.0696,6.1575
1519,0.1880,0.0507,6.0936
1520,0.1796,0.0238,6.1580
1521,0.0211,0.1595,6.2673
1522,0.0449,0.1665,6.2126
1523,0.0617,0.1484,6.2676
1524,0.0864,0.1492,6.2125
1525,0.0979,0.1274,6.2676
1526,0.1219,0.1219,6.2124
1527,0.1274,0.0979,6.2676
1528,0.1492,0.0864,6.2125
1529,0.1484,0.0617,6.2676
1530,0.1665,0.0449,6.2126
1531,0.1595,0.0211,6.2673
1532,0.0187,0.1402,6.3721
1533,0.0398,0.1474,6.3182
1534,0.0547,0.1313,6.3671
1535,0.0766,0.1323,6.3165
1536,0.0869,0.1131,6.3650
1537,0.1082,0.1082,6.3160
1538,0.1131,0.0869,6.3650
1539,0.1323,0.0766,6.3165
1540,0.1313,0.0547,6.3672
1541,0.1474,0.0398,6.3182
1542,0.1402,0.0187,6.3722
1543,0.0169,0.1271,6.4432
1544,0.0355,0.1316,6.4055
1545,0.0493,0.1186,6.4414
1546,0.0685,0.1183,6.4030
1547,0.0784,0.1020,6.4403
1548,0.0967,0.0968,6.4022
1549,0.1020,0.0784,6.4403
1550,0.1183,0.0685,6.4031
1551,0.1186,0.0494,6.4415
1552,0.1316,0.0355,6.4056
1553,0.1271,0.0169,6.4433
1554,0.0153,0.1148,6.5101
1555,0.0321,0.1191,6.4746
1556,0.0448,0.1076,6.5056
1557,0.0620,0.1071,6.4724
1558,0.0712,0.0927,6.5037
1559,0.0876,0.0876,6.4716
1560,0.0926,0.0713,6.5037
1561,0.1071,0.0621,6.4724
1562,0.1076,0.0449,6.5056
1563,0.1191,0.0322,6.4747
1564,0.1148,0.0153,6.5101
1565,0.0140,0.1064,6.5561
1566,0.0293,0.1089,6.5313
1567,0.0411,0.0992,6.5553
1568,0.0566,0.0980,6.5295
1569,0.0653,0.0854,6.5547
1570,0.0800,0.0801,6.5289
1571,0.0851,0.0656,6.5547
1572,0.0978,0.0568,6.5295
1573,0.0991,0.0413,6.5553
1574,0.1089,0.0294,6.5314
1575,0.1063,0.0141,6.5561
1576,0.0128,0.0983,6.6000
1577,0.0268,0.1006,6.5778
1578,0.0375,0.0918,6.6000
1579,0.0518,0.0904,6.5774
1580,0.0600,0.0789,6.6000
1581,0.0735,0.0739,6.5773
1582,0.0785,0.0606,6.6000
1583,0.0901,0.0523,6.5774
1584,0.0915,0.0381,6.6000
1585,0.1005,0.0271,6.5778
1586,0.0983,0.0130,6.6000
1587,0.0831,0.0525,6.6126
1588,0.0846,0.0425,6.6291
1589,0.0930,0.0281,6.6165
1590,0.0909,0.0151,6.6357
1591,0.0962,0.0000,6.6191
1592,0.0796,0.0328,6.6476
1593,0.0703,0.0177,6.6664
1594,0.0815,0.0000,6.6545
1595,0.0712,0.0589,6.6354
1596,0.0663,0.0492,6.6539
1597,0.0746,0.0624,6.6208
1598,0.0619,0.0750,6.6208
1599,0.0585,0.0716,6.6354
1600,0.0544,0.0372,6.6728
1601,0.0386,0.0195,6.6879
1602,0.0545,0.0000,6.6816
1603,0.0489,0.0666,6.6539
1604,0.0370,0.0545,6.6728
1605,0.0421,0.0848,6.6291
1606,0.0325,0.0798,6.6476
1607,0.0194,0.0386,6.6879
1608,0.0000,0.0191,6.6962
1609,0.0191,0.0000,6.6962
1610,0.0175,0.0704,6.6664
1611,0.0000,0.0545,6.6816
1612,0.0150,0.0909,6.6357
1613,0.0000,0.0815,6.6545
1614,0.0700,0.0705,6.6082
1615,0.0519,0.0835,6.6126
1616,0.0278,0.0931,6.6165
1617,-0.0000,0.0962,6.6191
1618,-0.0832,-0.0523,6.6125
1619,-0.0846,-0.0424,6.6290
1620,-0.0930,-0.0280,6.6165
1621,-0.0909,-0.0151,6.6356
1622,-0.0962,-0.0000,6.6191
1623,-0.0797,-0.0328,6.6475
1624,-0.0704,-0.0177,6.6663
1625,-0.0816,0.0000,6.6544
1626,-0.0713,-0.0588,6.6354
1627,-0.0664,-0.0492,6.6538
1628,-0.0747,-0.0623,6.6208
1629,-0.0620,-0.0750,6.6208
1630,-0.0586,-0.0715,6.6354
1631,-0.0545,-0.0371,6.6727
1632,-0.0387,-0.0195,6.6879
1633,-0.0546,0.0000,6.6815
1634,-0.0490,-0.0665,6.6538
1635,-0.0371,-0.0545,6.6727
1636,-0.0422,-0.0847,6.6291
1637,-0.0327,-0.0797,6.6475
1638,-0.0195,-0.0386,6.6879
1639,-0.0000,-0.0191,6.6962
1640,-0.0192,0.0000,6.6962
1641,-0.0176,-0.0704,6.6664
1642,-0.0000,-0.0545,6.6816
1643,-0.0150,-0.0909,6.6357
1644,-0.0000,-0.0815,6.6545
1645,-0.0701,-0.0704,6.6082
1646,-0.0520,-0.0834,6.6126
1647,-0.0278,-0.0930,6.6165
1648,-0.0000,-0.0962,6.6191
1649,-0.0372,0.0544,6.6727
1650,-0.0493,0.0663,6.6539
1651,-0.0666,0.0488,6.6538
1652,-0.0546,0.0369,6.6727
1653,-0.0717,0.0584,6.6354
1654,-0.0848,0.0420,6.6291
1655,-0.0798,0.0325,6.6475
1656,-0.0152,0.0909,6.6357
1657,-0.0329,0.0796,6.6476
1658,-0.0177,0.0703,6.6664
1659,-0.0426,0.0845,6.6291
1660,-0.0590,0.0712,6.6354
1661,-0.0625,0.0745,6.6208
1662,-0.0751,0.0618,6.6208
1663,-0.0282,0.0929,6.6165
1664,-0.0526,0.0831,6.6126
1665,-0.0706,0.0698,6.6083
1666,-0.0836,0.0518,6.6126
1667,-0.0931,0.0277,6.6165
1668,-0.0910,0.0149,6.6356
1669,-0.0195,0.0385,6.6879
1670,-0.0705,0.0175,6.6663
1671,-0.0387,0.0194,6.6879
1672,0.0425,-0.0846,6.6291
1673,0.0589,-0.0712,6.6354
1674,0.0492,-0.0663,6.6539
1675,0.0328,-0.0796,6.6476
1676,0.0624,-0.0746,6.6208
1677,0.0750,-0.0619,6.6208
1678,0.0716,-0.0585,6.6354
1679,0.0177,-0.0703,6.6664
1680,0.0372,-0.0544,6.6728
1681,0.0195,-0.0386,6.6879
1682,0.0666,-0.0489,6.6539
1683,0.0545,-0.0370,6.6728
1684,0.0848,-0.0421,6.6291
1685,0.0798,-0.0325,6.6476
1686,0.0386,-0.0194,6.6879
1687,0.0704,-0.0175,6.6664
1688,0.0909,-0.0150,6.6357
1689,0.0931,-0.0278,6.6165
1690,0.0835,-0.0519,6.6126
1691,0.0705,-0.0700,6.6082
1692,0.0151,-0.0909,6.6357
1693,0.0525,-0.0831,6.6126
1694,0.0281,-0.0930,6.6165
1695,0.0000,0.4000,0.1181
1696,0.0527,0.3929,0.2375
1697,0.1046,0.3860,0.1194
1698,0.0519,0.3931,0.0000
1699,0.0000,0.4000,0.3543
1700,0.0529,0.3928,0.4775
1701,0.1055,0.3857,0.3607
1702,0.0000,0.4000,0.6135
1703,0.0529,0.3928,0.7558
1704,0.1058,0.3857,0.6199
1705,0.0000,0.4000,0.8956
1706,0.0529,0.3928,1.0374
1707,0.1059,0.3856,0.8977
1708,0.0000,0.4000,1.1806
1709,0.0529,0.3928,1.3249
1710,0.1059,0.3856,1.1816
1711,0.0000,0.4000,1.4687
1712,0.0529,0.3928,1.6130
1713,0.1059,0.3856,1.4691
1714,0.0000,0.4000,1.7578
1715,0.0529,0.3928,1.9030
1716,0.1059,0.3856,1.7582
1717,0.0000,0.4000,2.0479
1718,0.0529,0.3928,2.1931
1719,0.1059,0.3856,2.0482
1720,0.0000,0.4000,2.3381
1721,0.0529,0.3928,2.4836
1722,0.1059,0.3856,2.3386
1723,0.0000,0.4000,2.6286
1724,0.0529,0.3928,2.7741
1725,0.1059,0.3856,2.6291
1726,0.0000,0.4000,2.9191
1727,0.0529,0.3928,3.0646
1728,0.1059,0.3856,2.9196
1729,0.0000,0.4000,3.2096
1730,0.0529,0.3928,3.3549
1731,0.1059,0.3856,3.2099
1732,0.0000,0.4000,3.4991
1733,0.0529,0.3928,3.6434
1734,0.1059,0.3856,3.4991
1735,0.0000,0.4000,3.7876
1736,0.0529,0.3928,3.9312
1737,0.1059,0.3856,3.7869
1738,0.0000,0.4000,4.0730
1739,0.0529,0.3928,4.2132
1740,0.1059,0.3856,4.0714
1741,0.0000,0.4000,4.3551
1742,0.0529,0.3928,4.4929
1743,0.1058,0.3857,4.3510
1744,0.0000,0.4000,4.6222
1745,0.0527,0.3929,4.7473
1746,0.1055,0.3857,4.6181
1747,-0.0000,0.4000,4.8741
1748,0.1045,0.3861,4.8733
1749,0.1539,0.3653,0.2396
1750,0.2015,0.3455,0.1202
1751,0.1521,0.3662,0.0000
1752,0.1544,0.3651,0.4852
1753,0.2028,0.3446,0.3641
1754,0.1545,0.3650,0.7579
1755,0.2032,0.3444,0.6232
1756,0.1546,0.3650,1.0386
1757,0.2033,0.3443,0.8989
1758,0.1546,0.3650,1.3251
1759,0.2033,0.3443,1.1821
1760,0.1546,0.3650,1.6133
1761,0.2033,0.3443,1.4693
1762,0.1546,0.3650,1.9032
1763,0.2033,0.3443,1.7584
1764,0.1546,0.3650,2.1935
1765,0.2033,0.3443,2.0485
1766,0.1546,0.3650,2.4841
1767,0.2033,0.3443,2.3390
1768,0.1546,0.3650,2.7746
1769,0.2033,0.3443,2.6296
1770,0.1546,0.3650,3.0650
1771,0.2033,0.3443,2.9201
1772,0.1546,0.3650,3.3551
1773,0.2033,0.3443,3.2102
1774,0.1546,0.3650,3.6434
1775,0.2033,0.3443,3.4993
1776,0.1546,0.3650,3.9302
1777,0.2033,0.3443,3.7867
1778,0.1545,0.3650,4.2118
1779,0.2032,0.3443,4.0706
1780,0.1544,0.3651,4.4880
1781,0.2031,0.3444,4.3488
1782,0.1539,0.3653,4.7460
1783,0.2027,0.3447,4.6159
1784,0.2013,0.3456,4.8727
1785,0.2438,0.3126,0.2406
1786,0.2843,0.2813,0.1204
1787,0.2420,0.3142,0.0000
1788,0.2443,0.3121,0.4883
1789,0.2853,0.2801,0.3649
1790,0.2445,0.3120,0.7588
1791,0.2857,0.2798,0.6239
1792,0.2445,0.3120,1.0390
1793,0.2858,0.2797,0.8990
1794,0.2445,0.3120,1.3252
1795,0.2858,0.2796,1.1821
1796,0.2445,0.3120,1.6135
1797,0.2858,0.2796,1.4693
1798,0.2445,0.3120,1.9034
1799,0.2858,0.2796,1.7585
1800,0.2445,0.3120,2.1938
1801,0.2858,0.2796,2.0487
1802,0.2445,0.3120,2.4845
1803,0.2858,0.2796,2.3394
1804,0.2445,0.3120,2.7752
1805,0.2858,0.2796,2.6301
1806,0.2445,0.3120,3.0656
1807,0.2858,0.2796,2.9207
1808,0.2445,0.3120,3.3554
1809,0.2858,0.2796,3.2108
1810,0.2445,0.3120,3.6436
1811,0.2858,0.2796,3.4998
1812,0.2445,0.3120,3.9299
1813,0.2858,0.2796,3.7869
1814,0.2445,0.3120,4.2111
1815,0.2858,0.2797,4.0705
1816,0.2443,0.3122,4.4859
1817,0.2857,0.2798,4.3482
1818,0.2437,0.3127,4.7453
1819,0.2853,0.2802,4.6153
1820,0.2839,0.2817,4.8726
1821,0.3165,0.2388,0.2403
1822,0.3474,0.1982,0.1199
1823,0.3152,0.2406,0.0000
1824,0.3168,0.2383,0.4878
1825,0.3480,0.1970,0.3633
1826,0.3170,0.2381,0.7584
1827,0.3481,0.1967,0.6222
1828,0.3170,0.2381,1.0386
1829,0.3482,0.1966,0.8980
1830,0.3170,0.2381,1.3249
1831,0.3482,0.1966,1.1815
1832,0.3170,0.2381,1.6134
1833,0.3482,0.1965,1.4690
1834,0.3170,0.2381,1.9035
1835,0.3482,0.1965,1.7584
1836,0.3170,0.2381,2.1941
1837,0.3482,0.1965,2.0489
1838,0.3170,0.2381,2.4850
1839,0.3482,0.1966,2.3398
1840,0.3170,0.2381,2.7758
1841,0.3482,0.1966,2.6306
1842,0.3170,0.2381,3.0662
1843,0.3482,0.1965,2.9213
1844,0.3170,0.2381,3.3560
1845,0.3482,0.1965,3.2115
1846,0.3170,0.2381,3.6441
1847,0.3482,0.1965,3.5004
1848,0.3170,0.2381,3.9303
1849,0.3482,0.1966,3.7876
1850,0.3170,0.2381,4.2114
1851,0.3482,0.1966,4.0712
1852,0.3168,0.2383,4.4861
1853,0.3481,0.1967,4.3493
1854,0.3163,0.2390,4.7454
1855,0.3479,0.1971,4.6162
1856,0.3470,0.1989,4.8728
1857,0.3673,0.1495,0.2388
1858,0.3867,0.1023,0.1189
1859,0.3667,0.1510,0.0000
1860,0.3675,0.1490,0.4836
1861,0.3868,0.1014,0.3591
1862,0.3675,0.1489,0.7565
1863,0.3869,0.1012,0.6179
1864,0.3676,0.1488,1.0374
1865,0.3869,0.1011,0.8959
1866,0.3676,0.1488,1.3244
1867,0.3869,0.1011,1.1803
1868,0.3676,0.1488,1.6131
1869,0.3869,0.1011,1.4684
1870,0.3676,0.1488,1.9035
1871,0.3869,0.1011,1.7582
1872,0.3676,0.1488,2.1944
1873,0.3869,0.1011,2.0491
1874,0.3676,0.1488,2.4854
1875,0.3869,0.1011,2.3401
1876,0.3676,0.1488,2.7764
1877,0.3869,0.1011,2.6312
1878,0.3676,0.1488,3.0669
1879,0.3869,0.1011,2.9220
1880,0.3676,0.1488,3.3569
1881,0.3869,0.1011,3.2123
1882,0.3676,0.1488,3.6449
1883,0.3869,0.1011,3.5013
1884,0.3676,0.1488,3.9314
1885,0.3869,0.1011,3.7887
1886,0.3675,0.1489,4.2126
1887,0.3869,0.1011,4.0728
1888,0.3675,0.1490,4.4886
1889,0.3869,0.1012,4.3519
1890,0.3672,0.1496,4.7462
1891,0.3868,0.1015,4.6186
1892,0.3866,0.1027,4.8734
1893,0.3934,0.0508,0.2362
1894,0.4000,0.0000,0.1174
1895,0.3933,0.0515,0.0000
1896,0.3934,0.0506,0.4750
1897,0.4000,0.0000,0.3521
1898,0.3934,0.0506,0.7536
1899,0.4000,0.0000,0.6107
1900,0.3935,0.0506,1.0354
1901,0.4000,0.0000,0.8930
1902,0.3935,0.0506,1.3236
1903,0.4000,0.0000,1.1787
1904,0.3935,0.0506,1.6125
1905,0.4000,0.0000,1.4677
1906,0.3935,0.0506,1.9035
1907,0.4000,0.0000,1.7579
1908,0.3935,0.0506,2.1947
1909,0.4000,0.0000,2.0492
1910,0.3935,0.0506,2.4859
1911,0.4000,0.0000,2.3405
1912,0.3935,0.0506,2.7771
1913,0.4000,0.0000,2.6318
1914,0.3935,0.0506,3.0676
1915,0.4000,0.0000,2.9227
1916,0.3935,0.0506,3.3579
1917,0.4000,0.0000,3.2133
1918,0.3935,0.0506,3.6459
1919,0.4000,0.0000,3.5025
1920,0.3935,0.0506,3.9332
1921,0.4000,0.0000,3.7903
1922,0.3934,0.0506,4.2145
1923,0.4000,0.0000,4.0749
1924,0.3934,0.0506,4.4937
1925,0.4000,0.0000,4.3563
1926,0.3934,0.0509,4.7477
1927,0.4000,0.0000,4.6228
1928,0.4000,0.0000,4.8743
1929,-0.0000,-0.4000,0.1180
1930,-0.0508,-0.3934,0.2373
1931,-0.1024,-0.3866,0.1193
1932,-0.0516,-0.3932,0.0000
1933,-0.0000,-0.4000,0.3539
1934,-0.0506,-0.3934,0.4770
1935,-0.1015,-0.3868,0.3605
1936,-0.0000,-0.4000,0.6127
1937,-0.0506,-0.3934,0.7550
1938,-0.1012,-0.3869,0.6194
1939,-0.0000,-0.4000,0.8943
1940,-0.0506,-0.3935,1.0361
1941,-0.1011,-0.3869,0.8969
1942,-0.0000,-0.4000,1.1790
1943,-0.0506,-0.3935,1.3232
1944,-0.1011,-0.3869,1.1804
1945,-0.0000,-0.4000,1.4667
1946,-0.0506,-0.3935,1.6110
1947,-0.1011,-0.3869,1.4674
1948,-0.0000,-0.4000,1.7558
1949,-0.0506,-0.3935,1.9010
1950,-0.1011,-0.3869,1.7562
1951,-0.0000,-0.4000,2.0462
1952,-0.0506,-0.3935,2.1913
1953,-0.1011,-0.3869,2.0462
1954,-0.0000,-0.4000,2.3368
1955,-0.0506,-0.3935,2.4822
1956,-0.1011,-0.3869,2.3367
1957,-0.0000,-0.4000,2.6278
1958,-0.0506,-0.3935,2.7731
1959,-0.1011,-0.3869,2.6275
1960,-0.0000,-0.4000,2.9187
1961,-0.0506,-0.3935,3.0638
1962,-0.1011,-0.3869,2.9182
1963,-0.0000,-0.4000,3.2095
1964,-0.0506,-0.3935,3.3544
1965,-0.1011,-0.3869,3.2088
1966,-0.0000,-0.4000,3.4991
1967,-0.0506,-0.3935,3.6429
1968,-0.1011,-0.3869,3.4982
1969,-0.0000,-0.4000,3.7875
1970,-0.0506,-0.3935,3.9307
1971,-0.1011,-0.3869,3.7861
1972,-0.0000,-0.4000,4.0729
1973,-0.0506,-0.3934,4.2129
1974,-0.1011,-0.3869,4.0708
1975,-0.0000,-0.4000,4.3551
1976,-0.0506,-0.3934,4.4928
1977,-0.1012,-0.3869,4.3506
1978,-0.0000,-0.4000,4.6222
1979,-0.0508,-0.3934,4.7472
1980,-0.1015,-0.3868,4.6179
1981,-0.0000,-0.4000,4.8741
1982,-0.1025,-0.3866,4.8732
1983,-0.1495,-0.3673,0.2396
1984,-0.1984,-0.3473,0.1203
1985,-0.1512,-0.3666,0.0000
1986,-0.1490,-0.3675,0.4851
1987,-0.1971,-0.3479,0.3643
1988,-0.1489,-0.3675,0.7576
1989,-0.1967,-0.3481,0.6233
1990,-0.1488,-0.3676,1.0378
1991,-0.1966,-0.3482,0.8986
1992,-0.1488,-0.3676,1.3238
1993,-0.1966,-0.3482,1.1813
1994,-0.1488,-0.3676,1.6115
1995,-0.1966,-0.3482,1.4679
1996,-0.1488,-0.3676,1.9011
1997,-0.1965,-0.3482,1.7564
1998,-0.1488,-0.3676,2.1913
1999,-0.1966,-0.3482,2.0462
2000,-0.1488,-0.3676,2.4819
2001,-0.1966,-0.3482,2.3365
2002,-0.1488,-0.3676,2.7727
2003,-0.1966,-0.3482,2.6272
2004,-0.1488,-0.3676,3.0633
2005,-0.1965,-0.3482,2.9178
2006,-0.1488,-0.3676,3.3536
2007,-0.1965,-0.3482,3.2082
2008,-0.1488,-0.3676,3.6421
2009,-0.1965,-0.3482,3.4975
2010,-0.1488,-0.3676,3.9291
2011,-0.1966,-0.3482,3.7851
2012,-0.1489,-0.3675,4.2110
2013,-0.1966,-0.3482,4.0693
2014,-0.1490,-0.3675,4.4876
2015,-0.1967,-0.3481,4.3480
2016,-0.1495,-0.3673,4.7458
2017,-0.1971,-0.3479,4.6155
2018,-0.1985,-0.3472,4.8726
2019,-0.2390,-0.3164,0.2410
2020,-0.2816,-0.2840,0.1207
2021,-0.2410,-0.3149,0.0000
2022,-0.2383,-0.3168,0.4889
2023,-0.2802,-0.2853,0.3656
2024,-0.2382,-0.3170,0.7591
2025,-0.2798,-0.2856,0.6247
2026,-0.2381,-0.3170,1.0388
2027,-0.2797,-0.2857,0.8993
2028,-0.2381,-0.3170,1.3242
2029,-0.2796,-0.2858,1.1817
2030,-0.2381,-0.3170,1.6118
2031,-0.2796,-0.2858,1.4681
2032,-0.2381,-0.3170,1.9011
2033,-0.2796,-0.2858,1.7565
2034,-0.2381,-0.3170,2.1912
2035,-0.2796,-0.2858,2.0461
2036,-0.2381,-0.3170,2.4817
2037,-0.2796,-0.2858,2.3363
2038,-0.2381,-0.3170,2.7723
2039,-0.2796,-0.2858,2.6268
2040,-0.2381,-0.3170,3.0629
2041,-0.2796,-0.2858,2.9174
2042,-0.2381,-0.3170,3.3530
2043,-0.2796,-0.2858,3.2077
2044,-0.2381,-0.3170,3.6415
2045,-0.2796,-0.2858,3.4970
2046,-0.2381,-0.3170,3.9281
2047,-0.2796,-0.2858,3.7845
2048,-0.2381,-0.3170,4.2098
2049,-0.2797,-0.2858,4.0686
2050,-0.2383,-0.3168,4.4851
2051,-0.2798,-0.2857,4.3470
2052,-0.2389,-0.3164,4.7449
2053,-0.2802,-0.2853,4.6145
2054,-0.2816,-0.2840,4.8723
2055,-0.3127,-0.2437,0.2411
2056,-0.3457,-0.2011,0.1204
2057,-0.3146,-0.2414,0.0000
2058,-0.3122,-0.2443,0.4891
2059,-0.3447,-0.2027,0.3646
2060,-0.3120,-0.2445,0.7593
2061,-0.3444,-0.2031,0.6238
2062,-0.3120,-0.2445,1.0389
2063,-0.3443,-0.2032,0.8990
2064,-0.3120,-0.2445,1.3243
2065,-0.3443,-0.2033,1.1815
2066,-0.3120,-0.2445,1.6118
2067,-0.3443,-0.2033,1.4680
2068,-0.3120,-0.2445,1.9011
2069,-0.3443,-0.2033,1.7564
2070,-0.3120,-0.2445,2.1910
2071,-0.3443,-0.2033,2.0460
2072,-0.3120,-0.2445,2.4814
2073,-0.3443,-0.2033,2.3361
2074,-0.3120,-0.2445,2.7719
2075,-0.3443,-0.2033,2.6265
2076,-0.3120,-0.2445,3.0625
2077,-0.3443,-0.2033,2.9170
2078,-0.3120,-0.2445,3.3526
2079,-0.3443,-0.2033,3.2074
2080,-0.3120,-0.2445,3.6411
2081,-0.3443,-0.2033,3.4967
2082,-0.3120,-0.2445,3.9278
2083,-0.3443,-0.2033,3.7844
2084,-0.3120,-0.2445,4.2096
2085,-0.3443,-0.2032,4.0687
2086,-0.3122,-0.2443,4.4849
2087,-0.3444,-0.2031,4.3475
2088,-0.3127,-0.2437,4.7448
2089,-0.3447,-0.2027,4.6151
2090,-0.3456,-0.2012,4.8725
2091,-0.3654,-0.1538,0.2400
2092,-0.3861,-0.1043,0.1196
2093,-0.3665,-0.1516,0.0000
2094,-0.3651,-0.1544,0.4858
2095,-0.3858,-0.1055,0.3612
2096,-0.3650,-0.1545,0.7582
2097,-0.3857,-0.1058,0.6203
2098,-0.3650,-0.1546,1.0383
2099,-0.3856,-0.1059,0.8975
2100,-0.3650,-0.1546,1.3241
2101,-0.3856,-0.1059,1.1809
2102,-0.3650,-0.1546,1.6116
2103,-0.3856,-0.1059,1.4677
2104,-0.3650,-0.1546,1.9009
2105,-0.3856,-0.1059,1.7561
2106,-0.3650,-0.1546,2.1908
2107,-0.3856,-0.1059,2.0457
2108,-0.3650,-0.1546,2.4811
2109,-0.3856,-0.1059,2.3358
2110,-0.3650,-0.1546,2.7716
2111,-0.3856,-0.1059,2.6262
2112,-0.3650,-0.1546,3.0621
2113,-0.3856,-0.1059,2.9167
2114,-0.3650,-0.1546,3.3524
2115,-0.3856,-0.1059,3.2071
2116,-0.3650,-0.1546,3.6410
2117,-0.3856,-0.1059,3.4966
2118,-0.3650,-0.1546,3.9281
2119,-0.3856,-0.1059,3.7847
2120,-0.3650,-0.1545,4.2102
2121,-0.3856,-0.1059,4.0696
2122,-0.3651,-0.1544,4.4870
2123,-0.3857,-0.1058,4.3497
2124,-0.3653,-0.1539,4.7455
2125,-0.3857,-0.1055,4.6173
2126,-0.3861,-0.1044,4.8730
2127,-0.3929,-0.0526,0.2378
2128,-0.4000,0.0000,0.1183
2129,-0.3932,-0.0517,0.0000
2130,-0.3928,-0.0529,0.4781
2131,-0.4000,0.0000,0.3548
2132,-0.3928,-0.0529,0.7559
2133,-0.4000,0.0000,0.6138
2134,-0.3928,-0.0529,1.0369
2135,-0.4000,0.0000,0.8952
2136,-0.3928,-0.0529,1.3237
2137,-0.4000,0.0000,1.1797
2138,-0.3928,-0.0529,1.6112
2139,-0.4000,0.0000,1.4672
2140,-0.3928,-0.0529,1.9007
2141,-0.4000,0.0000,1.7557
2142,-0.3928,-0.0529,2.1904
2143,-0.4000,0.0000,2.0454
2144,-0.3928,-0.0529,2.4808
2145,-0.4000,0.0000,2.3355
2146,-0.3928,-0.0529,2.7712
2147,-0.4000,0.0000,2.6258
2148,-0.3928,-0.0529,3.0618
2149,-0.4000,0.0000,2.9163
2150,-0.3928,-0.0529,3.3524
2151,-0.4000,0.0000,3.2071
2152,-0.3928,-0.0529,3.6411
2153,-0.4000,0.0000,3.4968
2154,-0.3928,-0.0529,3.9292
2155,-0.4000,0.0000,3.7855
2156,-0.3928,-0.0529,4.2116
2157,-0.4000,0.0000,4.0712
2158,-0.3928,-0.0529,4.4919
2159,-0.4000,0.0000,4.3538
2160,-0.3929,-0.0526,4.7468
2161,-0.4000,0.0000,4.6213
2162,-0.4000,0.0000,4.8738
2163,-0.0516,0.3932,0.0000
2164,-0.1025,0.3866,0.1195
2165,-0.0508,0.3934,0.2376
2166,-0.1513,0.3666,0.0000
2167,-0.1984,0.3472,0.1204
2168,-0.1496,0.3673,0.2399
2169,-0.2410,0.3149,0.0000
2170,-0.2816,0.2840,0.1208
2171,-0.2390,0.3164,0.2412
2172,-0.3145,0.2415,0.0000
2173,-0.3457,0.2012,0.1205
2174,-0.3127,0.2437,0.2412
2175,-0.3664,0.1518,0.0000
2176,-0.3861,0.1044,0.1196
2177,-0.3654,0.1538,0.2400
2178,-0.3932,0.0518,0.0000
2179,-0.3929,0.0526,0.2378
2180,-0.1015,0.3868,0.3609
2181,-0.0506,0.3934,0.4776
2182,-0.1971,0.3479,0.3646
2183,-0.1490,0.3675,0.4856
2184,-0.2802,0.2853,0.3658
2185,-0.2383,0.3168,0.4892
2186,-0.3447,0.2027,0.3648
2187,-0.3122,0.2443,0.4894
2188,-0.3858,0.1055,0.3612
2189,-0.3651,0.1544,0.4860
2190,-0.3928,0.0529,0.4782
2191,-0.1012,0.3869,0.6201
2192,-0.0506,0.3934,0.7560
2193,-0.1967,0.3481,0.6239
2194,-0.1489,0.3675,0.7584
2195,-0.2798,0.2856,0.6251
2196,-0.2382,0.3170,0.7598
2197,-0.3444,0.2031,0.6240
2198,-0.3120,0.2445,0.7598
2199,-0.3857,0.1058,0.6204
2200,-0.3650,0.1545,0.7585
2201,-0.3928,0.0529,0.7560
2202,-0.1011,0.3869,0.8979
2203,-0.0506,0.3935,1.0375
2204,-0.1966,0.3482,0.8994
2205,-0.1488,0.3676,1.0389
2206,-0.2797,0.2858,0.8999
2207,-0.2381,0.3170,1.0396
2208,-0.3443,0.2032,0.8994
2209,-0.3120,0.2445,1.0395
2210,-0.3856,0.1059,0.8977
2211,-0.3650,0.1546,1.0387
2212,-0.3928,0.0529,1.0370
2213,-0.1011,0.3869,1.1817
2214,-0.0506,0.3935,1.3249
2215,-0.1966,0.3482,1.1823
2216,-0.1488,0.3676,1.3251
2217,-0.2796,0.2858,1.1825
2218,-0.2381,0.3170,1.3252
2219,-0.3443,0.2033,1.1821
2220,-0.3120,0.2445,1.3250
2221,-0.3856,0.1059,1.1811
2222,-0.3650,0.1546,1.3245
2223,-0.3928,0.0529,1.3238
2224,-0.1011,0.3869,1.4690
2225,-0.0506,0.3935,1.6129
2226,-0.1966,0.3482,1.4691
2227,-0.1488,0.3676,1.6130
2228,-0.2796,0.2858,1.4690
2229,-0.2381,0.3170,1.6129
2230,-0.3443,0.2033,1.4686
2231,-0.3120,0.2445,1.6126
2232,-0.3856,0.1059,1.4680
2233,-0.3650,0.1546,1.6121
2234,-0.3928,0.0529,1.6113
2235,-0.1011,0.3869,1.7578
2236,-0.0506,0.3935,1.9027
2237,-0.1965,0.3482,1.7577
2238,-0.1488,0.3676,1.9025
2239,-0.2796,0.2858,1.7574
2240,-0.2381,0.3170,1.9022
2241,-0.3443,0.2033,1.7570
2242,-0.3120,0.2445,1.9018
2243,-0.3856,0.1059,1.7564
2244,-0.3650,0.1546,1.9014
2245,-0.3928,0.0529,1.9008
2246,-0.1011,0.3869,2.0476
2247,-0.0506,0.3935,2.1928
2248,-0.1966,0.3482,2.0473
2249,-0.1488,0.3676,2.1924
2250,-0.2796,0.2858,2.0469
2251,-0.2381,0.3170,2.1920
2252,-0.3443,0.2033,2.0465
2253,-0.3120,0.2445,2.1916
2254,-0.3856,0.1059,2.0460
2255,-0.3650,0.1546,2.1911
2256,-0.3928,0.0529,2.1906
2257,-0.1011,0.3869,2.3378
2258,-0.0506,0.3935,2.4832
2259,-0.1966,0.3482,2.3374
2260,-0.1488,0.3676,2.4827
2261,-0.2796,0.2858,2.3370
2262,-0.2381,0.3170,2.4823
2263,-0.3443,0.2033,2.3365
2264,-0.3120,0.2445,2.4818
2265,-0.3856,0.1059,2.3360
2266,-0.3650,0.1546,2.4814
2267,-0.3928,0.0529,2.4809
2268,-0.1011,0.3869,2.6281
2269,-0.0506,0.3935,2.7736
2270,-0.1966,0.3482,2.6277
2271,-0.1488,0.3676,2.7731
2272,-0.2796,0.2858,2.6272
2273,-0.2381,0.3170,2.7727
2274,-0.3443,0.2033,2.6268
2275,-0.3120,0.2445,2.7722
2276,-0.3856,0.1059,2.6263
2277,-0.3650,0.1546,2.7717
2278,-0.3928,0.0529,2.7712
2279,-0.1011,0.3869,2.9186
2280,-0.0506,0.3935,3.0641
2281,-0.1965,0.3482,2.9181
2282,-0.1488,0.3676,3.0635
2283,-0.2796,0.2858,2.9176
2284,-0.2381,0.3170,3.0630
2285,-0.3443,0.2033,2.9172
2286,-0.3120,0.2445,3.0626
2287,-0.3856,0.1059,2.9168
2288,-0.3650,0.1546,3.0622
2289,-0.3928,0.0529,3.0619
2290,-0.1011,0.3869,3.2089
2291,-0.0506,0.3935,3.3544
2292,-0.1965,0.3482,3.2083
2293,-0.1488,0.3676,3.3536
2294,-0.2796,0.2858,3.2078
2295,-0.2381,0.3170,3.3530
2296,-0.3443,0.2033,3.2074
2297,-0.3120,0.2445,3.3526
2298,-0.3856,0.1059,3.2072
2299,-0.3650,0.1546,3.3524
2300,-0.3928,0.0529,3.3524
2301,-0.1011,0.3869,3.4982
2302,-0.0506,0.3935,3.6429
2303,-0.1965,0.3482,3.4975
2304,-0.1488,0.3676,3.6421
2305,-0.2796,0.2858,3.4970
2306,-0.2381,0.3170,3.6415
2307,-0.3443,0.2033,3.4967
2308,-0.3120,0.2445,3.6411
2309,-0.3856,0.1059,3.4967
2310,-0.3650,0.1546,3.6410
2311,-0.3928,0.0529,3.6411
2312,-0.1011,0.3869,3.7862
2313,-0.0506,0.3935,3.9309
2314,-0.1966,0.3482,3.7851
2315,-0.1488,0.3676,3.9292
2316,-0.2796,0.2858,3.7846
2317,-0.2381,0.3170,3.9282
2318,-0.3443,0.2033,3.7844
2319,-0.3120,0.2445,3.9278
2320,-0.3856,0.1059,3.7847
2321,-0.3650,0.1546,3.9282
2322,-0.3928,0.0529,3.9292
2323,-0.1011,0.3869,4.0709
2324,-0.0506,0.3934,4.2130
2325,-0.1966,0.3482,4.0694
2326,-0.1489,0.3675,4.2111
2327,-0.2797,0.2858,4.0687
2328,-0.2381,0.3170,4.2099
2329,-0.3443,0.2032,4.0688
2330,-0.3120,0.2445,4.2096
2331,-0.3856,0.1059,4.0696
2332,-0.3650,0.1545,4.2102
2333,-0.3928,0.0529,4.2116
2334,-0.1012,0.3869,4.3507
2335,-0.0506,0.3934,4.4929
2336,-0.1967,0.3481,4.3480
2337,-0.1490,0.3675,4.4876
2338,-0.2798,0.2857,4.3470
2339,-0.2383,0.3168,4.4851
2340,-0.3444,0.2031,4.3475
2341,-0.3122,0.2443,4.4849
2342,-0.3857,0.1058,4.3497
2343,-0.3651,0.1544,4.4870
2344,-0.3928,0.0529,4.4919
2345,-0.1015,0.3868,4.6179
2346,-0.0509,0.3934,4.7472
2347,-0.1971,0.3479,4.6155
2348,-0.1496,0.3673,4.7458
2349,-0.2802,0.2853,4.6146
2350,-0.2390,0.3164,4.7449
2351,-0.3447,0.2028,4.6151
2352,-0.3127,0.2437,4.7448
2353,-0.3857,0.1055,4.6173
2354,-0.3653,0.1539,4.7455
2355,-0.3929,0.0527,4.7468
2356,-0.1026,0.3866,4.8732
2357,-0.1988,0.3471,4.8726
2358,-0.2816,0.2840,4.8723
2359,-0.3455,0.2014,4.8725
2360,-0.3861,0.1045,4.8730
2361,0.0519,-0.3931,0.0000
2362,0.1046,-0.3860,0.1192
2363,0.0527,-0.3929,0.2372
2364,0.1521,-0.3662,0.0000
2365,0.2015,-0.3455,0.1201
2366,0.1539,-0.3653,0.2393
2367,0.2419,-0.3142,0.0000
2368,0.2842,-0.2814,0.1203
2369,0.2438,-0.3126,0.2404
2370,0.3151,-0.2408,0.0000
2371,0.3473,-0.1983,0.1199
2372,0.3164,-0.2389,0.2402
2373,0.3667,-0.1511,0.0000
2374,0.3866,-0.1024,0.1188
2375,0.3673,-0.1495,0.2387
2376,0.3932,-0.0515,0.0000
2377,0.3934,-0.0508,0.2362
2378,0.1055,-0.3857,0.3603
2379,0.0529,-0.3928,0.4770
2380,0.2028,-0.3446,0.3637
2381,0.1544,-0.3651,0.4847
2382,0.2853,-0.2801,0.3646
2383,0.2443,-0.3121,0.4879
2384,0.3479,-0.1971,0.3631
2385,0.3168,-0.2383,0.4875
2386,0.3868,-0.1014,0.3591
2387,0.3675,-0.1490,0.4834
2388,0.3934,-0.0506,0.4750
2389,0.1058,-0.3857,0.6192
2390,0.0529,-0.3928,0.7549
2391,0.2031,-0.3444,0.6226
2392,0.1545,-0.3650,0.7571
2393,0.2857,-0.2798,0.6235
2394,0.2445,-0.3120,0.7582
2395,0.3481,-0.1967,0.6219
2396,0.3170,-0.2381,0.7579
2397,0.3869,-0.1012,0.6178
2398,0.3675,-0.1489,0.7563
2399,0.3934,-0.0506,0.7535
2400,0.1059,-0.3856,0.8966
2401,0.0529,-0.3928,1.0360
2402,0.2032,-0.3443,0.8980
2403,0.1546,-0.3650,1.0375
2404,0.2858,-0.2797,0.8984
2405,0.2445,-0.3120,1.0382
2406,0.3482,-0.1966,0.8976
2407,0.3170,-0.2381,1.0380
2408,0.3869,-0.1011,0.8957
2409,0.3676,-0.1488,1.0371
2410,0.3935,-0.0506,1.0353
2411,0.1059,-0.3856,1.1803
2412,0.0529,-0.3928,1.3232
2413,0.2033,-0.3443,1.1810
2414,0.1546,-0.3650,1.3238
2415,0.2858,-0.2796,1.1813
2416,0.2445,-0.3120,1.3241
2417,0.3482,-0.1966,1.1809
2418,0.3170,-0.2381,1.3242
2419,0.3869,-0.1011,1.1801
2420,0.3676,-0.1488,1.3239
2421,0.3935,-0.0506,1.3235
2422,0.1059,-0.3856,1.4675
2423,0.0529,-0.3928,1.6111
2424,0.2033,-0.3443,1.4681
2425,0.1546,-0.3650,1.6118
2426,0.2858,-0.2796,1.4684
2427,0.2445,-0.3120,1.6123
2428,0.3482,-0.1965,1.4684
2429,0.3170,-0.2381,1.6126
2430,0.3869,-0.1011,1.4681
2431,0.3676,-0.1488,1.6126
2432,0.3935,-0.0506,1.6124
2433,0.1059,-0.3856,1.7565
2434,0.0529,-0.3928,1.9013
2435,0.2033,-0.3443,1.7571
2436,0.1546,-0.3650,1.9018
2437,0.2858,-0.2796,1.7575
2438,0.2445,-0.3120,1.9023
2439,0.3482,-0.1965,1.7578
2440,0.3170,-0.2381,1.9028
2441,0.3869,-0.1011,1.7579
2442,0.3676,-0.1488,1.9031
2443,0.3935,-0.0506,1.9034
2444,0.1059,-0.3856,2.0468
2445,0.0529,-0.3928,2.1917
2446,0.2033,-0.3443,2.0474
2447,0.1546,-0.3650,2.1924
2448,0.2858,-0.2796,2.0479
2449,0.2445,-0.3120,2.1930
2450,0.3482,-0.1965,2.0484
2451,0.3170,-0.2381,2.1935
2452,0.3869,-0.1011,2.0488
2453,0.3676,-0.1488,2.1941
2454,0.3935,-0.0506,2.1946
2455,0.1059,-0.3856,2.3375
2456,0.0529,-0.3928,2.4826
2457,0.2033,-0.3443,2.3381
2458,0.1546,-0.3650,2.4833
2459,0.2858,-0.2796,2.3387
2460,0.2445,-0.3120,2.4839
2461,0.3482,-0.1966,2.3393
2462,0.3170,-0.2381,2.4845
2463,0.3869,-0.1011,2.3399
2464,0.3676,-0.1488,2.4852
2465,0.3935,-0.0506,2.4858
2466,0.1059,-0.3856,2.6284
2467,0.0529,-0.3928,2.7736
2468,0.2033,-0.3443,2.6290
2469,0.1546,-0.3650,2.7742
2470,0.2858,-0.2796,2.6297
2471,0.2445,-0.3120,2.7748
2472,0.3482,-0.1966,2.6304
2473,0.3170,-0.2381,2.7755
2474,0.3869,-0.1011,2.6311
2475,0.3676,-0.1488,2.7763
2476,0.3935,-0.0506,2.7771
2477,0.1059,-0.3856,2.9192
2478,0.0529,-0.3928,3.0644
2479,0.2033,-0.3443,2.9198
2480,0.1546,-0.3650,3.0649
2481,0.2858,-0.2796,2.9204
2482,0.2445,-0.3120,3.0654
2483,0.3482,-0.1965,2.9211
2484,0.3170,-0.2381,3.0661
2485,0.3869,-0.1011,2.9219
2486,0.3676,-0.1488,3.0668
2487,0.3935,-0.0506,3.0676
2488,0.1059,-0.3856,3.2097
2489,0.0529,-0.3928,3.3549
2490,0.2033,-0.3443,3.2101
2491,0.1546,-0.3650,3.3550
2492,0.2858,-0.2796,3.2107
2493,0.2445,-0.3120,3.3554
2494,0.3482,-0.1965,3.2114
2495,0.3170,-0.2381,3.3560
2496,0.3869,-0.1011,3.2123
2497,0.3676,-0.1488,3.3568
2498,0.3935,-0.0506,3.3579
2499,0.1059,-0.3856,3.4991
2500,0.0529,-0.3928,3.6433
2501,0.2033,-0.3443,3.4993
2502,0.1546,-0.3650,3.6433
2503,0.2858,-0.2796,3.4997
2504,0.2445,-0.3120,3.6436
2505,0.3482,-0.1965,3.5004
2506,0.3170,-0.2381,3.6441
2507,0.3869,-0.1011,3.5013
2508,0.3676,-0.1488,3.6449
2509,0.3935,-0.0506,3.6458
2510,0.1059,-0.3856,3.7868
2511,0.0529,-0.3928,3.9311
2512,0.2033,-0.3443,3.7866
2513,0.1546,-0.3650,3.9301
2514,0.2858,-0.2796,3.7868
2515,0.2445,-0.3120,3.9299
2516,0.3482,-0.1966,3.7875
2517,0.3170,-0.2381,3.9303
2518,0.3869,-0.1011,3.7887
2519,0.3676,-0.1488,3.9314
2520,0.3935,-0.0506,3.9331
2521,0.1059,-0.3856,4.0713
2522,0.0529,-0.3928,4.2131
2523,0.2032,-0.3443,4.0705
2524,0.1545,-0.3650,4.2117
2525,0.2858,-0.2797,4.0705
2526,0.2445,-0.3120,4.2111
2527,0.3482,-0.1966,4.0712
2528,0.3170,-0.2381,4.2114
2529,0.3869,-0.1011,4.0727
2530,0.3675,-0.1489,4.2126
2531,0.3934,-0.0506,4.2145
2532,0.1058,-0.3857,4.3510
2533,0.0529,-0.3928,4.4929
2534,0.2031,-0.3444,4.3488
2535,0.1544,-0.3651,4.4880
2536,0.2857,-0.2798,4.3482
2537,0.2443,-0.3122,4.4859
2538,0.3481,-0.1967,4.3492
2539,0.3168,-0.2383,4.4861
2540,0.3869,-0.1012,4.3519
2541,0.3675,-0.1490,4.4885
2542,0.3934,-0.0506,4.4937
2543,0.1055,-0.3857,4.6181
2544,0.0527,-0.3929,4.7473
2545,0.2027,-0.3447,4.6159
2546,0.1539,-0.3653,4.7460
2547,0.2853,-0.2802,4.6153
2548,0.2437,-0.3127,4.7453
2549,0.3479,-0.1971,4.6162
2550,0.3163,-0.2390,4.7454
2551,0.3868,-0.1015,4.6186
2552,0.3672,-0.1496,4.7462
2553,0.3934,-0.0509,4.7477
2554,0.1045,-0.3861,4.8733
2555,0.2013,-0.3456,4.8727
2556,0.2839,-0.2817,4.8726
2557,0.3470,-0.1989,4.8728
2558,0.3865,-0.1027,4.8734
2559,0.1487,0.2177,-0.2910
2560,0.1967,0.2655,-0.2154
2561,0.2661,0.1961,-0.2153
2562,0.2181,0.1483,-0.2909
2563,0.1312,0.3186,-0.1902
2564,0.1698,0.3384,-0.1163
2565,0.2353,0.2853,-0.1415
2566,0.2816,0.0705,-0.2653
2567,0.3190,0.1306,-0.1900
2568,0.3637,0.0601,-0.1425
2569,0.3263,0.0000,-0.2178
2570,0.2860,0.2344,-0.1415
2571,0.3389,0.1690,-0.1162
2572,0.2491,0.2989,-0.0831
2573,0.2998,0.2481,-0.0831
2574,0.3721,0.1116,-0.0660
2575,0.3848,0.0000,-0.0765
2576,0.3335,0.2083,-0.0502
2577,0.2814,0.2803,-0.0329
2578,0.2096,0.3328,-0.0502
2579,0.1123,0.3719,-0.0661
2580,0.0604,0.3634,-0.1428
2581,0.0000,0.3847,-0.0767
2582,0.1546,0.0778,-0.3516
2583,0.2181,0.0000,-0.3261
2584,0.0000,0.3259,-0.2184
2585,0.0708,0.2811,-0.2658
2586,0.0000,0.2176,-0.3265
2587,0.0780,0.1542,-0.3517
2588,0.0000,0.0764,-0.3848
2589,0.0766,0.0000,-0.3848
2590,-0.3331,-0.2090,-0.0502
2591,-0.2992,-0.2487,-0.0832
2592,-0.2807,-0.2811,-0.0329
2593,-0.3258,0.0000,-0.2185
2594,-0.2810,-0.0707,-0.2659
2595,-0.3187,-0.1310,-0.1903
2596,-0.3634,-0.0603,-0.1429
2597,-0.2656,-0.1965,-0.2155
2598,-0.2855,-0.2350,-0.1416
2599,-0.3386,-0.1695,-0.1164
2600,-0.2347,-0.2858,-0.1416
2601,-0.2484,-0.2995,-0.0832
2602,-0.2174,0.0000,-0.3266
2603,-0.1541,-0.0778,-0.3518
2604,-0.2177,-0.1485,-0.2911
2605,-0.1483,-0.2178,-0.2911
2606,-0.1963,-0.2658,-0.2155
2607,-0.1308,-0.3188,-0.1902
2608,-0.1692,-0.3387,-0.1164
2609,-0.0763,0.0000,-0.3849
2610,-0.0000,-0.0764,-0.3848
2611,-0.0778,-0.1542,-0.3518
2612,-0.0000,-0.2176,-0.3265
2613,-0.0706,-0.2812,-0.2657
2614,-0.0000,-0.3259,-0.2183
2615,-0.0602,-0.3635,-0.1428
2616,-0.0000,-0.3847,-0.0767
2617,-0.1118,-0.3720,-0.0661
2618,-0.2086,-0.3333,-0.0502
2619,-0.3720,-0.1120,-0.0662
2620,-0.3847,0.0000,-0.0768
2621,-0.2177,0.1485,-0.2911
2622,-0.2656,0.1965,-0.2155
2623,-0.1963,0.2658,-0.2155
2624,-0.1484,0.2178,-0.2911
2625,-0.3186,0.1310,-0.1903
2626,-0.3386,0.1695,-0.1164
2627,-0.2855,0.2350,-0.1416
2628,-0.0706,0.2811,-0.2658
2629,-0.1308,0.3188,-0.1903
2630,-0.0602,0.3635,-0.1428
2631,-0.2347,0.2858,-0.1416
2632,-0.1692,0.3387,-0.1164
2633,-0.2992,0.2487,-0.0831
2634,-0.2484,0.2995,-0.0831
2635,-0.1118,0.3720,-0.0661
2636,-0.2087,0.3333,-0.0502
2637,-0.2807,0.2811,-0.0329
2638,-0.3330,0.2092,-0.0502
2639,-0.3719,0.1121,-0.0662
2640,-0.3634,0.0603,-0.1429
2641,-0.0778,0.1542,-0.3518
2642,-0.2810,0.0707,-0.2659
2643,-0.1541,0.0778,-0.3518
2644,0.0604,-0.3635,-0.1428
2645,0.1123,-0.3719,-0.0661
2646,0.1698,-0.3385,-0.1163
2647,0.2096,-0.3328,-0.0502
2648,0.2490,-0.2990,-0.0831
2649,0.2814,-0.2804,-0.0329
2650,0.0708,-0.2811,-0.2657
2651,0.1312,-0.3187,-0.1902
2652,0.1967,-0.2655,-0.2154
2653,0.2353,-0.2853,-0.1415
2654,0.2860,-0.2345,-0.1414
2655,0.2997,-0.2481,-0.0831
2656,0.0780,-0.1542,-0.3517
2657,0.1487,-0.2177,-0.2910
2658,0.2181,-0.1483,-0.2909
2659,0.2661,-0.1962,-0.2153
2660,0.3190,-0.1307,-0.1900
2661,0.3389,-0.1690,-0.1162
2662,0.1546,-0.0778,-0.3516
2663,0.2816,-0.0705,-0.2653
2664,0.3637,-0.0602,-0.1425
2665,0.3721,-0.1117,-0.0660
2666,0.3335,-0.2085,-0.0502
ELEMENTS
888
1,1,15,219,50,891,892,893,894
2,50,219,220,43,893,895,896,897
3,43,220,221,49,896,898,899,900
4,49,221,222,42,899,901,902,903
5,42,222,223,48,902,904,905,906
6,48,223,224,41,905,907,908,909
7,41,224,225,47,908,910,911,912
8,47,225,226,40,911,913,914,915
9,40,226,227,46,914,916,917,918
10,46,227,228,39,917,919,920,921
11,39,228,229,45,920,922,923,924
12,45,229,230,38,923,925,926,927
13,38,230,231,44,926,928,929,930
14,44,231,35,4,929,931,932,933
15,15,18,232,219,934,935,936,892
16,219,232,233,220,936,937,938,895
17,220,233,234,221,938,939,940,898
18,221,234,235,222,940,941,942,901
19,222,235,236,223,942,943,944,904
20,223,236,237,224,944,945,946,907
21,224,237,238,225,946,947,948,910
22,225,238,239,226,948,949,950,913
23,226,239,240,227,950,951,952,916
24,227,240,241,228,952,953,954,919
25,228,241,242,229,954,955,956,922
26,229,242,243,230,956,957,958,925
27,230,243,244,231,958,959,960,928
28,231,244,37,35,960,961,962,931
29,18,16,245,232,963,964,965,935
30,232,245,246,233,965,966,967,937
31,233,246,247,234,967,968,969,939
32,234,247,248,235,969,970,971,941
33,235,248,249,236,971,972,973,943
34,236,249,250,237,973,974,975,945
35,237,250,251,238,975,976,977,947
36,238,251,252,239,977,978,979,949
37,239,252,253,240,979,980,981,951
38,240,253,254,241,981,982,983,953
39,241,254,255,242,983,984,985,955
40,242,255,256,243,985,986,987,957
41,243,256,257,244,987,988,989,959
42,244,257,34,37,989,990,991,961
43,16,19,258,245,992,993,994,964
44,245,258,259,246,994,995,996,966
45,246,259,260,247,996,997,998,968
46,247,260,261,248,998,999,1000,970
47,248,261,262,249,1000,1001,1002,972
48,249,262,263,250,1002,1003,1004,974
49,250,263,264,251,1004,1005,1006,976
50,251,264,265,252,1006,1007,1008,978
51,252,265,266,253,1008,1009,1010,980
52,253,266,267,254,1010,1011,1012,982
53,254,267,268,255,1012,1013,1014,984
54,255,268,269,256,1014,1015,1016,986
55,256,269,270,257,1016,1017,1018,988
56,257,270,36,34,1018,1019,1020,990
57,19,17,271,258,1021,1022,1023,993
58,258,271,272,259,1023,1024,1025,995
59,259,272,273,260,1025,1026,1027,997
60,260,273,274,261,1027,1028,1029,999
61,261,274,275,262,1029,1030,1031,1001
62,262,275,276,263,1031,1032,1033,1003
63,263,276,277,264,1033,1034,1035,1005
64,264,277,278,265,1035,1036,1037,1007
65,265,278,279,266,1037,1038,1039,1009
66,266,279,280,267,1039,1040,1041,1011
67,267,280,281,268,1041,1042,1043,1013
68,268,281,282,269,1043,1044,1045,1015
69,269,282,283,270,1045,1046,1047,1017
70,270,283,33,36,1047,1048,1049,1019
71,17,2,32,271,1050,1051,1052,1022
72,271,32,25,272,1052,1053,1054,1024
73,272,25,31,273,1054,1055,1056,1026
74,273,31,24,274,1056,1057,1058,1028
75,274,24,30,275,1058,1059,1060,1030
76,275,30,23,276,1060,1061,1062,1032
77,276,23,29,277,1062,1063,1064,1034
78,277,29,22,278,1064,1065,1066,1036
79,278,22,28,279,1066,1067,1068,1038
80,279,28,21,280,1068,1069,1070,1040
81,280,21,27,281,1070,1071,1072,1042
82,281,27,20,282,1072,1073,1074,1044
83,282,20,26,283,1074,1075,1076,1046
84,283,26,3,33,1076,1077,1078,1048
85,5,51,284,86,1079,1080,1081,1082
86,86,284,285,79,1081,1083,1084,1085
87,79,285,286,85,1084,1086,1087,1088
88,85,286,287,78,1087,1089,1090,1091
89,78,287,288,84,1090,1092,1093,1094
90,84,288,289,77,1093,1095,1096,1097
91,77,289,290,83,1096,1098,1099,1100
92,83,290,291,76,1099,1101,1102,1103
93,76,291,292,82,1102,1104,1105,1106
94,82,292,293,75,1105,1107,1108,1109
95,75,293,294,81,1108,1110,1111,1112
96,81,294,295,74,1111,1113,1114,1115
97,74,295,296,80,1114,1116,1117,1118
98,80,296,71,8,1117,1119,1120,1121
99,51,54,297,284,1122,1123,1124,1080
100,284,297,298,285,1124,1125,1126,1083
101,285,298,299,286,1126,1127,1128,1086
102,286,299,300,287,1128,1129,1130,1089
103,287,300,301,288,1130,1131,1132,1092
104,288,301,302,289,1132,1133,1134,1095
105,289,302,303,290,1134,1135,1136,1098
106,290,303,304,291,1136,1137,1138,1101
107,291,304,305,292,1138,1139,1140,1104
108,292,305,306,293,1140,1141,1142,1107
109,293,306,307,294,1142,1143,1144,1110
110,294,307,308,295,1144,1145,1146,1113
111,295,308,309,296,1146,1147,1148,1116
112,296,309,73,71,1148,1149,1150,1119
113,54,52,310,297,1151,1152,1153,1123
114,297,310,311,298,1153,1154,1155,1125
115,298,311,312,299,1155,1156,1157,1127
116,299,312,313,300,1157,1158,1159,1129
117,300,313,314,301,1159,1160,1161,1131
118,301,314,315,302,1161,1162,1163,1133
119,302,315,316,303,1163,1164,1165,1135
120,303,316,317,304,1165,1166,1167,1137
121,304,317,318,305,1167,1168,1169,1139
122,305,318,319,306,1169,1170,1171,1141
123,306,319,320,307,1171,1172,1173,1143
124,307,320,321,308,1173,1174,1175,1145
125,308,321,322,309,1175,1176,1177,1147
126,309,322,70,73,1177,1178,1179,1149
127,52,55,323,310,1180,1181,1182,1152
128,310,323,324,311,1182,1183,1184,1154
129,311,324,325,312,1184,1185,1186,1156
130,312,325,326,313,1186,1187,1188,1158
131,313,326,327,314,1188,1189,1190,1160
132,314,327,328,315,1190,1191,1192,1162
133,315,328,329,316,1192,1193,1194,1164
134,316,329,330,317,1194,1195,1196,1166
135,317,330,331,318,1196,1197,1198,1168
136,318,331,332,319,1198,1199,1200,1170
137,319,332,333,320,1200,1201,1202,1172
138,320,333,334,321,1202,1203,1204,1174
139,321,334,335,322,1204,1205,1206,1176
140,322,335,72,70,1206,1207,1208,1178
141,55,53,336,323,1209,1210,1211,1181
142,323,336,337,324,1211,1212,1213,1183
143,324,337,338,325,1213,1214,1215,1185
144,325,338,339,326,1215,1216,1217,1187
145,326,339,340,327,1217,1218,1219,1189
146,327,340,341,328,1219,1220,1221,1191
147,328,341,342,329,1221,1222,1223,1193
148,329,342,343,330,1223,1224,1225,1195
149,330,343,344,331,1225,1226,1227,1197
150,331,344,345,332,1227,1228,1229,1199
151,332,345,346,333,1229,1230,1231,1201
152,333,346,347,334,1231,1232,1233,1203
153,334,347,348,335,1233,1234,1235,1205
154,335,348,69,72,1235,1236,1237,1207
155,53,6,68,336,1238,1239,1240,1210
156,336,68,61,337,1240,1241,1242,1212
157,337,61,67,338,1242,1243,1244,1214
158,338,67,60,339,1244,1245,1246,1216
159,339,60,66,340,1246,1247,1248,1218
160,340,66,59,341,1248,1249,1250,1220
161,341,59,65,342,1250,1251,1252,1222
162,342,65,58,343,1252,1253,1254,1224
163,343,58,64,344,1254,1255,1256,1226
164,344,64,57,345,1256,1257,1258,1228
165,345,57,63,346,1258,1259,1260,1230
166,346,63,56,347,1260,1261,1262,1232
167,347,56,62,348,1262,1263,1264,1234
168,348,62,7,69,1264,1265,1266,1236
169,3,26,349,94,1077,1267,1268,1269
170,94,349,350,96,1268,1270,1271,1272
171,96,350,351,93,1271,1273,1274,1275
172,93,351,352,95,1274,1276,1277,1278
173,95,352,353,92,1277,1279,1280,1281
174,92,353,80,8,1280,1282,1121,1283
175,26,20,354,349,1075,1284,1285,1267
176,349,354,355,350,1285,1286,1287,1270
177,350,355,356,351,1287,1288,1289,1273
178,351,356,357,352,1289,1290,1291,1276
179,352,357,358,353,1291,1292,1293,1279
180,353,358,74,80,1293,1294,1118,1282
181,20,27,359,354,1073,1295,1296,1284
182,354,359,360,355,1296,1297,1298,1286
183,355,360,361,356,1298,1299,1300,1288
184,356,361,362,357,1300,1301,1302,1290
185,357,362,363,358,1302,1303,1304,1292
186,358,363,81,74,1304,1305,1115,1294
187,27,21,364,359,1071,1306,1307,1295
188,359,364,365,360,1307,1308,1309,1297
189,360,365,366,361,1309,1310,1311,1299
190,361,366,367,362,1311,1312,1313,1301
191,362,367,368,363,1313,1314,1315,1303
192,363,368,75,81,1315,1316,1112,1305
193,21,28,369,364,1069,1317,1318,1306
194,364,369,370,365,1318,1319,1320,1308
195,365,370,371,366,1320,1321,1322,1310
196,366,371,372,367,1322,1323,1324,1312
197,367,372,373,368,1324,1325,1326,1314
198,368,373,82,75,1326,1327,1109,1316
199,28,22,374,369,1067,1328,1329,1317
200,369,374,375,370,1329,1330,1331,1319
201,370,375,376,371,1331,1332,1333,1321
202,371,376,377,372,1333,1334,1335,1323
203,372,377,378,373,1335,1336,1337,1325
204,373,378,76,82,1337,1338,1106,1327
205,22,29,379,374,1065,1339,1340,1328
206,374,379,380,375,1340,1341,1342,1330
207,375,380,381,376,1342,1343,1344,1332
208,376,381,382,377,1344,1345,1346,1334
209,377,382,383,378,1346,1347,1348,1336
210,378,383,83,76,1348,1349,1103,1338
211,29,23,384,379,1063,1350,1351,1339
212,379,384,385,380,1351,1352,1353,1341
213,380,385,386,381,1353,1354,1355,1343
214,381,386,387,382,1355,1356,1357,1345
215,382,387,388,383,1357,1358,1359,1347
216,383,388,77,83,1359,1360,1100,1349
217,23,30,389,384,1061,1361,1362,1350
218,384,389,390,385,1362,1363,1364,1352
219,385,390,391,386,1364,1365,1366,1354
220,386,391,392,387,1366,1367,1368,1356
221,387,392,393,388,1368,1369,1370,1358
222,388,393,84,77,1370,1371,1097,1360
223,30,24,394,389,1059,1372,1373,1361
224,389,394,395,390,1373,1374,1375,1363
225,390,395,396,391,1375,1376,1377,1365
226,391,396,397,392,1377,1378,1379,1367
227,392,397,398,393,1379,1380,1381,1369
228,393,398,78,84,1381,1382,1094,1371
229,24,31,399,394,1057,1383,1384,1372
230,394,399,400,395,1384,1385,1386,1374
231,395,400,401,396,1386,1387,1388,1376
232,396,401,402,397,1388,1389,1390,1378
233,397,402,403,398,1390,1391,1392,1380
234,398,403,85,78,1392,1393,1091,1382
235,31,25,404,399,1055,1394,1395,1383
236,399,404,405,400,1395,1396,1397,1385
237,400,405,406,401,1397,1398,1399,1387
238,401,406,407,402,1399,1400,1401,1389
239,402,407,408,403,1401,1402,1403,1391
240,403,408,79,85,1403,1404,1088,1393
241,25,32,409,404,1053,1405,1406,1394
242,404,409,410,405,1406,1407,1408,1396
243,405,410,411,406,1408,1409,1410,1398
244,406,411,412,407,1410,1411,1412,1400
245,407,412,413,408,1412,1413,1414,1402
246,408,413,86,79,1414,1415,1085,1404
247,32,2,87,409,1051,1416,1417,1405
248,409,87,90,410,1417,1418,1419,1407
249,410,90,88,411,1419,1420,1421,1409
250,411,88,91,412,1421,1422,1423,1411
251,412,91,89,413,1423,1424,1425,1413
252,413,89,5,86,1425,1426,1082,1415
253,7,62,414,104,1265,1427,1428,1429
254,104,414,415,106,1428,1430,1431,1432
255,106,415,416,103,1431,1433,1434,1435
256,103,416,417,105,1434,1436,1437,1438
257,105,417,418,102,1437,1439,1440,1441
258,102,418,44,4,1440,1442,933,1443
259,62,56,419,414,1263,1444,1445,1427
260,414,419,420,415,1445,1446,1447,1430
261,415,420,421,416,1447,1448,1449,1433
262,416,421,422,417,1449,1450,1451,1436
263,417,422,423,418,1451,1452,1453,1439
264,418,423,38,44,1453,1454,930,1442
265,56,63,424,419,1261,1455,1456,1444
266,419,424,425,420,1456,1457,1458,1446
267,420,425,426,421,1458,1459,1460,1448
268,421,426,427,422,1460,1461,1462,1450
269,422,427,428,423,1462,1463,1464,1452
270,423,428,45,38,1464,1465,927,1454
271,63,57,429,424,1259,1466,1467,1455
272,424,429,430,425,1467,1468,1469,1457
273,425,430,431,426,1469,1470,1471,1459
274,426,431,432,427,1471,1472,1473,1461
275,427,432,433,428,1473,1474,1475,1463
276,428,433,39,45,1475,1476,924,1465
277,57,64,434,429,1257,1477,1478,1466
278,429,434,435,430,1478,1479,1480,1468
279,430,435,436,431,1480,1481,1482,1470
280,431,436,437,432,1482,1483,1484,1472
281,432,437,438,433,1484,1485,1486,1474
282,433,438,46,39,1486,1487,921,1476
283,64,58,439,434,1255,1488,1489,1477
284,434,439,440,435,1489,1490,1491,1479
285,435,440,441,436,1491,1492,1493,1481
286,436,441,442,437,1493,1494,1495,1483
287,437,442,443,438,1495,1496,1497,1485
288,438,443,40,46,1497,1498,918,1487
289,58,65,444,439,1253,1499,1500,1488
290,439,444,445,440,1500,1501,1502,1490
291,440,445,446,441,1502,1503,1504,1492
292,441,446,447,442,1504,1505,1506,1494
293,442,447,448,443,1506,1507,1508,1496
294,443,448,47,40,1508,1509,915,1498
295,65,59,449,444,1251,1510,1511,1499
296,444,449,450,445,1511,1512,1513,1501
297,445,450,451,446,1513,1514,1515,1503
298,446,451,452,447,1515,1516,1517,1505
299,447,452,453,448,1517,1518,1519,1507
300,448,453,41,47,1519,1520,912,1509
301,59,66,454,449,1249,1521,1522,1510
302,449,454,455,450,1522,1523,1524,1512
303,450,455,456,451,1524,1525,1526,1514
304,451,456,457,452,1526,1527,1528,1516
305,452,457,458,453,1528,1529,1530,1518
306,453,458,48,41,1530,1531,909,1520
307,66,60,459,454,1247,1532,1533,1521
308,454,459,460,455,1533,1534,1535,1523
309,455,460,461,456,1535,1536,1537,1525
310,456,461,462,457,1537,1538,1539,1527
311,457,462,463,458,1539,1540,1541,1529
312,458,463,42,48,1541,1542,906,1531
313,60,67,464,459,1245,1543,1544,1532
314,459,464,465,460,1544,1545,1546,1534
315,460,465,466,461,1546,1547,1548,1536
316,461,466,467,462,1548,1549,1550,1538
317,462,467,468,463,1550,1551,1552,1540
318,463,468,49,42,1552,1553,903,1542
319,67,61,469,464,1243,1554,1555,1543
320,464,469,470,465,1555,1556,1557,1545
321,465,470,471,466,1557,1558,1559,1547
322,466,471,472,467,1559,1560,1561,1549
323,467,472,473,468,1561,1562,1563,1551
324,468,473,43,49,1563,1564,900,1553
325,61,68,474,469,1241,1565,1566,1554
326,469,474,475,470,1566,1567,1568,1556
327,470,475,476,471,1568,1569,1570,1558
328,471,476,477,472,1570,1571,1572,1560
329,472,477,478,473,1572,1573,1574,1562
330,473,478,50,43,1574,1575,897,1564
331,68,6,97,474,1239,1576,1577,1565
332,474,97,100,475,1577,1578,1579,1567
333,475,100,98,476,1579,1580,1581,1569
334,476,98,101,477,1581,1582,1583,1571
335,477,101,99,478,1583,1584,1585,1573
336,478,99,1,50,1585,1586,894,1575
337,101,479,484,99,1587,1588,1589,1584
338,99,484,111,1,1589,1590,1591,1586
339,111,484,480,112,1590,1592,1593,1594
340,484,479,481,480,1588,1595,1596,1592
341,479,487,485,481,1597,1598,1599,1595
342,112,480,482,110,1593,1600,1601,1602
343,480,481,483,482,1596,1603,1604,1600
344,481,485,486,483,1599,1605,1606,1603
345,110,482,107,9,1601,1607,1608,1609
346,482,483,109,107,1604,1610,1611,1607
347,483,486,108,109,1606,1612,1613,1610
348,98,487,479,101,1614,1597,1587,1582
349,100,485,487,98,1615,1598,1614,1580
350,97,486,485,100,1616,1605,1615,1578
351,6,108,486,97,1617,1612,1616,1576
352,91,488,493,89,1618,1619,1620,1424
353,89,493,116,5,1620,1621,1622,1426
354,116,493,489,118,1621,1623,1624,1625
355,493,488,490,489,1619,1626,1627,1623
356,488,496,494,490,1628,1629,1630,1626
357,118,489,491,117,1624,1631,1632,1633
358,489,490,492,491,1627,1634,1635,1631
359,490,494,495,492,1630,1636,1637,1634
360,117,491,114,9,1632,1638,1639,1640
361,491,492,115,114,1635,1641,1642,1638
362,492,495,113,115,1637,1643,1644,1641
363,88,496,488,91,1645,1628,1618,1422
364,90,494,496,88,1646,1629,1645,1420
365,87,495,494,90,1647,1636,1646,1418
366,2,113,495,87,1648,1643,1647,1416
367,498,500,501,499,1649,1650,1651,1652
368,499,501,497,502,1651,1653,1654,1655
369,109,108,504,500,1613,1656,1657,1658
370,500,504,503,501,1657,1659,1660,1650
371,501,503,505,497,1660,1661,1662,1653
372,108,6,53,504,1617,1238,1663,1656
373,504,53,55,503,1663,1209,1664,1659
374,503,55,52,505,1664,1180,1665,1661
375,52,54,497,505,1151,1666,1662,1665
376,54,51,502,497,1122,1667,1654,1666
377,51,5,116,502,1079,1622,1668,1667
378,107,109,500,498,1611,1658,1649,1669
379,118,499,502,116,1670,1655,1668,1625
380,117,498,499,118,1671,1652,1670,1633
381,9,107,498,117,1608,1669,1671,1640
382,513,512,508,507,1672,1673,1674,1675
383,512,514,506,508,1676,1677,1678,1673
384,115,507,509,114,1679,1680,1681,1642
385,507,508,510,509,1674,1682,1683,1680
386,508,506,511,510,1678,1684,1685,1682
387,114,509,110,9,1681,1686,1609,1639
388,509,510,112,110,1683,1687,1602,1686
389,510,511,111,112,1685,1688,1594,1687
390,111,511,15,1,1688,1689,891,1591
391,511,506,18,15,1684,1690,934,1689
392,506,514,16,18,1677,1691,963,1690
393,113,513,507,115,1692,1675,1679,1644
394,19,16,514,512,992,1691,1676,1693
395,17,19,512,513,1021,1693,1672,1694
396,2,17,513,113,1050,1694,1692,1648
397,10,124,515,119,1695,1696,1697,1698
398,124,133,516,515,1699,1700,1701,1696
399,133,132,517,516,1702,1703,1704,1700
400,132,134,518,517,1705,1706,1707,1703
401,134,131,519,518,1708,1709,1710,1706
402,131,135,520,519,1711,1712,1713,1709
403,135,130,521,520,1714,1715,1716,1712
404,130,136,522,521,1717,1718,1719,1715
405,136,129,523,522,1720,1721,1722,1718
406,129,137,524,523,1723,1724,1725,1721
407,137,128,525,524,1726,1727,1728,1724
408,128,138,526,525,1729,1730,1731,1727
409,138,127,527,526,1732,1733,1734,1730
410,127,139,528,527,1735,1736,1737,1733
411,139,126,529,528,1738,1739,1740,1736
412,126,140,530,529,1741,1742,1743,1739
413,140,125,531,530,1744,1745,1746,1742
414,125,7,104,531,1747,1429,1748,1745
415,119,515,532,122,1697,1749,1750,1751
416,515,516,533,532,1701,1752,1753,1749
417,516,517,534,533,1704,1754,1755,1752
418,517,518,535,534,1707,1756,1757,1754
419,518,519,536,535,1710,1758,1759,1756
420,519,520,537,536,1713,1760,1761,1758
421,520,521,538,537,1716,1762,1763,1760
422,521,522,539,538,1719,1764,1765,1762
423,522,523,540,539,1722,1766,1767,1764
424,523,524,541,540,1725,1768,1769,1766
425,524,525,542,541,1728,1770,1771,1768
426,525,526,543,542,1731,1772,1773,1770
427,526,527,544,543,1734,1774,1775,1772
428,527,528,545,544,1737,1776,1777,1774
429,528,529,546,545,1740,1778,1779,1776
430,529,530,547,546,1743,1780,1781,1778
431,530,531,548,547,1746,1782,1783,1780
432,531,104,106,548,1748,1432,1784,1782
433,122,532,549,120,1750,1785,1786,1787
434,532,533,550,549,1753,1788,1789,1785
435,533,534,551,550,1755,1790,1791,1788
436,534,535,552,551,1757,1792,1793,1790
437,535,536,553,552,1759,1794,1795,1792
438,536,537,554,553,1761,1796,1797,1794
439,537,538,555,554,1763,1798,1799,1796
440,538,539,556,555,1765,1800,1801,1798
441,539,540,557,556,1767,1802,1803,1800
442,540,541,558,557,1769,1804,1805,1802
443,541,542,559,558,1771,1806,1807,1804
444,542,543,560,559,1773,1808,1809,1806
445,543,544,561,560,1775,1810,1811,1808
446,544,545,562,561,1777,1812,1813,1810
447,545,546,563,562,1779,1814,1815,1812
448,546,547,564,563,1781,1816,1817,1814
449,547,548,565,564,1783,1818,1819,1816
450,548,106,103,565,1784,1435,1820,1818
451,120,549,566,123,1786,1821,1822,1823
452,549,550,567,566,1789,1824,1825,1821
453,550,551,568,567,1791,1826,1827,1824
454,551,552,569,568,1793,1828,1829,1826
455,552,553,570,569,1795,1830,1831,1828
456,553,554,571,570,1797,1832,1833,1830
457,554,555,572,571,1799,1834,1835,1832
458,555,556,573,572,1801,1836,1837,1834
459,556,557,574,573,1803,1838,1839,1836
460,557,558,575,574,1805,1840,1841,1838
461,558,559,576,575,1807,1842,1843,1840
462,559,560,577,576,1809,1844,1845,1842
463,560,561,578,577,1811,1846,1847,1844
464,561,562,579,578,1813,1848,1849,1846
465,562,563,580,579,1815,1850,1851,1848
466,563,564,581,580,1817,1852,1853,1850
467,564,565,582,581,1819,1854,1855,1852
468,565,103,105,582,1820,1438,1856,1854
469,123,566,583,121,1822,1857,1858,1859
470,566,567,584,583,1825,1860,1861,1857
471,567,568,585,584,1827,1862,1863,1860
472,568,569,586,585,1829,1864,1865,1862
473,569,570,587,586,1831,1866,1867,1864
474,570,571,588,587,1833,1868,1869,1866
475,571,572,589,588,1835,1870,1871,1868
476,572,573,590,589,1837,1872,1873,1870
477,573,574,591,590,1839,1874,1875,1872
478,574,575,592,591,1841,1876,1877,1874
479,575,576,593,592,1843,1878,1879,1876
480,576,577,594,593,1845,1880,1881,1878
481,577,578,595,594,1847,1882,1883,1880
482,578,579,596,595,1849,1884,1885,1882
483,579,580,597,596,1851,1886,1887,1884
484,580,581,598,597,1853,1888,1889,1886
485,581,582,599,598,1855,1890,1891,1888
486,582,105,102,599,1856,1441,1892,1890
487,121,583,141,11,1858,1893,1894,1895
488,583,584,150,141,1861,1896,1897,1893
489,584,585,149,150,1863,1898,1899,1896
490,585,586,151,149,1865,1900,1901,1898
491,586,587,148,151,1867,1902,1903,1900
492,587,588,152,148,1869,1904,1905,1902
493,588,589,147,152,1871,1906,1907,1904
494,589,590,153,147,1873,1908,1909,1906
495,590,591,146,153,1875,1910,1911,1908
496,591,592,154,146,1877,1912,1913,1910
497,592,593,145,154,1879,1914,1915,1912
498,593,594,155,145,1881,1916,1917,1914
499,594,595,144,155,1883,1918,1919,1916
500,595,596,156,144,1885,1920,1921,1918
501,596,597,143,156,1887,1922,1923,1920
502,597,598,157,143,1889,1924,1925,1922
503,598,599,142,157,1891,1926,1927,1924
504,599,102,4,142,1892,1443,1928,1926
505,12,163,600,158,1929,1930,1931,1932
506,163,172,601,600,1933,1934,1935,1930
507,172,171,602,601,1936,1937,1938,1934
508,171,173,603,602,1939,1940,1941,1937
509,173,170,604,603,1942,1943,1944,1940
510,170,174,605,604,1945,1946,1947,1943
511,174,169,606,605,1948,1949,1950,1946
512,169,175,607,606,1951,1952,1953,1949
513,175,168,608,607,1954,1955,1956,1952
514,168,176,609,608,1957,1958,1959,1955
515,176,167,610,609,1960,1961,1962,1958
516,167,177,611,610,1963,1964,1965,1961
517,177,166,612,611,1966,1967,1968,1964
518,166,178,613,612,1969,1970,1971,1967
519,178,165,614,613,1972,1973,1974,1970
520,165,179,615,614,1975,1976,1977,1973
521,179,164,616,615,1978,1979,1980,1976
522,164,3,94,616,1981,1269,1982,1979
523,158,600,617,161,1931,1983,1984,1985
524,600,601,618,617,1935,1986,1987,1983
525,601,602,619,618,1938,1988,1989,1986
526,602,603,620,619,1941,1990,1991,1988
527,603,604,621,620,1944,1992,1993,1990
528,604,605,622,621,1947,1994,1995,1992
529,605,606,623,622,1950,1996,1997,1994
530,606,607,624,623,1953,1998,1999,1996
531,607,608,625,624,1956,2000,2001,1998
532,608,609,626,625,1959,2002,2003,2000
533,609,610,627,626,1962,2004,2005,2002
534,610,611,628,627,1965,2006,2007,2004
535,611,612,629,628,1968,2008,2009,2006
536,612,613,630,629,1971,2010,2011,2008
537,613,614,631,630,1974,2012,2013,2010
538,614,615,632,631,1977,2014,2015,2012
539,615,616,633,632,1980,2016,2017,2014
540,616,94,96,633,1982,1272,2018,2016
541,161,617,634,159,1984,2019,2020,2021
542,617,618,635,634,1987,2022,2023,2019
543,618,619,636,635,1989,2024,2025,2022
544,619,620,637,636,1991,2026,2027,2024
545,620,621,638,637,1993,2028,2029,2026
546,621,622,639,638,1995,2030,2031,2028
547,622,623,640,639,1997,2032,2033,2030
548,623,624,641,640,1999,2034,2035,2032
549,624,625,642,641,2001,2036,2037,2034
550,625,626,643,642,2003,2038,2039,2036
551,626,627,644,643,2005,2040,2041,2038
552,627,628,645,644,2007,2042,2043,2040
553,628,629,646,645,2009,2044,2045,2042
554,629,630,647,646,2011,2046,2047,2044
555,630,631,648,647,2013,2048,2049,2046
556,631,632,649,648,2015,2050,2051,2048
557,632,633,650,649,2017,2052,2053,2050
558,633,96,93,650,2018,1275,2054,2052
559,159,634,651,162,2020,2055,2056,2057
560,634,635,652,651,2023,2058,2059,2055
561,635,636,653,652,2025,2060,2061,2058
562,636,637,654,653,2027,2062,2063,2060
563,637,638,655,654,2029,2064,2065,2062
564,638,639,656,655,2031,2066,2067,2064
565,639,640,657,656,2033,2068,2069,2066
566,640,641,658,657,2035,2070,2071,2068
567,641,642,659,658,2037,2072,2073,2070
568,642,643,660,659,2039,2074,2075,2072
569,643,644,661,660,2041,2076,2077,2074
570,644,645,662,661,2043,2078,2079,2076
571,645,646,663,662,2045,2080,2081,2078
572,646,647,664,663,2047,2082,2083,2080
573,647,648,665,664,2049,2084,2085,2082
574,648,649,666,665,2051,2086,2087,2084
575,649,650,667,666,2053,2088,2089,2086
576,650,93,95,667,2054,1278,2090,2088
577,162,651,668,160,2056,2091,2092,2093
578,651,652,669,668,2059,2094,2095,2091
579,652,653,670,669,2061,2096,2097,2094
580,653,654,671,670,2063,2098,2099,2096
581,654,655,672,671,2065,2100,2101,2098
582,655,656,673,672,2067,2102,2103,2100
583,656,657,674,673,2069,2104,2105,2102
584,657,658,675,674,2071,2106,2107,2104
585,658,659,676,675,2073,2108,2109,2106
586,659,660,677,676,2075,2110,2111,2108
587,660,661,678,677,2077,2112,2113,2110
588,661,662,679,678,2079,2114,2115,2112
589,662,663,680,679,2081,2116,2117,2114
590,663,664,681,680,2083,2118,2119,2116
591,664,665,682,681,2085,2120,2121,2118
592,665,666,683,682,2087,2122,2123,2120
593,666,667,684,683,2089,2124,2125,2122
594,667,95,92,684,2090,1281,2126,2124
595,160,668,180,13,2092,2127,2128,2129
596,668,669,189,180,2095,2130,2131,2127
597,669,670,188,189,2097,2132,2133,2130
598,670,671,190,188,2099,2134,2135,2132
599,671,672,187,190,2101,2136,2137,2134
600,672,673,191,187,2103,2138,2139,2136
601,673,674,186,191,2105,2140,2141,2138
602,674,675,192,186,2107,2142,2143,2140
603,675,676,185,192,2109,2144,2145,2142
604,676,677,193,185,2111,2146,2147,2144
605,677,678,184,193,2113,2148,2149,2146
606,678,679,194,184,2115,2150,2151,2148
607,679,680,183,194,2117,2152,2153,2150
608,680,681,195,183,2119,2154,2155,2152
609,681,682,182,195,2121,2156,2157,2154
610,682,683,196,182,2123,2158,2159,2156
611,683,684,181,196,2125,2160,2161,2158
612,684,92,8,181,2126,1283,2162,2160
613,10,199,685,124,2163,2164,2165,1695
614,199,201,686,685,2166,2167,2168,2164
615,201,198,687,686,2169,2170,2171,2167
616,198,200,688,687,2172,2173,2174,2170
617,200,197,689,688,2175,2176,2177,2173
618,197,13,180,689,2178,2128,2179,2176
619,124,685,690,133,2165,2180,2181,1699
620,685,686,691,690,2168,2182,2183,2180
621,686,687,692,691,2171,2184,2185,2182
622,687,688,693,692,2174,2186,2187,2184
623,688,689,694,693,2177,2188,2189,2186
624,689,180,189,694,2179,2131,2190,2188
625,133,690,695,132,2181,2191,2192,1702
626,690,691,696,695,2183,2193,2194,2191
627,691,692,697,696,2185,2195,2196,2193
628,692,693,698,697,2187,2197,2198,2195
629,693,694,699,698,2189,2199,2200,2197
630,694,189,188,699,2190,2133,2201,2199
631,132,695,700,134,2192,2202,2203,1705
632,695,696,701,700,2194,2204,2205,2202
633,696,697,702,701,2196,2206,2207,2204
634,697,698,703,702,2198,2208,2209,2206
635,698,699,704,703,2200,2210,2211,2208
636,699,188,190,704,2201,2135,2212,2210
637,134,700,705,131,2203,2213,2214,1708
638,700,701,706,705,2205,2215,2216,2213
639,701,702,707,706,2207,2217,2218,2215
640,702,703,708,707,2209,2219,2220,2217
641,703,704,709,708,2211,2221,2222,2219
642,704,190,187,709,2212,2137,2223,2221
643,131,705,710,135,2214,2224,2225,1711
644,705,706,711,710,2216,2226,2227,2224
645,706,707,712,711,2218,2228,2229,2226
646,707,708,713,712,2220,2230,2231,2228
647,708,709,714,713,2222,2232,2233,2230
648,709,187,191,714,2223,2139,2234,2232
649,135,710,715,130,2225,2235,2236,1714
650,710,711,716,715,2227,2237,2238,2235
651,711,712,717,716,2229,2239,2240,2237
652,712,713,718,717,2231,2241,2242,2239
653,713,714,719,718,2233,2243,2244,2241
654,714,191,186,719,2234,2141,2245,2243
655,130,715,720,136,2236,2246,2247,1717
656,715,716,721,720,2238,2248,2249,2246
657,716,717,722,721,2240,2250,2251,2248
658,717,718,723,722,2242,2252,2253,2250
659,718,719,724,723,2244,2254,2255,2252
660,719,186,192,724,2245,2143,2256,2254
661,136,720,725,129,2247,2257,2258,1720
662,720,721,726,725,2249,2259,2260,2257
663,721,722,727,726,2251,2261,2262,2259
664,722,723,728,727,2253,2263,2264,2261
665,723,724,729,728,2255,2265,2266,2263
666,724,192,185,729,2256,2145,2267,2265
667,129,725,730,137,2258,2268,2269,1723
668,725,726,731,730,2260,2270,2271,2268
669,726,727,732,731,2262,2272,2273,2270
670,727,728,733,732,2264,2274,2275,2272
671,728,729,734,733,2266,2276,2277,2274
672,729,185,193,734,2267,2147,2278,2276
673,137,730,735,128,2269,2279,2280,1726
674,730,731,736,735,2271,2281,2282,2279
675,731,732,737,736,2273,2283,2284,2281
676,732,733,738,737,2275,2285,2286,2283
677,733,734,739,738,2277,2287,2288,2285
678,734,193,184,739,2278,2149,2289,2287
679,128,735,740,138,2280,2290,2291,1729
680,735,736,741,740,2282,2292,2293,2290
681,736,737,742,741,2284,2294,2295,2292
682,737,738,743,742,2286,2296,2297,2294
683,738,739,744,743,2288,2298,2299,2296
684,739,184,194,744,2289,2151,2300,2298
685,138,740,745,127,2291,2301,2302,1732
686,740,741,746,745,2293,2303,2304,2301
687,741,742,747,746,2295,2305,2306,2303
688,742,743,748,747,2297,2307,2308,2305
689,743,744,749,748,2299,2309,2310,2307
690,744,194,183,749,2300,2153,2311,2309
691,127,745,750,139,2302,2312,2313,1735
692,745,746,751,750,2304,2314,2315,2312
693,746,747,752,751,2306,2316,2317,2314
694,747,748,753,752,2308,2318,2319,2316
695,748,749,754,753,2310,2320,2321,2318
696,749,183,195,754,2311,2155,2322,2320
697,139,750,755,126,2313,2323,2324,1738
698,750,751,756,755,2315,2325,2326,2323
699,751,752,757,756,2317,2327,2328,2325
700,752,753,758,757,2319,2329,2330,2327
701,753,754,759,758,2321,2331,2332,2329
702,754,195,182,759,2322,2157,2333,2331
703,126,755,760,140,2324,2334,2335,1741
704,755,756,761,760,2326,2336,2337,2334
705,756,757,762,761,2328,2338,2339,2336
706,757,758,763,762,2330,2340,2341,2338
707,758,759,764,763,2332,2342,2343,2340
708,759,182,196,764,2333,2159,2344,2342
709,140,760,765,125,2335,2345,2346,1744
710,760,761,766,765,2337,2347,2348,2345
711,761,762,767,766,2339,2349,2350,2347
712,762,763,768,767,2341,2351,2352,2349
713,763,764,769,768,2343,2353,2354,2351
714,764,196,181,769,2344,2161,2355,2353
715,125,765,69,7,2346,2356,1266,1747
716,765,766,72,69,2348,2357,1237,2356
717,766,767,70,72,2350,2358,1208,2357
718,767,768,73,70,2352,2359,1179,2358
719,768,769,71,73,2354,2360,1150,2359
720,769,181,8,71,2355,2162,1120,2360
721,12,204,770,163,2361,2362,2363,1929
722,204,206,771,770,2364,2365,2366,2362
723,206,203,772,771,2367,2368,2369,2365
724,203,205,773,772,2370,2371,2372,2368
725,205,202,774,773,2373,2374,2375,2371
726,202,11,141,774,2376,1894,2377,2374
727,163,770,775,172,2363,2378,2379,1933
728,770,771,776,775,2366,2380,2381,2378
729,771,772,777,776,2369,2382,2383,2380
730,772,773,778,777,2372,2384,2385,2382
731,773,774,779,778,2375,2386,2387,2384
732,774,141,150,779,2377,1897,2388,2386
733,172,775,780,171,2379,2389,2390,1936
734,775,776,781,780,2381,2391,2392,2389
735,776,777,782,781,2383,2393,2394,2391
736,777,778,783,782,2385,2395,2396,2393
737,778,779,784,783,2387,2397,2398,2395
738,779,150,149,784,2388,1899,2399,2397
739,171,780,785,173,2390,2400,2401,1939
740,780,781,786,785,2392,2402,2403,2400
741,781,782,787,786,2394,2404,2405,2402
742,782,783,788,787,2396,2406,2407,2404
743,783,784,789,788,2398,2408,2409,2406
744,784,149,151,789,2399,1901,2410,2408
745,173,785,790,170,2401,2411,2412,1942
746,785,786,791,790,2403,2413,2414,2411
747,786,787,792,791,2405,2415,2416,2413
748,787,788,793,792,2407,2417,2418,2415
749,788,789,794,793,2409,2419,2420,2417
750,789,151,148,794,2410,1903,2421,2419
751,170,790,795,174,2412,2422,2423,1945
752,790,791,796,795,2414,2424,2425,2422
753,791,792,797,796,2416,2426,2427,2424
754,792,793,798,797,2418,2428,2429,2426
755,793,794,799,798,2420,2430,2431,2428
756,794,148,152,799,2421,1905,2432,2430
757,174,795,800,169,2423,2433,2434,1948
758,795,796,801,800,2425,2435,2436,2433
759,796,797,802,801,2427,2437,2438,2435
760,797,798,803,802,2429,2439,2440,2437
761,798,799,804,803,2431,2441,2442,2439
762,799,152,147,804,2432,1907,2443,2441
763,169,800,805,175,2434,2444,2445,1951
764,800,801,806,805,2436,2446,2447,2444
765,801,802,807,806,2438,2448,2449,2446
766,802,803,808,807,2440,2450,2451,2448
767,803,804,809,808,2442,2452,2453,2450
768,804,147,153,809,2443,1909,2454,2452
769,175,805,810,168,2445,2455,2456,1954
770,805,806,811,810,2447,2457,2458,2455
771,806,807,812,811,2449,2459,2460,2457
772,807,808,813,812,2451,2461,2462,2459
773,808,809,814,813,2453,2463,2464,2461
774,809,153,146,814,2454,1911,2465,2463
775,168,810,815,176,2456,2466,2467,1957
776,810,811,816,815,2458,2468,2469,2466
777,811,812,817,816,2460,2470,2471,2468
778,812,813,818,817,2462,2472,2473,2470
779,813,814,819,818,2464,2474,2475,2472
780,814,146,154,819,2465,1913,2476,2474
781,176,815,820,167,2467,2477,2478,1960
782,815,816,821,820,2469,2479,2480,2477
783,816,817,822,821,2471,2481,2482,2479
784,817,818,823,822,2473,2483,2484,2481
785,818,819,824,823,2475,2485,2486,2483
786,819,154,145,824,2476,1915,2487,2485
787,167,820,825,177,2478,2488,2489,1963
788,820,821,826,825,2480,2490,2491,2488
789,821,822,827,826,2482,2492,2493,2490
790,822,823,828,827,2484,2494,2495,2492
791,823,824,829,828,2486,2496,2497,2494
792,824,145,155,829,2487,1917,2498,2496
793,177,825,830,166,2489,2499,2500,1966
794,825,826,831,830,2491,2501,2502,2499
795,826,827,832,831,2493,2503,2504,2501
796,827,828,833,832,2495,2505,2506,2503
797,828,829,834,833,2497,2507,2508,2505
798,829,155,144,834,2498,1919,2509,2507
799,166,830,835,178,2500,2510,2511,1969
800,830,831,836,835,2502,2512,2513,2510
801,831,832,837,836,2504,2514,2515,2512
802,832,833,838,837,2506,2516,2517,2514
803,833,834,839,838,2508,2518,2519,2516
804,834,144,156,839,2509,1921,2520,2518
805,178,835,840,165,2511,2521,2522,1972
806,835,836,841,840,2513,2523,2524,2521
807,836,837,842,841,2515,2525,2526,2523
808,837,838,843,842,2517,2527,2528,2525
809,838,839,844,843,2519,2529,2530,2527
810,839,156,143,844,2520,1923,2531,2529
811,165,840,845,179,2522,2532,2533,1975
812,840,841,846,845,2524,2534,2535,2532
813,841,842,847,846,2526,2536,2537,2534
814,842,843,848,847,2528,2538,2539,2536
815,843,844,849,848,2530,2540,2541,2538
816,844,143,157,849,2531,1925,2542,2540
817,179,845,850,164,2533,2543,2544,1978
818,845,846,851,850,2535,2545,2546,2543
819,846,847,852,851,2537,2547,2548,2545
820,847,848,853,852,2539,2549,2550,2547
821,848,849,854,853,2541,2551,2552,2549
822,849,157,142,854,2542,1927,2553,2551
823,164,850,33,3,2544,2554,1078,1981
824,850,851,36,33,2546,2555,1049,2554
825,851,852,34,36,2548,2556,1020,2555
826,852,853,37,34,2550,2557,991,2556
827,853,854,35,37,2552,2558,962,2557
828,854,142,4,35,2553,1928,932,2558
829,856,857,859,858,2559,2560,2561,2562
830,857,860,855,859,2563,2564,2565,2560
831,209,858,862,208,2566,2567,2568,2569
832,858,859,861,862,2561,2570,2571,2567
833,859,855,863,861,2565,2572,2573,2570
834,208,862,121,11,2568,2574,1895,2575
835,862,861,123,121,2571,2576,1859,2574
836,861,863,120,123,2573,2577,1823,2576
837,120,863,855,122,2577,2572,2578,1787
838,122,855,860,119,2578,2564,2579,1751
839,119,860,211,10,2579,2580,2581,1698
840,207,856,858,209,2582,2562,2566,2583
841,212,211,860,857,2584,2580,2563,2585
842,210,212,857,856,2586,2585,2559,2587
843,14,210,856,207,2588,2587,2582,2589
844,162,864,872,159,2590,2591,2592,2057
845,213,215,867,871,2593,2594,2595,2596
846,871,867,868,864,2595,2597,2598,2599
847,864,868,866,872,2598,2600,2601,2591
848,215,214,869,867,2602,2603,2604,2594
849,867,869,870,868,2604,2605,2606,2597
850,868,870,865,866,2606,2607,2608,2600
851,214,14,217,869,2609,2610,2611,2603
852,869,217,218,870,2611,2612,2613,2605
853,870,218,216,865,2613,2614,2615,2607
854,216,12,158,865,2616,1932,2617,2615
855,865,158,161,866,2617,1985,2618,2608
856,866,161,159,872,2618,2021,2592,2601
857,160,871,864,162,2619,2599,2590,2093
858,13,213,871,160,2620,2596,2619,2129
859,874,875,877,876,2621,2622,2623,2624
860,875,878,873,877,2625,2626,2627,2622
861,212,876,880,211,2628,2629,2630,2584
862,876,877,879,880,2623,2631,2632,2629
863,877,873,881,879,2627,2633,2634,2631
864,211,880,199,10,2630,2635,2163,2581
865,880,879,201,199,2632,2636,2166,2635
866,879,881,198,201,2634,2637,2169,2636
867,198,881,873,200,2637,2633,2638,2172
868,200,873,878,197,2638,2626,2639,2175
869,197,878,213,13,2639,2640,2620,2178
870,210,874,876,212,2641,2624,2628,2586
871,215,213,878,875,2593,2640,2625,2642
872,214,215,875,874,2602,2642,2621,2643
873,14,214,874,210,2609,2643,2641,2588
874,12,216,883,204,2616,2644,2645,2361
875,204,883,884,206,2645,2646,2647,2364
876,206,884,882,203,2647,2648,2649,2367
877,216,218,887,883,2614,2650,2651,2644
878,883,887,888,884,2651,2652,2653,2646
879,884,888,886,882,2653,2654,2655,2648
880,218,217,889,887,2612,2656,2657,2650
881,887,889,890,888,2657,2658,2659,2652
882,888,890,885,886,2659,2660,2661,2654
883,217,14,207,889,2610,2589,2662,2656
884,889,207,209,890,2662,2583,2663,2658
885,890,209,208,885,2663,2569,2664,2660
886,208,11,202,885,2575,2376,2665,2664
887,885,202,205,886,2665,2373,2666,2661
888,886,205,203,882,2666,2370,2649,2655
BOUNDARY CONDITIONS
2666
1,0,0,1,0,4.571824e-07,0
2,0,0,1,0,2.240372e-06,0
3,0,0,1,0,-1.379271e-07,0
4,0,0,1,0,7.230540e-07,0
5,0,0,1,0,2.038414e-06,0
6,0,0,1,0,2.754862e-07,0
7,0,0,1,0,9.675007e-07,0
8,0,0,1,0,-4.675516e-07,0
9,0,0,1,0,6.785274e-06,0
10,0,0,1,0,0,0
11,0,0,1,0,0,0
12,0,0,1,0,0,0
13,0,0,1,0,0,0
14,0,0,1,0,5.248505e-10,0
15,0,0,1,0,6.560567e-07,0
16,0,0,1,0,1.026328e-06,0
17,0,0,1,0,1.921528e-06,0
18,0,0,1,0,7.955093e-07,0
19,0,0,1,0,1.471295e-06,0
20,0,0,1,0,8.632007e-07,0
21,0,0,1,0,1.061215e-06,0
22,0,0,1,0,1.272279e-06,0
23,0,0,1,0,1.542461e-06,0
24,0,0,1,0,1.787883e-06,0
25,0,0,1,0,2.011992e-06,0
26,0,0,1,0,6.055931e-07,0
27,0,0,1,0,9.425344e-07,0
28,0,0,1,0,1.133163e-06,0
29,0,0,1,0,1.374094e-06,0
30,0,0,1,0,1.645471e-06,0
31,0,0,1,0,1.893257e-06,0
32,0,0,1,0,2.096441e-06,0
33,0,0,1,0,1.597773e-08,0
34,0,0,1,0,2.819048e-07,0
35,0,0,1,0,5.481063e-07,0
36,0,0,1,0,1.563872e-07,0
37,0,0,1,0,4.059368e-07,0
38,0,0,1,0,1.191836e-06,0
39,0,0,1,0,1.087567e-06,0
40,0,0,1,0,1.002405e-06,0
41,0,0,1,0,8.265960e-07,0
42,0,0,1,0,6.547081e-07,0
43,0,0,1,0,5.050460e-07,0
44,0,0,1,0,1.266635e-06,0
45,0,0,1,0,1.131886e-06,0
46,0,0,1,0,1.047007e-06,0
47,0,0,1,0,9.272275e-07,0
48,0,0,1,0,7.476966e-07,0
49,0,0,1,0,5.843235e-07,0
50,0,0,1,0,4.525138e-07,0
51,0,0,1,0,1.670301e-06,0
52,0,0,1,0,7.504049e-07,0
53,0,0,1,0,4.316525e-07,0
54,0,0,1,0,1.185680e-06,0
55,0,0,1,0,5.490766e-07,0
56,0,0,1,0,1.699311e-06,0
57,0,0,1,0,1.384369e-06,0
58,0,0,1,0,1.065224e-06,0
59,0,0,1,0,7.879748e-07,0
60,0,0,1,0,5.123515e-07,0
61,0,0,1,0,3.381177e-07,0
62,0,0,1,0,1.595129e-06,0
63,0,0,1,0,1.533146e-06,0
64,0,0,1,0,1.197466e-06,0
65,0,0,1,0,9.023021e-07,0
66,0,0,1,0,6.420110e-07,0
67,0,0,1,0,4.281131e-07,0
68,0,0,1,0,2.786169e-07,0
69,0,0,1,0,7.661330e-07,0
70,0,0,1,0,2.326195e-07,0
71,0,0,1,0,-2.901659e-07,0
72,0,0,1,0,5.128415e-07,0
73,0,0,1,0,-4.570565e-08,0
74,0,0,1,0,3.380816e-07,0
75,0,0,1,0,6.681940e-07,0
76,0,0,1,0,1.054369e-06,0
77,0,0,1,0,1.366102e-06,0
78,0,0,1,0,1.646782e-06,0
79,0,0,1,0,1.838126e-06,0
80,0,0,1,0,1.843090e-07,0
81,0,0,1,0,4.925933e-07,0
82,0,0,1,0,8.553365e-07,0
83,0,0,1,0,1.216262e-06,0
84,0,0,1,0,1.504755e-06,0
85,0,0,1,0,1.738902e-06,0
86,0,0,1,0,1.908974e-06,0
87,0,0,1,0,2.342756e-06,0
88,0,0,1,0,2.190256e-06,0
89,0,0,1,0,2.207219e-06,0
90,0,0,1,0,2.277976e-06,0
91,0,0,1,0,2.221010e-06,0
92,0,0,1,0,-5.503787e-07,0
93,0,0,1,0,-5.284666e-07,0
94,0,0,1,0,-2.871347e-07,0
95,0,0,1,0,-5.690394e-07,0
96,0,0,1,0,-4.401846e-07,0
97,0,0,1,0,2.903413e-08,0
98,0,0,1,0,-3.614668e-07,0
99,0,0,1,0,1.567717e-07,0
100,0,0,1,0,-2.405303e-07,0
101,0,0,1,0,-1.642432e-07,0
102,0,0,1,0,9.130051e-07,0
103,0,0,1,0,1.122180e-06,0
104,0,0,1,0,1.102710e-06,0
105,0,0,1,0,1.043449e-06,0
106,0,0,1,0,1.136421e-06,0
107,0,0,1,0,5.852970e-06,0
108,0,0,1,0,1.571735e-06,0
109,0,0,1,0,4.002923e-06,0
110,0,0,1,0,5.925495e-06,0
111,0,0,1,0,1.734782e-06,0
112,0,0,1,0,4.124223e-06,0
113,0,0,1,0,3.460865e-06,0
114,0,0,1,0,6.573570e-06,0
115,0,0,1,0,5.390739e-06,0
116,0,0,1,0,3.261376e-06,0
117,0,0,1,0,6.498668e-06,0
118,0,0,1,0,5.236079e-06,0
119,0,0,1,0,0,0
120,0,0,1,0,0,0
121,0,0,1,0,0,0
122,0,0,1,0,0,0
123,0,0,1,0,0,0
124,0,0,1,0,-8.059497e-08,0
125,0,0,1,0,6.990909e-07,0
126,0,0,1,0,8.594584e-07,0
127,0,0,1,0,9.278731e-07,0
128,0,0,1,0,8.893975e-07,0
129,0,0,1,0,7.502624e-07,0
130,0,0,1,0,5.349022e-07,0
131,0,0,1,0,2.890727e-07,0
132,0,0,1,0,6.663763e-08,0
133,0,0,1,0,-2.144272e-08,0
134,0,0,1,0,1.701878e-07,0
135,0,0,1,0,4.124013e-07,0
136,0,0,1,0,6.491350e-07,0
137,0,0,1,0,8.314305e-07,0
138,0,0,1,0,9.220259e-07,0
139,0,0,1,0,9.067634e-07,0
140,0,0,1,0,7.837098e-07,0
141,0,0,1,0,-8.439046e-08,0
142,0,0,1,0,5.052014e-07,0
143,0,0,1,0,7.677256e-07,0
144,0,0,1,0,8.928923e-07,0
145,0,0,1,0,8.668004e-07,0
146,0,0,1,0,7.245635e-07,0
147,0,0,1,0,5.094561e-07,0
148,0,0,1,0,2.686412e-07,0
149,0,0,1,0,5.364901e-08,0
150,0,0,1,0,-3.039066e-08,0
151,0,0,1,0,1.537173e-07,0
152,0,0,1,0,3.884027e-07,0
153,0,0,1,0,6.231455e-07,0
154,0,0,1,0,8.074759e-07,0
155,0,0,1,0,8.968426e-07,0
156,0,0,1,0,8.502230e-07,0
157,0,0,1,0,6.426225e-07,0
158,0,0,1,0,0,0
159,0,0,1,0,0,0
160,0,0,1,0,0,0
161,0,0,1,0,0,0
162,0,0,1,0,0,0
163,0,0,1,0,-1.851606e-07,0
164,0,0,1,0,-7.004125e-07,0
165,0,0,1,0,-9.889784e-07,0
166,0,0,1,0,-1.125829e-06,0
167,0,0,1,0,-1.110725e-06,0
168,0,0,1,0,-9.782336e-07,0
169,0,0,1,0,-7.702708e-07,0
170,0,0,1,0,-5.338061e-07,0
171,0,0,1,0,-3.184261e-07,0
172,0,0,1,0,-2.360734e-07,0
173,0,0,1,0,-4.197384e-07,0
174,0,0,1,0,-6.523951e-07,0
175,0,0,1,0,-8.807450e-07,0
176,0,0,1,0,-1.056618e-06,0
177,0,0,1,0,-1.135429e-06,0
178,0,0,1,0,-1.077514e-06,0
179,0,0,1,0,-8.579553e-07,0
180,0,0,1,0,-1.840186e-07,0
181,0,0,1,0,-9.723160e-07,0
182,0,0,1,0,-1.134094e-06,0
183,0,0,1,0,-1.192817e-06,0
184,0,0,1,0,-1.145585e-06,0
185,0,0,1,0,-9.996494e-07,0
186,0,0,1,0,-7.826204e-07,0
187,0,0,1,0,-5.379663e-07,0
188,0,0,1,0,-3.184139e-07,0
189,0,0,1,0,-2.358359e-07,0
190,0,0,1,0,-4.210210e-07,0
191,0,0,1,0,-6.602829e-07,0
192,0,0,1,0,-8.975971e-07,0
193,0,0,1,0,-1.083636e-06,0
194,0,0,1,0,-1.182474e-06,0
195,0,0,1,0,-1.176601e-06,0
196,0,0,1,0,-1.065646e-06,0
197,0,0,1,0,0,0
198,0,0,1,0,0,0
199,0,0,1,0,0,0
200,0,0,1,0,0,0
201,0,0,1,0,0,0
202,0,0,1,0,0,0
203,0,0,1,0,0,0
204,0,0,1,0,0,0
205,0,0,1,0,0,0
206,0,0,1,0,0,0
207,0,0,1,0,6.655072e-10,0
208,0,0,1,0,1.149312e-10,0
209,0,0,1,0,3.937970e-10,0
210,0,0,1,0,-7.860891e-11,0
211,0,0,1,0,-2.065794e-10,0
212,0,0,1,0,-2.777148e-10,0
213,0,0,1,0,-8.086970e-10,0
214,0,0,1,0,1.178717e-11,0
215,0,0,1,0,-5.302339e-10,0
216,0,0,1,0,3.169821e-10,0
217,0,0,1,0,9.686357e-10,0
218,0,0,1,0,9.218466e-10,0
219,0,0,1,0,7.021240e-07,0
220,0,0,1,0,7.415352e-07,0
221,0,0,1,0,7.911809e-07,0
222,0,0,1,0,8.388878e-07,0
223,0,0,1,0,8.914164e-07,0
224,0,0,1,0,9.390710e-07,0
225,0,0,1,0,1.001239e-06,0
226,0,0,1,0,1.045170e-06,0
227,0,0,1,0,1.070567e-06,0
228,0,0,1,0,1.095500e-06,0
229,0,0,1,0,1.130616e-06,0
230,0,0,1,0,1.177786e-06,0
231,0,0,1,0,1.145554e-06,0
232,0,0,1,0,9.863280e-07,0
233,0,0,1,0,9.994329e-07,0
234,0,0,1,0,1.018470e-06,0
235,0,0,1,0,1.035849e-06,0
236,0,0,1,0,1.051290e-06,0
237,0,0,1,0,1.063617e-06,0
238,0,0,1,0,1.082882e-06,0
239,0,0,1,0,1.094253e-06,0
240,0,0,1,0,1.104009e-06,0
241,0,0,1,0,1.118252e-06,0
242,0,0,1,0,1.151239e-06,0
243,0,0,1,0,1.193312e-06,0
244,0,0,1,0,1.072726e-06,0
245,0,0,1,0,1.290083e-06,0
246,0,0,1,0,1.271132e-06,0
247,0,0,1,0,1.256119e-06,0
248,0,0,1,0,1.238950e-06,0
249,0,0,1,0,1.217676e-06,0
250,0,0,1,0,1.194128e-06,0
251,0,0,1,0,1.171352e-06,0
252,0,0,1,0,1.150372e-06,0
253,0,0,1,0,1.138923e-06,0
254,0,0,1,0,1.139462e-06,0
255,0,0,1,0,1.163478e-06,0
256,0,0,1,0,1.185166e-06,0
257,0,0,1,0,1.006340e-06,0
258,0,0,1,0,1.591629e-06,0
259,0,0,1,0,1.540774e-06,0
260,0,0,1,0,1.490451e-06,0
261,0,0,1,0,1.438385e-06,0
262,0,0,1,0,1.379703e-06,0
263,0,0,1,0,1.322093e-06,0
264,0,0,1,0,1.257416e-06,0
265,0,0,1,0,1.205348e-06,0
266,0,0,1,0,1.165444e-06,0
267,0,0,1,0,1.145177e-06,0
268,0,0,1,0,1.145488e-06,0
269,0,0,1,0,1.139160e-06,0
270,0,0,1,0,9.190680e-07,0
271,0,0,1,0,1.866557e-06,0
272,0,0,1,0,1.791984e-06,0
273,0,0,1,0,1.707198e-06,0
274,0,0,1,0,1.622988e-06,0
275,0,0,1,0,1.523404e-06,0
276,0,0,1,0,1.437228e-06,0
277,0,0,1,0,1.326543e-06,0
278,0,0,1,0,1.246509e-06,0
279,0,0,1,0,1.166926e-06,0
280,0,0,1,0,1.120406e-06,0
281,0,0,1,0,1.076257e-06,0
282,0,0,1,0,1.036597e-06,0
283,0,0,1,0,7.906450e-07,0
284,0,0,1,0,1.632619e-06,0
285,0,0,1,0,1.577413e-06,0
286,0,0,1,0,1.515583e-06,0
287,0,0,1,0,1.449299e-06,0
288,0,0,1,0,1.357409e-06,0
289,0,0,1,0,1.258614e-06,0
290,0,0,1,0,1.159295e-06,0
291,0,0,1,0,1.043526e-06,0
292,0,0,1,0,9.072674e-07,0
293,0,0,1,0,7.778866e-07,0
294,0,0,1,0,6.668450e-07,0
295,0,0,1,0,5.712867e-07,0
296,0,0,1,0,3.995293e-07,0
297,0,0,1,0,1.333933e-06,0
298,0,0,1,0,1.303622e-06,0
299,0,0,1,0,1.276683e-06,0
300,0,0,1,0,1.244884e-06,0
301,0,0,1,0,1.200442e-06,0
302,0,0,1,0,1.148635e-06,0
303,0,0,1,0,1.097278e-06,0
304,0,0,1,0,1.036455e-06,0
305,0,0,1,0,9.720256e-07,0
306,0,0,1,0,9.117436e-07,0
307,0,0,1,0,8.708516e-07,0
308,0,0,1,0,8.425155e-07,0
309,0,0,1,0,6.631689e-07,0
310,0,0,1,0,1.032315e-06,0
311,0,0,1,0,1.030002e-06,0
312,0,0,1,0,1.035212e-06,0
313,0,0,1,0,1.039313e-06,0
314,0,0,1,0,1.041323e-06,0
315,0,0,1,0,1.040401e-06,0
316,0,0,1,0,1.039504e-06,0
317,0,0,1,0,1.038445e-06,0
318,0,0,1,0,1.043721e-06,0
319,0,0,1,0,1.054526e-06,0
320,0,0,1,0,1.080663e-06,0
321,0,0,1,0,1.103532e-06,0
322,0,0,1,0,9.393283e-07,0
323,0,0,1,0,7.461939e-07,0
324,0,0,1,0,7.706684e-07,0
325,0,0,1,0,8.053555e-07,0
326,0,0,1,0,8.432518e-07,0
327,0,0,1,0,8.899268e-07,0
328,0,0,1,0,9.401557e-07,0
329,0,0,1,0,9.885611e-07,0
330,0,0,1,0,1.047117e-06,0
331,0,0,1,0,1.114475e-06,0
332,0,0,1,0,1.191464e-06,0
333,0,0,1,0,1.276221e-06,0
334,0,0,1,0,1.343726e-06,0
335,0,0,1,0,1.203274e-06,0
336,0,0,1,0,4.900275e-07,0
337,0,0,1,0,5.379145e-07,0
338,0,0,1,0,5.999234e-07,0
339,0,0,1,0,6.653009e-07,0
340,0,0,1,0,7.524586e-07,0
341,0,0,1,0,8.518252e-07,0
342,0,0,1,0,9.412703e-07,0
343,0,0,1,0,1.055276e-06,0
344,0,0,1,0,1.168746e-06,0
345,0,0,1,0,1.304220e-06,0
346,0,0,1,0,1.433702e-06,0
347,0,0,1,0,1.546959e-06,0
348,0,0,1,0,1.431961e-06,0
349,0,0,1,0,4.121968e-07,0
350,0,0,1,0,2.314942e-07,0
351,0,0,1,0,1.022006e-07,0
352,0,0,1,0,4.343220e-08,0
353,0,0,1,0,6.920603e-08,0
354,0,0,1,0,6.136152e-07,0
355,0,0,1,0,4.053441e-07,0
356,0,0,1,0,2.568467e-07,0
357,0,0,1,0,1.894211e-07,0
358,0,0,1,0,2.142794e-07,0
359,0,0,1,0,7.674615e-07,0
360,0,0,1,0,5.950148e-07,0
361,0,0,1,0,4.600094e-07,0
362,0,0,1,0,3.911269e-07,0
363,0,0,1,0,4.007176e-07,0
364,0,0,1,0,9.264412e-07,0
365,0,0,1,0,7.968095e-07,0
366,0,0,1,0,6.899912e-07,0
367,0,0,1,0,6.274936e-07,0
368,0,0,1,0,6.192829e-07,0
369,0,0,1,0,1.067833e-06,0
370,0,0,1,0,9.901381e-07,0
371,0,0,1,0,9.161815e-07,0
372,0,0,1,0,8.651721e-07,0
373,0,0,1,0,8.446322e-07,0
374,0,0,1,0,1.233569e-06,0
375,0,0,1,0,1.188583e-06,0
376,0,0,1,0,1.140044e-06,0
377,0,0,1,0,1.099639e-06,0
378,0,0,1,0,1.073067e-06,0
379,0,0,1,0,1.391405e-06,0
380,0,0,1,0,1.386036e-06,0
381,0,0,1,0,1.359027e-06,0
382,0,0,1,0,1.320140e-06,0
383,0,0,1,0,1.274093e-06,0
384,0,0,1,0,1.575819e-06,0
385,0,0,1,0,1.587129e-06,0
386,0,0,1,0,1.568559e-06,0
387,0,0,1,0,1.523580e-06,0
388,0,0,1,0,1.455479e-06,0
389,0,0,1,0,1.725968e-06,0
390,0,0,1,0,1.766003e-06,0
391,0,0,1,0,1.760254e-06,0
392,0,0,1,0,1.712738e-06,0
393,0,0,1,0,1.626584e-06,0
394,0,0,1,0,1.887164e-06,0
395,0,0,1,0,1.937727e-06,0
396,0,0,1,0,1.937516e-06,0
397,0,0,1,0,1.887328e-06,0
398,0,0,1,0,1.789566e-06,0
399,0,0,1,0,2.018433e-06,0
400,0,0,1,0,2.082231e-06,0
401,0,0,1,0,2.085488e-06,0
402,0,0,1,0,2.028020e-06,0
403,0,0,1,0,1.912107e-06,0
404,0,0,1,0,2.145625e-06,0
405,0,0,1,0,2.214738e-06,0
406,0,0,1,0,2.218804e-06,0
407,0,0,1,0,2.155914e-06,0
408,0,0,1,0,2.028049e-06,0
409,0,0,1,0,2.251168e-06,0
410,0,0,1,0,2.333366e-06,0
411,0,0,1,0,2.341229e-06,0
412,0,0,1,0,2.271773e-06,0
413,0,0,1,0,2.125079e-06,0
414,0,0,1,0,1.677513e-06,0
415,0,0,1,0,1.670424e-06,0
416,0,0,1,0,1.601590e-06,0
417,0,0,1,0,1.498156e-06,0
418,0,0,1,0,1.394397e-06,0
419,0,0,1,0,1.707871e-06,0
420,0,0,1,0,1.648354e-06,0
421,0,0,1,0,1.536344e-06,0
422,0,0,1,0,1.390166e-06,0
423,0,0,1,0,1.261488e-06,0
424,0,0,1,0,1.525499e-06,0
425,0,0,1,0,1.455041e-06,0
426,0,0,1,0,1.351904e-06,0
427,0,0,1,0,1.247732e-06,0
428,0,0,1,0,1.168831e-06,0
429,0,0,1,0,1.344254e-06,0
430,0,0,1,0,1.277022e-06,0
431,0,0,1,0,1.200888e-06,0
432,0,0,1,0,1.137798e-06,0
433,0,0,1,0,1.098980e-06,0
434,0,0,1,0,1.166540e-06,0
435,0,0,1,0,1.118017e-06,0
436,0,0,1,0,1.069427e-06,0
437,0,0,1,0,1.039279e-06,0
438,0,0,1,0,1.032706e-06,0
439,0,0,1,0,1.010145e-06,0
440,0,0,1,0,9.658004e-07,0
441,0,0,1,0,9.366650e-07,0
442,0,0,1,0,9.337694e-07,0
443,0,0,1,0,9.592608e-07,0
444,0,0,1,0,8.497469e-07,0
445,0,0,1,0,8.154031e-07,0
446,0,0,1,0,8.011971e-07,0
447,0,0,1,0,8.161405e-07,0
448,0,0,1,0,8.611258e-07,0
449,0,0,1,0,7.077415e-07,0
450,0,0,1,0,6.661120e-07,0
451,0,0,1,0,6.559198e-07,0
452,0,0,1,0,6.801645e-07,0
453,0,0,1,0,7.378016e-07,0
454,0,0,1,0,5.567743e-07,0
455,0,0,1,0,5.158921e-07,0
456,0,0,1,0,5.131435e-07,0
457,0,0,1,0,5.516351e-07,0
458,0,0,1,0,6.299797e-07,0
459,0,0,1,0,4.166072e-07,0
460,0,0,1,0,3.707374e-07,0
461,0,0,1,0,3.720973e-07,0
462,0,0,1,0,4.212012e-07,0
463,0,0,1,0,5.155416e-07,0
464,0,0,1,0,3.089173e-07,0
465,0,0,1,0,2.499199e-07,0
466,0,0,1,0,2.495774e-07,0
467,0,0,1,0,3.067445e-07,0
468,0,0,1,0,4.188517e-07,0
469,0,0,1,0,2.054967e-07,0
470,0,0,1,0,1.371839e-07,0
471,0,0,1,0,1.352748e-07,0
472,0,0,1,0,1.986421e-07,0
473,0,0,1,0,3.234178e-07,0
474,0,0,1,0,1.238766e-07,0
475,0,0,1,0,4.298137e-08,0
476,0,0,1,0,3.818794e-08,0
477,0,0,1,0,1.086912e-07,0
478,0,0,1,0,2.483686e-07,0
479,0,0,1,0,4.898373e-07,0
480,0,0,1,0,3.390587e-06,0
481,0,0,1,0,2.092884e-06,0
482,0,0,1,0,5.070656e-06,0
483,0,0,1,0,3.364132e-06,0
484,0,0,1,0,1.240694e-06,0
485,0,0,1,0,4.466770e-07,0
486,0,0,1,0,1.145908e-06,0
487,0,0,1,0,-1.781611e-07,0
488,0,0,1,0,2.928730e-06,0
489,0,0,1,0,5.143830e-06,0
490,0,0,1,0,4.332006e-06,0
491,0,0,1,0,6.323618e-06,0
492,0,0,1,0,5.216964e-06,0
493,0,0,1,0,3.307720e-06,0
494,0,0,1,0,2.980503e-06,0
495,0,0,1,0,3.432532e-06,0
496,0,0,1,0,2.419496e-06,0
497,0,0,1,0,1.793368e-06,0
498,0,0,1,0,5.567956e-06,0
499,0,0,1,0,4.433670e-06,0
500,0,0,1,0,3.816829e-06,0
501,0,0,1,0,3.048286e-06,0
502,0,0,1,0,2.692584e-06,0
503,0,0,1,0,1.308698e-06,0
504,0,0,1,0,1.589466e-06,0
505,0,0,1,0,9.567650e-07,0
506,0,0,1,0,1.570990e-06,0
507,0,0,1,0,4.650166e-06,0
508,0,0,1,0,3.296258e-06,0
509,0,0,1,0,5.719815e-06,0
510,0,0,1,0,4.018497e-06,0
511,0,0,1,0,1.814226e-06,0
512,0,0,1,0,2.068930e-06,0
513,0,0,1,0,2.944617e-06,0
514,0,0,1,0,1.234971e-06,0
515,0,0,1,0,-6.826624e-08,0
516,0,0,1,0,5.505061e-09,0
517,0,0,1,0,1.079484e-07,0
518,0,0,1,0,2.317444e-07,0
519,0,0,1,0,3.740162e-07,0
520,0,0,1,0,5.251074e-07,0
521,0,0,1,0,6.775327e-07,0
522,0,0,1,0,8.229783e-07,0
523,0,0,1,0,9.550161e-07,0
524,0,0,1,0,1.065099e-06,0
525,0,0,1,0,1.148381e-06,0
526,0,0,1,0,1.200976e-06,0
527,0,0,1,0,1.219082e-06,0
528,0,0,1,0,1.199656e-06,0
529,0,0,1,0,1.139988e-06,0
530,0,0,1,0,1.032416e-06,0
531,0,0,1,0,8.891721e-07,0
532,0,0,1,0,-6.046281e-08,0
533,0,0,1,0,2.135305e-08,0
534,0,0,1,0,1.321789e-07,0
535,0,0,1,0,2.680338e-07,0
536,0,0,1,0,4.241483e-07,0
537,0,0,1,0,5.921492e-07,0
538,0,0,1,0,7.634213e-07,0
539,0,0,1,0,9.286929e-07,0
540,0,0,1,0,1.080382e-06,0
541,0,0,1,0,1.209836e-06,0
542,0,0,1,0,1.310355e-06,0
543,0,0,1,0,1.376359e-06,0
544,0,0,1,0,1.401709e-06,0
545,0,0,1,0,1.380931e-06,0
546,0,0,1,0,1.309299e-06,0
547,0,0,1,0,1.176961e-06,0
548,0,0,1,0,9.904375e-07,0
549,0,0,1,0,-5.857061e-08,0
550,0,0,1,0,2.487119e-08,0
551,0,0,1,0,1.376688e-07,0
552,0,0,1,0,2.765467e-07,0
553,0,0,1,0,4.362528e-07,0
554,0,0,1,0,6.091131e-07,0
555,0,0,1,0,7.863244e-07,0
556,0,0,1,0,9.584972e-07,0
557,0,0,1,0,1.116706e-06,0
558,0,0,1,0,1.252996e-06,0
559,0,0,1,0,1.359686e-06,0
560,0,0,1,0,1.429738e-06,0
561,0,0,1,0,1.455579e-06,0
562,0,0,1,0,1.430439e-06,0
563,0,0,1,0,1.348407e-06,0
564,0,0,1,0,1.201259e-06,0
565,0,0,1,0,9.952401e-07,0
566,0,0,1,0,-6.254869e-08,0
567,0,0,1,0,1.665577e-08,0
568,0,0,1,0,1.252731e-07,0
569,0,0,1,0,2.586138e-07,0
570,0,0,1,0,4.119582e-07,0
571,0,0,1,0,5.777902e-07,0
572,0,0,1,0,7.477895e-07,0
573,0,0,1,0,9.127869e-07,0
574,0,0,1,0,1.063837e-06,0
575,0,0,1,0,1.193572e-06,0
576,0,0,1,0,1.294305e-06,0
577,0,0,1,0,1.358485e-06,0
578,0,0,1,0,1.378268e-06,0
579,0,0,1,0,1.346570e-06,0
580,0,0,1,0,1.257882e-06,0
581,0,0,1,0,1.106990e-06,0
582,0,0,1,0,9.093242e-07,0
583,0,0,1,0,-7.160213e-08,0
584,0,0,1,0,-2.262723e-09,0
585,0,0,1,0,9.662646e-08,0
586,0,0,1,0,2.167065e-07,0
587,0,0,1,0,3.547118e-07,0
588,0,0,1,0,5.023954e-07,0
589,0,0,1,0,6.530788e-07,0
590,0,0,1,0,7.978356e-07,0
591,0,0,1,0,9.291642e-07,0
592,0,0,1,0,1.040194e-06,0
593,0,0,1,0,1.124154e-06,0
594,0,0,1,0,1.173981e-06,0
595,0,0,1,0,1.182887e-06,0
596,0,0,1,0,1.144450e-06,0
597,0,0,1,0,1.054871e-06,0
598,0,0,1,0,9.110072e-07,0
599,0,0,1,0,7.365200e-07,0
600,0,0,1,0,-1.979429e-07,0
601,0,0,1,0,-2.630485e-07,0
602,0,0,1,0,-3.643897e-07,0
603,0,0,1,0,-4.910972e-07,0
604,0,0,1,0,-6.333143e-07,0
605,0,0,1,0,-7.799401e-07,0
606,0,0,1,0,-9.232645e-07,0
607,0,0,1,0,-1.055449e-06,0
608,0,0,1,0,-1.169098e-06,0
609,0,0,1,0,-1.256491e-06,0
610,0,0,1,0,-1.312247e-06,0
611,0,0,1,0,-1.331969e-06,0
612,0,0,1,0,-1.310579e-06,0
613,0,0,1,0,-1.246278e-06,0
614,0,0,1,0,-1.141860e-06,0
615,0,0,1,0,-1.004134e-06,0
616,0,0,1,0,-8.484882e-07,0
617,0,0,1,0,-2.051701e-07,0
618,0,0,1,0,-2.802704e-07,0
619,0,0,1,0,-3.947667e-07,0
620,0,0,1,0,-5.381010e-07,0
621,0,0,1,0,-6.983372e-07,0
622,0,0,1,0,-8.633263e-07,0
623,0,0,1,0,-1.023278e-06,0
624,0,0,1,0,-1.169347e-06,0
625,0,0,1,0,-1.292998e-06,0
626,0,0,1,0,-1.385923e-06,0
627,0,0,1,0,-1.442381e-06,0
628,0,0,1,0,-1.458590e-06,0
629,0,0,1,0,-1.430394e-06,0
630,0,0,1,0,-1.358431e-06,0
631,0,0,1,0,-1.248844e-06,0
632,0,0,1,0,-1.114592e-06,0
633,0,0,1,0,-9.704228e-07,0
634,0,0,1,0,-2.064619e-07,0
635,0,0,1,0,-2.856858e-07,0
636,0,0,1,0,-4.058994e-07,0
637,0,0,1,0,-5.560015e-07,0
638,0,0,1,0,-7.232947e-07,0
639,0,0,1,0,-8.956557e-07,0
640,0,0,1,0,-1.062610e-06,0
641,0,0,1,0,-1.214288e-06,0
642,0,0,1,0,-1.342211e-06,0
643,0,0,1,0,-1.438220e-06,0
644,0,0,1,0,-1.496304e-06,0
645,0,0,1,0,-1.512746e-06,0
646,0,0,1,0,-1.485179e-06,0
647,0,0,1,0,-1.415625e-06,0
648,0,0,1,0,-1.311525e-06,0
649,0,0,1,0,-1.187806e-06,0
650,0,0,1,0,-1.055751e-06,0
651,0,0,1,0,-2.029279e-07,0
652,0,0,1,0,-2.791968e-07,0
653,0,0,1,0,-3.961551e-07,0
654,0,0,1,0,-5.418258e-07,0
655,0,0,1,0,-7.040659e-07,0
656,0,0,1,0,-8.716457e-07,0
657,0,0,1,0,-1.034731e-06,0
658,0,0,1,0,-1.183343e-06,0
659,0,0,1,0,-1.309484e-06,0
660,0,0,1,0,-1.405692e-06,0
661,0,0,1,0,-1.466239e-06,0
662,0,0,1,0,-1.487475e-06,0
663,0,0,1,0,-1.468180e-06,0
664,0,0,1,0,-1.410758e-06,0
665,0,0,1,0,-1.321695e-06,0
666,0,0,1,0,-1.213429e-06,0
667,0,0,1,0,-1.090397e-06,0
668,0,0,1,0,-1.953413e-07,0
669,0,0,1,0,-2.619981e-07,0
670,0,0,1,0,-3.661761e-07,0
671,0,0,1,0,-4.958238e-07,0
672,0,0,1,0,-6.409358e-07,0
673,0,0,1,0,-7.915383e-07,0
674,0,0,1,0,-9.395773e-07,0
675,0,0,1,0,-1.075968e-06,0
676,0,0,1,0,-1.193676e-06,0
677,0,0,1,0,-1.286326e-06,0
678,0,0,1,0,-1.348888e-06,0
679,0,0,1,0,-1.377962e-06,0
680,0,0,1,0,-1.372535e-06,0
681,0,0,1,0,-1.334274e-06,0
682,0,0,1,0,-1.267156e-06,0
683,0,0,1,0,-1.178292e-06,0
684,0,0,1,0,-1.068586e-06,0
685,0,0,1,0,-9.538334e-08,0
686,0,0,1,0,-1.126562e-07,0
687,0,0,1,0,-1.321085e-07,0
688,0,0,1,0,-1.521940e-07,0
689,0,0,1,0,-1.702935e-07,0
690,0,0,1,0,-4.925058e-08,0
691,0,0,1,0,-8.511016e-08,0
692,0,0,1,0,-1.260975e-07,0
693,0,0,1,0,-1.679250e-07,0
694,0,0,1,0,-2.059827e-07,0
695,0,0,1,0,1.456838e-08,0
696,0,0,1,0,-4.782698e-08,0
697,0,0,1,0,-1.174342e-07,0
698,0,0,1,0,-1.893829e-07,0
699,0,0,1,0,-2.581950e-07,0
700,0,0,1,0,9.184366e-08,0
701,0,0,1,0,-1.785488e-09,0
702,0,0,1,0,-1.073157e-07,0
703,0,0,1,0,-2.180021e-07,0
704,0,0,1,0,-3.255653e-07,0
705,0,0,1,0,1.779569e-07,0
706,0,0,1,0,4.599009e-08,0
707,0,0,1,0,-1.016554e-07,0
708,0,0,1,0,-2.557129e-07,0
709,0,0,1,0,-4.051778e-07,0
710,0,0,1,0,2.655269e-07,0
711,0,0,1,0,9.224476e-08,0
712,0,0,1,0,-1.000231e-07,0
713,0,0,1,0,-2.989305e-07,0
714,0,0,1,0,-4.906427e-07,0
715,0,0,1,0,3.499145e-07,0
716,0,0,1,0,1.339704e-07,0
717,0,0,1,0,-1.031382e-07,0
718,0,0,1,0,-3.460822e-07,0
719,0,0,1,0,-5.783238e-07,0
720,0,0,1,0,4.258847e-07,0
721,0,0,1,0,1.679737e-07,0
722,0,0,1,0,-1.119372e-07,0
723,0,0,1,0,-3.954859e-07,0
724,0,0,1,0,-6.637283e-07,0
725,0,0,1,0,4.896277e-07,0
726,0,0,1,0,1.921646e-07,0
727,0,0,1,0,-1.264368e-07,0
728,0,0,1,0,-4.450262e-07,0
729,0,0,1,0,-7.427832e-07,0
730,0,0,1,0,5.372549e-07,0
731,0,0,1,0,2.051585e-07,0
732,0,0,1,0,-1.460575e-07,0
733,0,0,1,0,-4.925041e-07,0
734,0,0,1,0,-8.118239e-07,0
735,0,0,1,0,5.667083e-07,0
736,0,0,1,0,2.061499e-07,0
737,0,0,1,0,-1.703266e-07,0
738,0,0,1,0,-5.362145e-07,0
739,0,0,1,0,-8.679761e-07,0
740,0,0,1,0,5.771117e-07,0
741,0,0,1,0,1.953782e-07,0
742,0,0,1,0,-1.980694e-07,0
743,0,0,1,0,-5.742410e-07,0
744,0,0,1,0,-9.087203e-07,0
745,0,0,1,0,5.692533e-07,0
746,0,0,1,0,1.749947e-07,0
747,0,0,1,0,-2.266291e-07,0
748,0,0,1,0,-6.040822e-07,0
749,0,0,1,0,-9.320745e-07,0
750,0,0,1,0,5.455473e-07,0
751,0,0,1,0,1.491506e-07,0
752,0,0,1,0,-2.512956e-07,0
753,0,0,1,0,-6.217361e-07,0
754,0,0,1,0,-9.358155e-07,0
755,0,0,1,0,5.100414e-07,0
756,0,0,1,0,1.244071e-07,0
757,0,0,1,0,-2.647879e-07,0
758,0,0,1,0,-6.211746e-07,0
759,0,0,1,0,-9.166933e-07,0
760,0,0,1,0,4.684465e-07,0
761,0,0,1,0,1.107254e-07,0
762,0,0,1,0,-2.561815e-07,0
763,0,0,1,0,-5.937707e-07,0
764,0,0,1,0,-8.704624e-07,0
765,0,0,1,0,4.358612e-07,0
766,0,0,1,0,1.224539e-07,0
767,0,0,1,0,-2.103461e-07,0
768,0,0,1,0,-5.262927e-07,0
769,0,0,1,0,-7.896884e-07,0
770,0,0,1,0,-1.705193e-07,0
771,0,0,1,0,-1.537434e-07,0
772,0,0,1,0,-1.358655e-07,0
773,0,0,1,0,-1.175147e-07,0
774,0,0,1,0,-9.982686e-08,0
775,0,0,1,0,-2.063943e-07,0
776,0,0,1,0,-1.709955e-07,0
777,0,0,1,0,-1.327441e-07,0
778,0,0,1,0,-9.415848e-08,0
779,0,0,1,0,-5.872807e-08,0
780,0,0,1,0,-2.618448e-07,0
781,0,0,1,0,-1.975114e-07,0
782,0,0,1,0,-1.294319e-07,0
783,0,0,1,0,-6.172734e-08,0
784,0,0,1,0,7.790251e-10,0
785,0,0,1,0,-3.300944e-07,0
786,0,0,1,0,-2.287035e-07,0
787,0,0,1,0,-1.228464e-07,0
788,0,0,1,0,-1.923705e-08,0
789,0,0,1,0,7.482282e-08,0
790,0,0,1,0,-4.065316e-07,0
791,0,0,1,0,-2.631338e-07,0
792,0,0,1,0,-1.149296e-07,0
793,0,0,1,0,2.838204e-08,0
794,0,0,1,0,1.582998e-07,0
795,0,0,1,0,-4.893813e-07,0
796,0,0,1,0,-3.052494e-07,0
797,0,0,1,0,-1.141588e-07,0
798,0,0,1,0,7.217573e-08,0
799,0,0,1,0,2.426920e-07,0
800,0,0,1,0,-5.737008e-07,0
801,0,0,1,0,-3.505339e-07,0
802,0,0,1,0,-1.170738e-07,0
803,0,0,1,0,1.128599e-07,0
804,0,0,1,0,3.256389e-07,0
805,0,0,1,0,-6.553351e-07,0
806,0,0,1,0,-3.973126e-07,0
807,0,0,1,0,-1.245789e-07,0
808,0,0,1,0,1.470663e-07,0
809,0,0,1,0,4.012584e-07,0
810,0,0,1,0,-7.303122e-07,0
811,0,0,1,0,-4.435847e-07,0
812,0,0,1,0,-1.367397e-07,0
813,0,0,1,0,1.728176e-07,0
814,0,0,1,0,4.660018e-07,0
815,0,0,1,0,-7.946070e-07,0
816,0,0,1,0,-4.873245e-07,0
817,0,0,1,0,-1.535479e-07,0
818,0,0,1,0,1.880121e-07,0
819,0,0,1,0,5.156001e-07,0
820,0,0,1,0,-8.437594e-07,0
821,0,0,1,0,-5.256072e-07,0
822,0,0,1,0,-1.741687e-07,0
823,0,0,1,0,1.912387e-07,0
824,0,0,1,0,5.466224e-07,0
825,0,0,1,0,-8.727446e-07,0
826,0,0,1,0,-5.545792e-07,0
827,0,0,1,0,-1.967912e-07,0
828,0,0,1,0,1.817532e-07,0
829,0,0,1,0,5.556661e-07,0
830,0,0,1,0,-8.770397e-07,0
831,0,0,1,0,-5.705910e-07,0
832,0,0,1,0,-2.192751e-07,0
833,0,0,1,0,1.596477e-07,0
834,0,0,1,0,5.404438e-07,0
835,0,0,1,0,-8.511910e-07,0
836,0,0,1,0,-5.683134e-07,0
837,0,0,1,0,-2.376835e-07,0
838,0,0,1,0,1.263945e-07,0
839,0,0,1,0,4.993027e-07,0
840,0,0,1,0,-7.898713e-07,0
841,0,0,1,0,-5.408803e-07,0
842,0,0,1,0,-2.459302e-07,0
843,0,0,1,0,8.583764e-08,0
844,0,0,1,0,4.334238e-07,0
845,0,0,1,0,-6.866621e-07,0
846,0,0,1,0,-4.786220e-07,0
847,0,0,1,0,-2.340417e-07,0
848,0,0,1,0,4.534179e-08,0
849,0,0,1,0,3.458963e-07,0
850,0,0,1,0,-5.413404e-07,0
851,0,0,1,0,-3.695349e-07,0
852,0,0,1,0,-1.840601e-07,0
853,0,0,1,0,2.345636e-08,0
854,0,0,1,0,2.569423e-07,0
855,0,0,1,0,-1.002870e-10,0
856,0,0,1,0,4.038175e-11,0
857,0,0,1,0,-2.466365e-10,0
858,0,0,1,0,1.362140e-10,0
859,0,0,1,0,-5.467811e-11,0
860,0,0,1,0,-2.696435e-10,0
861,0,0,1,0,6.176678e-11,0
862,0,0,1,0,1.939649e-10,0
863,0,0,1,0,-1.164271e-11,0
864,0,0,1,0,-7.089807e-10,0
865,0,0,1,0,-2.078648e-10,0
866,0,0,1,0,-4.473646e-10,0
867,0,0,1,0,-7.629175e-10,0
868,0,0,1,0,-6.501233e-10,0
869,0,0,1,0,5.561447e-11,0
870,0,0,1,0,-2.722048e-11,0
871,0,0,1,0,-9.432029e-10,0
872,0,0,1,0,-3.009869e-10,0
873,0,0,1,0,7.019774e-12,0
874,0,0,1,0,-7.997453e-11,0
875,0,0,1,0,-3.486685e-10,0
876,0,0,1,0,7.516446e-11,0
877,0,0,1,0,-2.611514e-11,0
878,0,0,1,0,-2.808850e-10,0
879,0,0,1,0,1.754995e-10,0
880,0,0,1,0,1.516878e-10,0
881,0,0,1,0,4.609291e-11,0
882,0,0,1,0,8.035570e-11,0
883,0,0,1,0,5.140796e-10,0
884,0,0,1,0,3.471272e-10,0
885,0,0,1,0,1.712320e-10,0
886,0,0,1,0,1.597133e-10,0
887,0,0,1,0,1.384305e-09,0
888,0,0,1,0,8.917942e-10,0
889,0,0,1,0,1.502275e-09,0
890,0,0,1,0,1.040880e-09,0
891,0,0,1,0,5.684999e-07,0
892,0,0,1,0,6.860292e-07,0
893,0,0,1,0,5.635955e-07,0
894,0,0,1,0,4.279468e-07,0
895,0,0,1,0,7.217281e-07,0
896,0,0,1,0,6.107286e-07,0
897,0,0,1,0,4.783395e-07,0
898,0,0,1,0,7.669487e-07,0
899,0,0,1,0,6.754771e-07,0
900,0,0,1,0,5.455701e-07,0
901,0,0,1,0,8.166417e-07,0
902,0,0,1,0,7.352144e-07,0
903,0,0,1,0,6.210332e-07,0
904,0,0,1,0,8.665974e-07,0
905,0,0,1,0,8.077107e-07,0
906,0,0,1,0,7.036296e-07,0
907,0,0,1,0,9.156176e-07,0
908,0,0,1,0,8.713283e-07,0
909,0,0,1,0,7.879729e-07,0
910,0,0,1,0,9.678459e-07,0
911,0,0,1,0,9.530866e-07,0
912,0,0,1,0,8.753589e-07,0
913,0,0,1,0,1.027952e-06,0
914,0,0,1,0,1.013765e-06,0
915,0,0,1,0,9.806720e-07,0
916,0,0,1,0,1.057527e-06,0
917,0,0,1,0,1.047581e-06,0
918,0,0,1,0,1.024873e-06,0
919,0,0,1,0,1.083136e-06,0
920,0,0,1,0,1.079222e-06,0
921,0,0,1,0,1.067958e-06,0
922,0,0,1,0,1.110386e-06,0
923,0,0,1,0,1.117124e-06,0
924,0,0,1,0,1.108528e-06,0
925,0,0,1,0,1.157845e-06,0
926,0,0,1,0,1.166861e-06,0
927,0,0,1,0,1.159240e-06,0
928,0,0,1,0,1.167574e-06,0
929,0,0,1,0,1.189332e-06,0
930,0,0,1,0,1.232473e-06,0
931,0,0,1,0,1.093068e-06,0
932,0,0,1,0,6.259189e-07,0
933,0,0,1,0,1.247679e-06,0
934,0,0,1,0,7.377590e-07,0
935,0,0,1,0,9.828645e-07,0
936,0,0,1,0,8.296592e-07,0
937,0,0,1,0,9.919694e-07,0
938,0,0,1,0,8.574373e-07,0
939,0,0,1,0,1.008876e-06,0
940,0,0,1,0,8.925729e-07,0
941,0,0,1,0,1.028620e-06,0
942,0,0,1,0,9.259956e-07,0
943,0,0,1,0,1.044127e-06,0
944,0,0,1,0,9.600612e-07,0
945,0,0,1,0,1.057684e-06,0
946,0,0,1,0,9.906020e-07,0
947,0,0,1,0,1.072867e-06,0
948,0,0,1,0,1.031390e-06,0
949,0,0,1,0,1.090274e-06,0
950,0,0,1,0,1.059026e-06,0
951,0,0,1,0,1.098159e-06,0
952,0,0,1,0,1.077396e-06,0
953,0,0,1,0,1.110644e-06,0
954,0,0,1,0,1.097107e-06,0
955,0,0,1,0,1.130465e-06,0
956,0,0,1,0,1.130514e-06,0
957,0,0,1,0,1.181168e-06,0
958,0,0,1,0,1.179926e-06,0
959,0,0,1,0,1.138251e-06,0
960,0,0,1,0,1.097309e-06,0
961,0,0,1,0,9.815680e-07,0
962,0,0,1,0,4.693571e-07,0
963,0,0,1,0,8.426964e-07,0
964,0,0,1,0,1.303455e-06,0
965,0,0,1,0,1.127416e-06,0
966,0,0,1,0,1.278823e-06,0
967,0,0,1,0,1.124619e-06,0
968,0,0,1,0,1.262800e-06,0
969,0,0,1,0,1.127104e-06,0
970,0,0,1,0,1.248487e-06,0
971,0,0,1,0,1.127691e-06,0
972,0,0,1,0,1.227987e-06,0
973,0,0,1,0,1.124841e-06,0
974,0,0,1,0,1.206144e-06,0
975,0,0,1,0,1.119417e-06,0
976,0,0,1,0,1.181929e-06,0
977,0,0,1,0,1.117565e-06,0
978,0,0,1,0,1.160772e-06,0
979,0,0,1,0,1.112748e-06,0
980,0,0,1,0,1.142461e-06,0
981,0,0,1,0,1.112850e-06,0
982,0,0,1,0,1.138289e-06,0
983,0,0,1,0,1.121164e-06,0
984,0,0,1,0,1.146693e-06,0
985,0,0,1,0,1.150691e-06,0
986,0,0,1,0,1.188588e-06,0
987,0,0,1,0,1.186512e-06,0
988,0,0,1,0,1.103232e-06,0
989,0,0,1,0,1.032562e-06,0
990,0,0,1,0,8.834651e-07,0
991,0,0,1,0,3.387603e-07,0
992,0,0,1,0,1.195610e-06,0
993,0,0,1,0,1.619810e-06,0
994,0,0,1,0,1.433304e-06,0
995,0,0,1,0,1.563616e-06,0
996,0,0,1,0,1.397534e-06,0
997,0,0,1,0,1.514029e-06,0
998,0,0,1,0,1.365126e-06,0
999,0,0,1,0,1.464253e-06,0
1000,0,0,1,0,1.330566e-06,0
1001,0,0,1,0,1.406828e-06,0
1002,0,0,1,0,1.290736e-06,0
1003,0,0,1,0,1.350789e-06,0
1004,0,0,1,0,1.249846e-06,0
1005,0,0,1,0,1.287373e-06,0
1006,0,0,1,0,1.206319e-06,0
1007,0,0,1,0,1.229830e-06,0
1008,0,0,1,0,1.169687e-06,0
1009,0,0,1,0,1.181672e-06,0
1010,0,0,1,0,1.145181e-06,0
1011,0,0,1,0,1.153741e-06,0
1012,0,0,1,0,1.136478e-06,0
1013,0,0,1,0,1.140136e-06,0
1014,0,0,1,0,1.150488e-06,0
1015,0,0,1,0,1.157447e-06,0
1016,0,0,1,0,1.161679e-06,0
1017,0,0,1,0,1.038495e-06,0
1018,0,0,1,0,9.590147e-07,0
1019,0,0,1,0,7.732522e-07,0
1020,0,0,1,0,2.164795e-07,0
1021,0,0,1,0,1.708237e-06,0
1022,0,0,1,0,1.906249e-06,0
1023,0,0,1,0,1.724106e-06,0
1024,0,0,1,0,1.827908e-06,0
1025,0,0,1,0,1.660138e-06,0
1026,0,0,1,0,1.747731e-06,0
1027,0,0,1,0,1.592541e-06,0
1028,0,0,1,0,1.664169e-06,0
1029,0,0,1,0,1.523922e-06,0
1030,0,0,1,0,1.571032e-06,0
1031,0,0,1,0,1.445040e-06,0
1032,0,0,1,0,1.482449e-06,0
1033,0,0,1,0,1.372448e-06,0
1034,0,0,1,0,1.381333e-06,0
1035,0,0,1,0,1.285695e-06,0
1036,0,0,1,0,1.286339e-06,0
1037,0,0,1,0,1.219240e-06,0
1038,0,0,1,0,1.205179e-06,0
1039,0,0,1,0,1.161351e-06,0
1040,0,0,1,0,1.143900e-06,0
1041,0,0,1,0,1.128604e-06,0
1042,0,0,1,0,1.096450e-06,0
1043,0,0,1,0,1.109253e-06,0
1044,0,0,1,0,1.070275e-06,0
1045,0,0,1,0,1.089943e-06,0
1046,0,0,1,0,9.250168e-07,0
1047,0,0,1,0,8.535943e-07,0
1048,0,0,1,0,6.333639e-07,0
1049,0,0,1,0,8.469485e-08,0
1050,0,0,1,0,2.108325e-06,0
1051,0,0,1,0,2.143390e-06,0
1052,0,0,1,0,1.980066e-06,0
1053,0,0,1,0,2.052685e-06,0
1054,0,0,1,0,1.897851e-06,0
1055,0,0,1,0,1.950623e-06,0
1056,0,0,1,0,1.794989e-06,0
1057,0,0,1,0,1.839395e-06,0
1058,0,0,1,0,1.698731e-06,0
1059,0,0,1,0,1.712354e-06,0
1060,0,0,1,0,1.578625e-06,0
1061,0,0,1,0,1.586037e-06,0
1062,0,0,1,0,1.483356e-06,0
1063,0,0,1,0,1.449057e-06,0
1064,0,0,1,0,1.345343e-06,0
1065,0,0,1,0,1.312214e-06,0
1066,0,0,1,0,1.254259e-06,0
1067,0,0,1,0,1.193910e-06,0
1068,0,0,1,0,1.147456e-06,0
1069,0,0,1,0,1.088381e-06,0
1070,0,0,1,0,1.088836e-06,0
1071,0,0,1,0,9.956115e-07,0
1072,0,0,1,0,1.010204e-06,0
1073,0,0,1,0,9.047237e-07,0
1074,0,0,1,0,9.550943e-07,0
1075,0,0,1,0,7.398851e-07,0
1076,0,0,1,0,6.971318e-07,0
1077,0,0,1,0,4.632380e-07,0
1078,0,0,1,0,-6.541049e-08,0
1079,0,0,1,0,1.878530e-06,0
1080,0,0,1,0,1.663057e-06,0
1081,0,0,1,0,1.765862e-06,0
1082,0,0,1,0,1.949125e-06,0
1083,0,0,1,0,1.603156e-06,0
1084,0,0,1,0,1.700620e-06,0
1085,0,0,1,0,1.872006e-06,0
1086,0,0,1,0,1.545277e-06,0
1087,0,0,1,0,1.619640e-06,0
1088,0,0,1,0,1.787008e-06,0
1089,0,0,1,0,1.482667e-06,0
1090,0,0,1,0,1.539351e-06,0
1091,0,0,1,0,1.692671e-06,0
1092,0,0,1,0,1.403343e-06,0
1093,0,0,1,0,1.422598e-06,0
1094,0,0,1,0,1.575469e-06,0
1095,0,0,1,0,1.307289e-06,0
1096,0,0,1,0,1.303082e-06,0
1097,0,0,1,0,1.434482e-06,0
1098,0,0,1,0,1.205537e-06,0
1099,0,0,1,0,1.178557e-06,0
1100,0,0,1,0,1.287709e-06,0
1101,0,0,1,0,1.105205e-06,0
1102,0,0,1,0,1.039762e-06,0
1103,0,0,1,0,1.149707e-06,0
1104,0,0,1,0,9.738912e-07,0
1105,0,0,1,0,8.703436e-07,0
1106,0,0,1,0,9.532237e-07,0
1107,0,0,1,0,8.410851e-07,0
1108,0,0,1,0,7.105384e-07,0
1109,0,0,1,0,7.601979e-07,0
1110,0,0,1,0,7.180785e-07,0
1111,0,0,1,0,5.663529e-07,0
1112,0,0,1,0,5.771278e-07,0
1113,0,0,1,0,6.229010e-07,0
1114,0,0,1,0,4.372343e-07,0
1115,0,0,1,0,4.143639e-07,0
1116,0,0,1,0,4.873699e-07,0
1117,0,0,1,0,2.755487e-07,0
1118,0,0,1,0,2.612560e-07,0
1119,0,0,1,0,2.912549e-07,0
1120,0,0,1,0,-3.937615e-07,0
1121,0,0,1,0,9.631189e-08,0
1122,0,0,1,0,1.438535e-06,0
1123,0,0,1,0,1.352392e-06,0
1124,0,0,1,0,1.474704e-06,0
1125,0,0,1,0,1.316243e-06,0
1126,0,0,1,0,1.431743e-06,0
1127,0,0,1,0,1.289175e-06,0
1128,0,0,1,0,1.387776e-06,0
1129,0,0,1,0,1.261691e-06,0
1130,0,0,1,0,1.338611e-06,0
1131,0,0,1,0,1.222769e-06,0
1132,0,0,1,0,1.270421e-06,0
1133,0,0,1,0,1.174432e-06,0
1134,0,0,1,0,1.194805e-06,0
1135,0,0,1,0,1.122271e-06,0
1136,0,0,1,0,1.119018e-06,0
1137,0,0,1,0,1.068325e-06,0
1138,0,0,1,0,1.029803e-06,0
1139,0,0,1,0,1.003068e-06,0
1140,0,0,1,0,9.295248e-07,0
1141,0,0,1,0,9.411006e-07,0
1142,0,0,1,0,8.341167e-07,0
1143,0,0,1,0,8.865262e-07,0
1144,0,0,1,0,7.572197e-07,0
1145,0,0,1,0,8.645911e-07,0
1146,0,0,1,0,7.002833e-07,0
1147,0,0,1,0,7.562342e-07,0
1148,0,0,1,0,5.196638e-07,0
1149,0,0,1,0,5.478412e-07,0
1150,0,0,1,0,-1.781045e-07,0
1151,0,0,1,0,9.143730e-07,0
1152,0,0,1,0,1.038823e-06,0
1153,0,0,1,0,1.173017e-06,0
1154,0,0,1,0,1.028870e-06,0
1155,0,0,1,0,1.156061e-06,0
1156,0,0,1,0,1.031930e-06,0
1157,0,0,1,0,1.145633e-06,0
1158,0,0,1,0,1.038598e-06,0
1159,0,0,1,0,1.132087e-06,0
1160,0,0,1,0,1.040462e-06,0
1161,0,0,1,0,1.111031e-06,0
1162,0,0,1,0,1.041551e-06,0
1163,0,0,1,0,1.084720e-06,0
1164,0,0,1,0,1.039584e-06,0
1165,0,0,1,0,1.058451e-06,0
1166,0,0,1,0,1.039293e-06,0
1167,0,0,1,0,1.027337e-06,0
1168,0,0,1,0,1.039595e-06,0
1169,0,0,1,0,9.985100e-07,0
1170,0,0,1,0,1.049280e-06,0
1171,0,0,1,0,9.742614e-07,0
1172,0,0,1,0,1.063755e-06,0
1173,0,0,1,0,9.671565e-07,0
1174,0,0,1,0,1.105282e-06,0
1175,0,0,1,0,9.685344e-07,0
1176,0,0,1,0,1.027068e-06,0
1177,0,0,1,0,7.935810e-07,0
1178,0,0,1,0,8.267654e-07,0
1179,0,0,1,0,8.736297e-08,0
1180,0,0,1,0,5.772301e-07,0
1181,0,0,1,0,7.388964e-07,0
1182,0,0,1,0,8.764212e-07,0
1183,0,0,1,0,7.566409e-07,0
1184,0,0,1,0,8.874557e-07,0
1185,0,0,1,0,7.876102e-07,0
1186,0,0,1,0,9.080895e-07,0
1187,0,0,1,0,8.254062e-07,0
1188,0,0,1,0,9.297172e-07,0
1189,0,0,1,0,8.657522e-07,0
1190,0,0,1,0,9.545380e-07,0
1191,0,0,1,0,9.161298e-07,0
1192,0,0,1,0,9.794257e-07,0
1193,0,0,1,0,9.631487e-07,0
1194,0,0,1,0,1.003825e-06,0
1195,0,0,1,0,1.017291e-06,0
1196,0,0,1,0,1.033018e-06,0
1197,0,0,1,0,1.078418e-06,0
1198,0,0,1,0,1.070879e-06,0
1199,0,0,1,0,1.153268e-06,0
1200,0,0,1,0,1.115951e-06,0
1201,0,0,1,0,1.230635e-06,0
1202,0,0,1,0,1.172245e-06,0
1203,0,0,1,0,1.325571e-06,0
1204,0,0,1,0,1.220385e-06,0
1205,0,0,1,0,1.281330e-06,0
1206,0,0,1,0,1.066103e-06,0
1207,0,0,1,0,1.099366e-06,0
1208,0,0,1,0,3.701950e-07,0
1209,0,0,1,0,4.989879e-07,0
1210,0,0,1,0,4.703188e-07,0
1211,0,0,1,0,6.028582e-07,0
1212,0,0,1,0,5.141286e-07,0
1213,0,0,1,0,6.394800e-07,0
1214,0,0,1,0,5.691861e-07,0
1215,0,0,1,0,6.885238e-07,0
1216,0,0,1,0,6.336273e-07,0
1217,0,0,1,0,7.410146e-07,0
1218,0,0,1,0,7.090270e-07,0
1219,0,0,1,0,8.087182e-07,0
1220,0,0,1,0,8.061300e-07,0
1221,0,0,1,0,8.840577e-07,0
1222,0,0,1,0,8.978986e-07,0
1223,0,0,1,0,9.548306e-07,0
1224,0,0,1,0,9.996061e-07,0
1225,0,0,1,0,1.041954e-06,0
1226,0,0,1,0,1.112176e-06,0
1227,0,0,1,0,1.135180e-06,0
1228,0,0,1,0,1.238661e-06,0
1229,0,0,1,0,1.242774e-06,0
1230,0,0,1,0,1.368951e-06,0
1231,0,0,1,0,1.351579e-06,0
1232,0,0,1,0,1.508633e-06,0
1233,0,0,1,0,1.444234e-06,0
1234,0,0,1,0,1.501684e-06,0
1235,0,0,1,0,1.315786e-06,0
1236,0,0,1,0,1.338690e-06,0
1237,0,0,1,0,6.403714e-07,0
1238,0,0,1,0,3.641447e-07,0
1239,0,0,1,0,2.500126e-07,0
1240,0,0,1,0,3.692491e-07,0
1241,0,0,1,0,3.080105e-07,0
1242,0,0,1,0,4.239118e-07,0
1243,0,0,1,0,3.838679e-07,0
1244,0,0,1,0,4.998976e-07,0
1245,0,0,1,0,4.711136e-07,0
1246,0,0,1,0,5.752194e-07,0
1247,0,0,1,0,5.763565e-07,0
1248,0,0,1,0,6.846668e-07,0
1249,0,0,1,0,7.095030e-07,0
1250,0,0,1,0,8.081546e-07,0
1251,0,0,1,0,8.385383e-07,0
1252,0,0,1,0,9.123471e-07,0
1253,0,0,1,0,9.747034e-07,0
1254,0,0,1,0,1.052035e-06,0
1255,0,0,1,0,1.124261e-06,0
1256,0,0,1,0,1.178417e-06,0
1257,0,0,1,0,1.283325e-06,0
1258,0,0,1,0,1.341254e-06,0
1259,0,0,1,0,1.452123e-06,0
1260,0,0,1,0,1.482803e-06,0
1261,0,0,1,0,1.627044e-06,0
1262,0,0,1,0,1.624908e-06,0
1263,0,0,1,0,1.655970e-06,0
1264,0,0,1,0,1.514180e-06,0
1265,0,0,1,0,1.523287e-06,0
1266,0,0,1,0,8.691212e-07,0
1267,0,0,1,0,5.028992e-07,0
1268,0,0,1,0,2.914998e-07,0
1269,0,0,1,0,-2.177325e-07,0
1270,0,0,1,0,3.111027e-07,0
1271,0,0,1,0,1.366549e-07,0
1272,0,0,1,0,-3.719767e-07,0
1273,0,0,1,0,1.519531e-07,0
1274,0,0,1,0,2.511655e-08,0
1275,0,0,1,0,-4.964422e-07,0
1276,0,0,1,0,5.644741e-08,0
1277,0,0,1,0,-2.168023e-08,0
1278,0,0,1,0,-5.609888e-07,0
1279,0,0,1,0,3.917688e-08,0
1280,0,0,1,0,-3.352755e-09,0
1281,0,0,1,0,-5.725093e-07,0
1282,0,0,1,0,1.069289e-07,0
1283,0,0,1,0,-5.251005e-07,0
1284,0,0,1,0,7.287505e-07,0
1285,0,0,1,0,5.173659e-07,0
1286,0,0,1,0,4.951885e-07,0
1287,0,0,1,0,3.134145e-07,0
1288,0,0,1,0,3.136885e-07,0
1289,0,0,1,0,1.706171e-07,0
1290,0,0,1,0,2.037797e-07,0
1291,0,0,1,0,1.078830e-07,0
1292,0,0,1,0,1.813610e-07,0
1293,0,0,1,0,1.357201e-07,0
1294,0,0,1,0,2.543921e-07,0
1295,0,0,1,0,8.496539e-07,0
1296,0,0,1,0,6.952891e-07,0
1297,0,0,1,0,6.706232e-07,0
1298,0,0,1,0,4.973160e-07,0
1299,0,0,1,0,5.126338e-07,0
1300,0,0,1,0,3.526085e-07,0
1301,0,0,1,0,4.083098e-07,0
1302,0,0,1,0,2.828981e-07,0
1303,0,0,1,0,3.775967e-07,0
1304,0,0,1,0,3.013414e-07,0
1305,0,0,1,0,4.276850e-07,0
1306,0,0,1,0,9.875899e-07,0
1307,0,0,1,0,8.480768e-07,0
1308,0,0,1,0,8.520136e-07,0
1309,0,0,1,0,6.944041e-07,0
1310,0,0,1,0,7.308418e-07,0
1311,0,0,1,0,5.732370e-07,0
1312,0,0,1,0,6.442735e-07,0
1313,0,0,1,0,5.067555e-07,0
1314,0,0,1,0,6.080938e-07,0
1315,0,0,1,0,5.070810e-07,0
1316,0,0,1,0,6.282039e-07,0
1317,0,0,1,0,1.095496e-06,0
1318,0,0,1,0,9.984924e-07,0
1319,0,0,1,0,1.021336e-06,0
1320,0,0,1,0,8.936775e-07,0
1321,0,0,1,0,9.429426e-07,0
1322,0,0,1,0,8.036439e-07,0
1323,0,0,1,0,8.789638e-07,0
1324,0,0,1,0,7.461791e-07,0
1325,0,0,1,0,8.426048e-07,0
1326,0,0,1,0,7.309956e-07,0
1327,0,0,1,0,8.375301e-07,0
1328,0,0,1,0,1.247168e-06,0
1329,0,0,1,0,1.149849e-06,0
1330,0,0,1,0,1.203598e-06,0
1331,0,0,1,0,1.086623e-06,0
1332,0,0,1,0,1.155544e-06,0
1333,0,0,1,0,1.026710e-06,0
1334,0,0,1,0,1.110070e-06,0
1335,0,0,1,0,9.816129e-07,0
1336,0,0,1,0,1.076061e-06,0
1337,0,0,1,0,9.576576e-07,0
1338,0,0,1,0,1.054937e-06,0
1339,0,0,1,0,1.378372e-06,0
1340,0,0,1,0,1.312569e-06,0
1341,0,0,1,0,1.383184e-06,0
1342,0,0,1,0,1.286155e-06,0
1343,0,0,1,0,1.366021e-06,0
1344,0,0,1,0,1.249703e-06,0
1345,0,0,1,0,1.332327e-06,0
1346,0,0,1,0,1.211528e-06,0
1347,0,0,1,0,1.289418e-06,0
1348,0,0,1,0,1.177570e-06,0
1349,0,0,1,0,1.237641e-06,0
1350,0,0,1,0,1.555076e-06,0
1351,0,0,1,0,1.483153e-06,0
1352,0,0,1,0,1.576580e-06,0
1353,0,0,1,0,1.484214e-06,0
1354,0,0,1,0,1.573026e-06,0
1355,0,0,1,0,1.462752e-06,0
1356,0,0,1,0,1.541031e-06,0
1357,0,0,1,0,1.420937e-06,0
1358,0,0,1,0,1.483986e-06,0
1359,0,0,1,0,1.361328e-06,0
1360,0,0,1,0,1.405192e-06,0
1361,0,0,1,0,1.683091e-06,0
1362,0,0,1,0,1.652771e-06,0
1363,0,0,1,0,1.742801e-06,0
1364,0,0,1,0,1.675951e-06,0
1365,0,0,1,0,1.760132e-06,0
1366,0,0,1,0,1.663820e-06,0
1367,0,0,1,0,1.733102e-06,0
1368,0,0,1,0,1.617292e-06,0
1369,0,0,1,0,1.665562e-06,0
1370,0,0,1,0,1.539952e-06,0
1371,0,0,1,0,1.561694e-06,0
1372,0,0,1,0,1.836095e-06,0
1373,0,0,1,0,1.803981e-06,0
1374,0,0,1,0,1.910425e-06,0
1375,0,0,1,0,1.848815e-06,0
1376,0,0,1,0,1.935947e-06,0
1377,0,0,1,0,1.847253e-06,0
1378,0,0,1,0,1.910544e-06,0
1379,0,0,1,0,1.798878e-06,0
1380,0,0,1,0,1.836004e-06,0
1381,0,0,1,0,1.707361e-06,0
1382,0,0,1,0,1.716446e-06,0
1383,0,0,1,0,1.955581e-06,0
1384,0,0,1,0,1.951711e-06,0
1385,0,0,1,0,2.049198e-06,0
1386,0,0,1,0,2.009139e-06,0
1387,0,0,1,0,2.083131e-06,0
1388,0,0,1,0,2.011149e-06,0
1389,0,0,1,0,2.055882e-06,0
1390,0,0,1,0,1.957359e-06,0
1391,0,0,1,0,1.968475e-06,0
1392,0,0,1,0,1.850549e-06,0
1393,0,0,1,0,1.824730e-06,0
1394,0,0,1,0,2.079882e-06,0
1395,0,0,1,0,2.080300e-06,0
1396,0,0,1,0,2.179723e-06,0
1397,0,0,1,0,2.146603e-06,0
1398,0,0,1,0,2.216820e-06,0
1399,0,0,1,0,2.150149e-06,0
1400,0,0,1,0,2.187256e-06,0
1401,0,0,1,0,2.089953e-06,0
1402,0,0,1,0,2.091220e-06,0
1403,0,0,1,0,1.968493e-06,0
1404,0,0,1,0,1.933877e-06,0
1405,0,0,1,0,2.175330e-06,0
1406,0,0,1,0,2.197003e-06,0
1407,0,0,1,0,2.291965e-06,0
1408,0,0,1,0,2.271811e-06,0
1409,0,0,1,0,2.338547e-06,0
1410,0,0,1,0,2.277281e-06,0
1411,0,0,1,0,2.308029e-06,0
1412,0,0,1,0,2.210978e-06,0
1413,0,0,1,0,2.198629e-06,0
1414,0,0,1,0,2.075428e-06,0
1415,0,0,1,0,2.017953e-06,0
1416,0,0,1,0,2.318198e-06,0
1417,0,0,1,0,2.304142e-06,0
1418,0,0,1,0,2.332971e-06,0
1419,0,0,1,0,2.391112e-06,0
1420,0,0,1,0,2.188713e-06,0
1421,0,0,1,0,2.402269e-06,0
1422,0,0,1,0,2.156628e-06,0
1423,0,0,1,0,2.329582e-06,0
1424,0,0,1,0,2.236351e-06,0
1425,0,0,1,0,2.174772e-06,0
1426,0,0,1,0,2.147596e-06,0
1427,0,0,1,0,1.640824e-06,0
1428,0,0,1,0,1.633751e-06,0
1429,0,0,1,0,1.039044e-06,0
1430,0,0,1,0,1.675487e-06,0
1431,0,0,1,0,1.660871e-06,0
1432,0,0,1,0,1.123732e-06,0
1433,0,0,1,0,1.633848e-06,0
1434,0,0,1,0,1.618417e-06,0
1435,0,0,1,0,1.130385e-06,0
1436,0,0,1,0,1.543546e-06,0
1437,0,0,1,0,1.534346e-06,0
1438,0,0,1,0,1.082957e-06,0
1439,0,0,1,0,1.438227e-06,0
1440,0,0,1,0,1.422656e-06,0
1441,0,0,1,0,9.793872e-07,0
1442,0,0,1,0,1.329175e-06,0
1443,0,0,1,0,8.149981e-07,0
1444,0,0,1,0,1.708482e-06,0
1445,0,0,1,0,1.704070e-06,0
1446,0,0,1,0,1.678583e-06,0
1447,0,0,1,0,1.664204e-06,0
1448,0,0,1,0,1.590294e-06,0
1449,0,0,1,0,1.568951e-06,0
1450,0,0,1,0,1.458353e-06,0
1451,0,0,1,0,1.442367e-06,0
1452,0,0,1,0,1.309536e-06,0
1453,0,0,1,0,1.324433e-06,0
1454,0,0,1,0,1.208953e-06,0
1455,0,0,1,0,1.530576e-06,0
1456,0,0,1,0,1.632938e-06,0
1457,0,0,1,0,1.486574e-06,0
1458,0,0,1,0,1.562471e-06,0
1459,0,0,1,0,1.395691e-06,0
1460,0,0,1,0,1.448869e-06,0
1461,0,0,1,0,1.288234e-06,0
1462,0,0,1,0,1.318926e-06,0
1463,0,0,1,0,1.194764e-06,0
1464,0,0,1,0,1.210942e-06,0
1465,0,0,1,0,1.135794e-06,0
1466,0,0,1,0,1.361592e-06,0
1467,0,0,1,0,1.432995e-06,0
1468,0,0,1,0,1.303765e-06,0
1469,0,0,1,0,1.360473e-06,0
1470,0,0,1,0,1.229098e-06,0
1471,0,0,1,0,1.271105e-06,0
1472,0,0,1,0,1.157593e-06,0
1473,0,0,1,0,1.189137e-06,0
1474,0,0,1,0,1.105667e-06,0
1475,0,0,1,0,1.132338e-06,0
1476,0,0,1,0,1.080926e-06,0
1477,0,0,1,0,1.177016e-06,0
1478,0,0,1,0,1.257150e-06,0
1479,0,0,1,0,1.133929e-06,0
1480,0,0,1,0,1.197637e-06,0
1481,0,0,1,0,1.082691e-06,0
1482,0,0,1,0,1.135970e-06,0
1483,0,0,1,0,1.042055e-06,0
1484,0,0,1,0,1.089473e-06,0
1485,0,0,1,0,1.023675e-06,0
1486,0,0,1,0,1.066812e-06,0
1487,0,0,1,0,1.028110e-06,0
1488,0,0,1,0,1.028485e-06,0
1489,0,0,1,0,1.089022e-06,0
1490,0,0,1,0,9.768342e-07,0
1491,0,0,1,0,1.040678e-06,0
1492,0,0,1,0,9.386716e-07,0
1493,0,0,1,0,1.003283e-06,0
1494,0,0,1,0,9.219445e-07,0
1495,0,0,1,0,9.875732e-07,0
1496,0,0,1,0,9.333941e-07,0
1497,0,0,1,0,9.967607e-07,0
1498,0,0,1,0,9.695331e-07,0
1499,0,0,1,0,8.650890e-07,0
1500,0,0,1,0,9.322829e-07,0
1501,0,0,1,0,8.205277e-07,0
1502,0,0,1,0,8.918220e-07,0
1503,0,0,1,0,7.950637e-07,0
1504,0,0,1,0,8.714603e-07,0
1505,0,0,1,0,7.949926e-07,0
1506,0,0,1,0,8.788204e-07,0
1507,0,0,1,0,8.253206e-07,0
1508,0,0,1,0,9.161136e-07,0
1509,0,0,1,0,8.810727e-07,0
1510,0,0,1,0,7.334590e-07,0
1511,0,0,1,0,7.811049e-07,0
1512,0,0,1,0,6.724925e-07,0
1513,0,0,1,0,7.413277e-07,0
1514,0,0,1,0,6.464991e-07,0
1515,0,0,1,0,7.304164e-07,0
1516,0,0,1,0,6.536319e-07,0
1517,0,0,1,0,7.499349e-07,0
1518,0,0,1,0,6.948642e-07,0
1519,0,0,1,0,7.983989e-07,0
1520,0,0,1,0,7.673239e-07,0
1521,0,0,1,0,5.836075e-07,0
1522,0,0,1,0,6.370694e-07,0
1523,0,0,1,0,5.208956e-07,0
1524,0,0,1,0,5.935274e-07,0
1525,0,0,1,0,4.990005e-07,0
1526,0,0,1,0,5.870645e-07,0
1527,0,0,1,0,5.168402e-07,0
1528,0,0,1,0,6.179170e-07,0
1529,0,0,1,0,5.755447e-07,0
1530,0,0,1,0,6.852470e-07,0
1531,0,0,1,0,6.729270e-07,0
1532,0,0,1,0,4.458846e-07,0
1533,0,0,1,0,4.875566e-07,0
1534,0,0,1,0,3.764849e-07,0
1535,0,0,1,0,4.436943e-07,0
1536,0,0,1,0,3.544927e-07,0
1537,0,0,1,0,4.443658e-07,0
1538,0,0,1,0,3.798925e-07,0
1539,0,0,1,0,4.885120e-07,0
1540,0,0,1,0,4.518717e-07,0
1541,0,0,1,0,5.750779e-07,0
1542,0,0,1,0,5.674165e-07,0
1543,0,0,1,0,3.494740e-07,0
1544,0,0,1,0,3.642554e-07,0
1545,0,0,1,0,2.610175e-07,0
1546,0,0,1,0,3.124689e-07,0
1547,0,0,1,0,2.314682e-07,0
1548,0,0,1,0,3.135554e-07,0
1549,0,0,1,0,2.601296e-07,0
1550,0,0,1,0,3.665181e-07,0
1551,0,0,1,0,3.451510e-07,0
1552,0,0,1,0,4.692216e-07,0
1553,0,0,1,0,4.835298e-07,0
1554,0,0,1,0,2.518749e-07,0
1555,0,0,1,0,2.580425e-07,0
1556,0,0,1,0,1.514432e-07,0
1557,0,0,1,0,1.944164e-07,0
1558,0,0,1,0,1.165613e-07,0
1559,0,0,1,0,1.932627e-07,0
1560,0,0,1,0,1.474815e-07,0
1561,0,0,1,0,2.533797e-07,0
1562,0,0,1,0,2.419448e-07,0
1563,0,0,1,0,3.719110e-07,0
1564,0,0,1,0,3.957218e-07,0
1565,0,0,1,0,1.818698e-07,0
1566,0,0,1,0,1.645859e-07,0
1567,0,0,1,0,6.227689e-08,0
1568,0,0,1,0,8.951889e-08,0
1569,0,0,1,0,2.030379e-08,0
1570,0,0,1,0,8.607111e-08,0
1571,0,0,1,0,5.345532e-08,0
1572,0,0,1,0,1.527307e-07,0
1573,0,0,1,0,1.589594e-07,0
1574,0,0,1,0,2.861246e-07,0
1575,0,0,1,0,3.332173e-07,0
1576,0,0,1,0,1.633455e-07,0
1577,0,0,1,0,8.760793e-08,0
1578,0,0,1,0,-1.038474e-07,0
1579,0,0,1,0,1.569385e-09,0
1580,0,0,1,0,-3.761199e-07,0
1581,0,0,1,0,-3.031317e-09,0
1582,0,0,1,0,-3.389542e-07,0
1583,0,0,1,0,7.007260e-08,0
1584,0,0,1,0,-4.110540e-09,0
1585,0,0,1,0,2.158299e-07,0
1586,0,0,1,0,3.199635e-07,0
1587,0,0,1,0,-3.998045e-07,0
1588,0,0,1,0,8.835656e-07,0
1589,0,0,1,0,1.075626e-07,0
1590,0,0,1,0,1.574225e-06,0
1591,0,0,1,0,4.646831e-07,0
1592,0,0,1,0,2.361806e-06,0
1593,0,0,1,0,3.882568e-06,0
1594,0,0,1,0,2.966927e-06,0
1595,0,0,1,0,1.385586e-06,0
1596,0,0,1,0,2.770338e-06,0
1597,0,0,1,0,8.933881e-08,0
1598,0,0,1,0,7.177504e-08,0
1599,0,0,1,0,1.359690e-06,0
1600,0,0,1,0,4.326282e-06,0
1601,0,0,1,0,5.616717e-06,0
1602,0,0,1,0,5.140894e-06,0
1603,0,0,1,0,2.756503e-06,0
1604,0,0,1,0,4.307184e-06,0
1605,0,0,1,0,8.153261e-07,0
1606,0,0,1,0,2.310555e-06,0
1607,0,0,1,0,5.587220e-06,0
1608,0,0,1,0,6.472977e-06,0
1609,0,0,1,0,6.473623e-06,0
1610,0,0,1,0,3.835022e-06,0
1611,0,0,1,0,5.009508e-06,0
1612,0,0,1,0,1.441483e-06,0
1613,0,0,1,0,2.823336e-06,0
1614,0,0,1,0,-6.915277e-07,0
1615,0,0,1,0,-4.660998e-07,0
1616,0,0,1,0,-1.849928e-08,0
1617,0,0,1,0,2.804655e-07,0
1618,0,0,1,0,2.065740e-06,0
1619,0,0,1,0,3.167109e-06,0
1620,0,0,1,0,2.227555e-06,0
1621,0,0,1,0,3.379783e-06,0
1622,0,0,1,0,2.098188e-06,0
1623,0,0,1,0,4.292254e-06,0
1624,0,0,1,0,5.329470e-06,0
1625,0,0,1,0,4.317474e-06,0
1626,0,0,1,0,3.725923e-06,0
1627,0,0,1,0,4.805908e-06,0
1628,0,0,1,0,2.643799e-06,0
1629,0,0,1,0,2.660705e-06,0
1630,0,0,1,0,3.758302e-06,0
1631,0,0,1,0,5.829795e-06,0
1632,0,0,1,0,6.553319e-06,0
1633,0,0,1,0,5.971260e-06,0
1634,0,0,1,0,4.838749e-06,0
1635,0,0,1,0,5.869342e-06,0
1636,0,0,1,0,3.250822e-06,0
1637,0,0,1,0,4.397158e-06,0
1638,0,0,1,0,6.590689e-06,0
1639,0,0,1,0,6.814761e-06,0
1640,0,0,1,0,6.775664e-06,0
1641,0,0,1,0,5.442042e-06,0
1642,0,0,1,0,6.089902e-06,0
1643,0,0,1,0,3.543184e-06,0
1644,0,0,1,0,4.499853e-06,0
1645,0,0,1,0,1.935948e-06,0
1646,0,0,1,0,2.135518e-06,0
1647,0,0,1,0,2.367552e-06,0
1648,0,0,1,0,2.306660e-06,0
1649,0,0,1,0,4.766877e-06,0
1650,0,0,1,0,3.490212e-06,0
1651,0,0,1,0,3.776387e-06,0
1652,0,0,1,0,5.092129e-06,0
1653,0,0,1,0,2.543824e-06,0
1654,0,0,1,0,2.264419e-06,0
1655,0,0,1,0,3.642103e-06,0
1656,0,0,1,0,1.666594e-06,0
1657,0,0,1,0,2.742951e-06,0
1658,0,0,1,0,4.046913e-06,0
1659,0,0,1,0,1.487038e-06,0
1660,0,0,1,0,2.247424e-06,0
1661,0,0,1,0,1.114411e-06,0
1662,0,0,1,0,1.292056e-06,0
1663,0,0,1,0,3.975389e-07,0
1664,0,0,1,0,3.423585e-07,0
1665,0,0,1,0,4.583890e-07,0
1666,0,0,1,0,1.009190e-06,0
1667,0,0,1,0,1.670243e-06,0
1668,0,0,1,0,3.066246e-06,0
1669,0,0,1,0,5.853720e-06,0
1670,0,0,1,0,4.957993e-06,0
1671,0,0,1,0,6.154838e-06,0
1672,0,0,1,0,2.532061e-06,0
1673,0,0,1,0,2.806845e-06,0
1674,0,0,1,0,4.012066e-06,0
1675,0,0,1,0,3.880212e-06,0
1676,0,0,1,0,1.572694e-06,0
1677,0,0,1,0,1.385199e-06,0
1678,0,0,1,0,2.502445e-06,0
1679,0,0,1,0,5.145590e-06,0
1680,0,0,1,0,5.278632e-06,0
1681,0,0,1,0,6.274012e-06,0
1682,0,0,1,0,3.718465e-06,0
1683,0,0,1,0,4.943551e-06,0
1684,0,0,1,0,1.733267e-06,0
1685,0,0,1,0,2.954974e-06,0
1686,0,0,1,0,5.967616e-06,0
1687,0,0,1,0,4.209530e-06,0
1688,0,0,1,0,1.862698e-06,0
1689,0,0,1,0,6.292948e-07,0
1690,0,0,1,0,6.062174e-07,0
1691,0,0,1,0,7.390170e-07,0
1692,0,0,1,0,3.296005e-06,0
1693,0,0,1,0,1.289752e-06,0
1694,0,0,1,0,1.927425e-06,0
1695,0,0,1,0,-5.561204e-08,0
1696,0,0,1,0,-7.413445e-08,0
1697,0,0,1,0,-5.018130e-08,0
1698,0,0,1,0,0,0
1699,0,0,1,0,-5.613438e-08,0
1700,0,0,1,0,-6.950933e-09,0
1701,0,0,1,0,-3.661991e-08,0
1702,0,0,1,0,2.108972e-08,0
1703,0,0,1,0,8.912591e-08,0
1704,0,0,1,0,5.463383e-08,0
1705,0,0,1,0,1.165438e-07,0
1706,0,0,1,0,2.036396e-07,0
1707,0,0,1,0,1.674354e-07,0
1708,0,0,1,0,2.286738e-07,0
1709,0,0,1,0,3.353531e-07,0
1710,0,0,1,0,3.012979e-07,0
1711,0,0,1,0,3.506566e-07,0
1712,0,0,1,0,4.737396e-07,0
1713,0,0,1,0,4.489354e-07,0
1714,0,0,1,0,4.743442e-07,0
1715,0,0,1,0,6.123792e-07,0
1716,0,0,1,0,6.016585e-07,0
1717,0,0,1,0,5.932902e-07,0
1718,0,0,1,0,7.433902e-07,0
1719,0,0,1,0,7.513450e-07,0
1720,0,0,1,0,7.020200e-07,0
1721,0,0,1,0,8.611473e-07,0
1722,0,0,1,0,8.912659e-07,0
1723,0,0,1,0,7.935535e-07,0
1724,0,0,1,0,9.576445e-07,0
1725,0,0,1,0,1.012933e-06,0
1726,0,0,1,0,8.635937e-07,0
1727,0,0,1,0,1.029008e-06,0
1728,0,0,1,0,1.110209e-06,0
1729,0,0,1,0,9.091184e-07,0
1730,0,0,1,0,1.072179e-06,0
1731,0,0,1,0,1.178598e-06,0
1732,0,0,1,0,9.283446e-07,0
1733,0,0,1,0,1.084594e-06,0
1734,0,0,1,0,1.214300e-06,0
1735,0,0,1,0,9.207419e-07,0
1736,0,0,1,0,1.064643e-06,0
1737,0,0,1,0,1.214064e-06,0
1738,0,0,1,0,8.866606e-07,0
1739,0,0,1,0,1.011201e-06,0
1740,0,0,1,0,1.175380e-06,0
1741,0,0,1,0,8.246463e-07,0
1742,0,0,1,0,9.186875e-07,0
1743,0,0,1,0,1.092476e-06,0
1744,0,0,1,0,7.470664e-07,0
1745,0,0,1,0,8.039512e-07,0
1746,0,0,1,0,9.702652e-07,0
1747,0,0,1,0,5.659211e-07,0
1748,0,0,1,0,7.228709e-07,0
1749,0,0,1,0,-6.380481e-08,0
1750,0,0,1,0,-4.546378e-08,0
1751,0,0,1,0,0,0
1752,0,0,1,0,1.477215e-08,0
1753,0,0,1,0,-2.474089e-08,0
1754,0,0,1,0,1.223166e-07,0
1755,0,0,1,0,7.434400e-08,0
1756,0,0,1,0,2.533070e-07,0
1757,0,0,1,0,1.975845e-07,0
1758,0,0,1,0,4.038057e-07,0
1759,0,0,1,0,3.443243e-07,0
1760,0,0,1,0,5.648531e-07,0
1761,0,0,1,0,5.072664e-07,0
1762,0,0,1,0,7.282752e-07,0
1763,0,0,1,0,6.780145e-07,0
1764,0,0,1,0,8.852091e-07,0
1765,0,0,1,0,8.472997e-07,0
1766,0,0,1,0,1.028653e-06,0
1767,0,0,1,0,1.006864e-06,0
1768,0,0,1,0,1.149863e-06,0
1769,0,0,1,0,1.148347e-06,0
1770,0,0,1,0,1.242986e-06,0
1771,0,0,1,0,1.264080e-06,0
1772,0,0,1,0,1.303331e-06,0
1773,0,0,1,0,1.347983e-06,0
1774,0,0,1,0,1.325839e-06,0
1775,0,0,1,0,1.394300e-06,0
1776,0,0,1,0,1.306121e-06,0
1777,0,0,1,0,1.397212e-06,0
1778,0,0,1,0,1.240362e-06,0
1779,0,0,1,0,1.352281e-06,0
1780,0,0,1,0,1.119131e-06,0
1781,0,0,1,0,1.251661e-06,0
1782,0,0,1,0,9.516962e-07,0
1783,0,0,1,0,1.095676e-06,0
1784,0,0,1,0,7.894796e-07,0
1785,0,0,1,0,-5.872102e-08,0
1786,0,0,1,0,-4.390750e-08,0
1787,0,0,1,0,0,0
1788,0,0,1,0,2.447400e-08,0
1789,0,0,1,0,-2.194680e-08,0
1790,0,0,1,0,1.371686e-07,0
1791,0,0,1,0,7.877782e-08,0
1792,0,0,1,0,2.756855e-07,0
1793,0,0,1,0,2.046371e-07,0
1794,0,0,1,0,4.349076e-07,0
1795,0,0,1,0,3.546095e-07,0
1796,0,0,1,0,6.068541e-07,0
1797,0,0,1,0,5.217841e-07,0
1798,0,0,1,0,7.827729e-07,0
1799,0,0,1,0,6.979757e-07,0
1800,0,0,1,0,9.532195e-07,0
1801,0,0,1,0,8.737129e-07,0
1802,0,0,1,0,1.109875e-06,0
1803,0,0,1,0,1.039855e-06,0
1804,0,0,1,0,1.244417e-06,0
1805,0,0,1,0,1.188073e-06,0
1806,0,0,1,0,1.349519e-06,0
1807,0,0,1,0,1.310423e-06,0
1808,0,0,1,0,1.418796e-06,0
1809,0,0,1,0,1.399640e-06,0
1810,0,0,1,0,1.445259e-06,0
1811,0,0,1,0,1.448549e-06,0
1812,0,0,1,0,1.422642e-06,0
1813,0,0,1,0,1.449566e-06,0
1814,0,0,1,0,1.345467e-06,0
1815,0,0,1,0,1.397087e-06,0
1816,0,0,1,0,1.204449e-06,0
1817,0,0,1,0,1.284129e-06,0
1818,0,0,1,0,1.004531e-06,0
1819,0,0,1,0,1.111664e-06,0
1820,0,0,1,0,7.848968e-07,0
1821,0,0,1,0,-5.983926e-08,0
1822,0,0,1,0,-4.620824e-08,0
1823,0,0,1,0,0,0
1824,0,0,1,0,2.200991e-08,0
1825,0,0,1,0,-2.816281e-08,0
1826,0,0,1,0,1.335391e-07,0
1827,0,0,1,0,6.854476e-08,0
1828,0,0,1,0,2.706975e-07,0
1829,0,0,1,0,1.895648e-07,0
1830,0,0,1,0,4.284385e-07,0
1831,0,0,1,0,3.335345e-07,0
1832,0,0,1,0,5.992353e-07,0
1833,0,0,1,0,4.939873e-07,0
1834,0,0,1,0,7.744500e-07,0
1835,0,0,1,0,6.630251e-07,0
1836,0,0,1,0,9.447529e-07,0
1837,0,0,1,0,8.315727e-07,0
1838,0,0,1,0,1.101050e-06,0
1839,0,0,1,0,9.905177e-07,0
1840,0,0,1,0,1.235695e-06,0
1841,0,0,1,0,1.131846e-06,0
1842,0,0,1,0,1.340882e-06,0
1843,0,0,1,0,1.247994e-06,0
1844,0,0,1,0,1.409200e-06,0
1845,0,0,1,0,1.331358e-06,0
1846,0,0,1,0,1.432749e-06,0
1847,0,0,1,0,1.374336e-06,0
1848,0,0,1,0,1.404508e-06,0
1849,0,0,1,0,1.369146e-06,0
1850,0,0,1,0,1.318515e-06,0
1851,0,0,1,0,1.309600e-06,0
1852,0,0,1,0,1.168112e-06,0
1853,0,0,1,0,1.190866e-06,0
1854,0,0,1,0,9.635882e-07,0
1855,0,0,1,0,1.018662e-06,0
1856,0,0,1,0,7.055703e-07,0
1857,0,0,1,0,-6.660491e-08,0
1858,0,0,1,0,-5.131795e-08,0
1859,0,0,1,0,0,0
1860,0,0,1,0,8.280096e-09,0
1861,0,0,1,0,-4.224218e-08,0
1862,0,0,1,0,1.127593e-07,0
1863,0,0,1,0,4.508365e-08,0
1864,0,0,1,0,2.403638e-07,0
1865,0,0,1,0,1.545506e-07,0
1866,0,0,1,0,3.870727e-07,0
1867,0,0,1,0,2.842926e-07,0
1868,0,0,1,0,5.451175e-07,0
1869,0,0,1,0,4.279586e-07,0
1870,0,0,1,0,7.068502e-07,0
1871,0,0,1,0,5.781745e-07,0
1872,0,0,1,0,8.632102e-07,0
1873,0,0,1,0,7.268108e-07,0
1874,0,0,1,0,1.005819e-06,0
1875,0,0,1,0,8.656581e-07,0
1876,0,0,1,0,1.127556e-06,0
1877,0,0,1,0,9.876372e-07,0
1878,0,0,1,0,1.221084e-06,0
1879,0,0,1,0,1.085957e-06,0
1880,0,0,1,0,1.278980e-06,0
1881,0,0,1,0,1.153647e-06,0
1882,0,0,1,0,1.293781e-06,0
1883,0,0,1,0,1.183838e-06,0
1884,0,0,1,0,1.258579e-06,0
1885,0,0,1,0,1.169930e-06,0
1886,0,0,1,0,1.168582e-06,0
1887,0,0,1,0,1.106095e-06,0
1888,0,0,1,0,1.019655e-06,0
1889,0,0,1,0,9.897587e-07,0
1890,0,0,1,0,8.320842e-07,0
1891,0,0,1,0,8.314048e-07,0
1892,0,0,1,0,5.556619e-07,0
1893,0,0,1,0,-7.778624e-08,0
1894,0,0,1,0,-5.676035e-08,0
1895,0,0,1,0,0,0
1896,0,0,1,0,-1.546925e-08,0
1897,0,0,1,0,-6.267311e-08,0
1898,0,0,1,0,7.681566e-08,0
1899,0,0,1,0,1.001509e-08,0
1900,0,0,1,0,1.876960e-07,0
1901,0,0,1,0,1.018408e-07,0
1902,0,0,1,0,3.151355e-07,0
1903,0,0,1,0,2.101779e-07,0
1904,0,0,1,0,4.499974e-07,0
1905,0,0,1,0,3.281179e-07,0
1906,0,0,1,0,5.870724e-07,0
1907,0,0,1,0,4.493914e-07,0
1908,0,0,1,0,7.174619e-07,0
1909,0,0,1,0,5.675299e-07,0
1910,0,0,1,0,8.349411e-07,0
1911,0,0,1,0,6.758072e-07,0
1912,0,0,1,0,9.328804e-07,0
1913,0,0,1,0,7.686598e-07,0
1914,0,0,1,0,1.005286e-06,0
1915,0,0,1,0,8.404910e-07,0
1916,0,0,1,0,1.045676e-06,0
1917,0,0,1,0,8.858354e-07,0
1918,0,0,1,0,1.048215e-06,0
1919,0,0,1,0,8.994493e-07,0
1920,0,0,1,0,1.007172e-06,0
1921,0,0,1,0,8.767930e-07,0
1922,0,0,1,0,9.200328e-07,0
1923,0,0,1,0,8.140908e-07,0
1924,0,0,1,0,7.836900e-07,0
1925,0,0,1,0,7.100445e-07,0
1926,0,0,1,0,6.260084e-07,0
1927,0,0,1,0,5.802646e-07,0
1928,0,0,1,0,3.488167e-07,0
1929,0,0,1,0,-9.980880e-08,0
1930,0,0,1,0,-1.924533e-07,0
1931,0,0,1,0,-1.051021e-07,0
1932,0,0,1,0,0,0
1933,0,0,1,0,-2.131276e-07,0
1934,0,0,1,0,-2.505126e-07,0
1935,0,0,1,0,-2.318951e-07,0
1936,0,0,1,0,-2.735909e-07,0
1937,0,0,1,0,-3.433217e-07,0
1938,0,0,1,0,-3.097183e-07,0
1939,0,0,1,0,-3.673997e-07,0
1940,0,0,1,0,-4.584679e-07,0
1941,0,0,1,0,-4.256607e-07,0
1942,0,0,1,0,-4.757674e-07,0
1943,0,0,1,0,-5.880161e-07,0
1944,0,0,1,0,-5.611393e-07,0
1945,0,0,1,0,-5.930061e-07,0
1946,0,0,1,0,-7.218612e-07,0
1947,0,0,1,0,-7.067674e-07,0
1948,0,0,1,0,-7.118607e-07,0
1949,0,0,1,0,-8.536809e-07,0
1950,0,0,1,0,-8.525767e-07,0
1951,0,0,1,0,-8.268655e-07,0
1952,0,0,1,0,-9.760820e-07,0
1953,0,0,1,0,-9.913263e-07,0
1954,0,0,1,0,-9.314694e-07,0
1955,0,0,1,0,-1.082567e-06,0
1956,0,0,1,0,-1.114966e-06,0
1957,0,0,1,0,-1.020181e-06,0
1958,0,0,1,0,-1.166088e-06,0
1959,0,0,1,0,-1.216470e-06,0
1960,0,0,1,0,-1.086996e-06,0
1961,0,0,1,0,-1.221370e-06,0
1962,0,0,1,0,-1.288543e-06,0
1963,0,0,1,0,-1.127019e-06,0
1964,0,0,1,0,-1.243568e-06,0
1965,0,0,1,0,-1.326920e-06,0
1966,0,0,1,0,-1.135187e-06,0
1967,0,0,1,0,-1.227658e-06,0
1968,0,0,1,0,-1.326638e-06,0
1969,0,0,1,0,-1.106723e-06,0
1970,0,0,1,0,-1.170410e-06,0
1971,0,0,1,0,-1.283887e-06,0
1972,0,0,1,0,-1.038398e-06,0
1973,0,0,1,0,-1.072444e-06,0
1974,0,0,1,0,-1.199018e-06,0
1975,0,0,1,0,-9.291731e-07,0
1976,0,0,1,0,-9.361343e-07,0
1977,0,0,1,0,-1.077029e-06,0
1978,0,0,1,0,-7.812003e-07,0
1979,0,0,1,0,-7.766533e-07,0
1980,0,0,1,0,-9.265831e-07,0
1981,0,0,1,0,-6.693275e-07,0
1982,0,0,1,0,-8.153872e-07,0
1983,0,0,1,0,-2.023776e-07,0
1984,0,0,1,0,-1.061239e-07,0
1985,0,0,1,0,0,0
1986,0,0,1,0,-2.728251e-07,0
1987,0,0,1,0,-2.432532e-07,0
1988,0,0,1,0,-3.816654e-07,0
1989,0,0,1,0,-3.333316e-07,0
1990,0,0,1,0,-5.178128e-07,0
1991,0,0,1,0,-4.641844e-07,0
1992,0,0,1,0,-6.703474e-07,0
1993,0,0,1,0,-6.171318e-07,0
1994,0,0,1,0,-8.274100e-07,0
1995,0,0,1,0,-7.810555e-07,0
1996,0,0,1,0,-9.801504e-07,0
1997,0,0,1,0,-9.446359e-07,0
1998,0,0,1,0,-1.120205e-06,0
1999,0,0,1,0,-1.098652e-06,0
2000,0,0,1,0,-1.239565e-06,0
2001,0,0,1,0,-1.234348e-06,0
2002,0,0,1,0,-1.330020e-06,0
2003,0,0,1,0,-1.343729e-06,0
2004,0,0,1,0,-1.386055e-06,0
2005,0,0,1,0,-1.418859e-06,0
2006,0,0,1,0,-1.403686e-06,0
2007,0,0,1,0,-1.455694e-06,0
2008,0,0,1,0,-1.378053e-06,0
2009,0,0,1,0,-1.450113e-06,0
2010,0,0,1,0,-1.308709e-06,0
2011,0,0,1,0,-1.399662e-06,0
2012,0,0,1,0,-1.200379e-06,0
2013,0,0,1,0,-1.307902e-06,0
2014,0,0,1,0,-1.063211e-06,0
2015,0,0,1,0,-1.184251e-06,0
2016,0,0,1,0,-9.133435e-07,0
2017,0,0,1,0,-1.041556e-06,0
2018,0,0,1,0,-9.509372e-07,0
2019,0,0,1,0,-2.063349e-07,0
2020,0,0,1,0,-1.054776e-07,0
2021,0,0,1,0,0,0
2022,0,0,1,0,-2.843397e-07,0
2023,0,0,1,0,-2.461143e-07,0
2024,0,0,1,0,-4.027909e-07,0
2025,0,0,1,0,-3.415543e-07,0
2026,0,0,1,0,-5.508634e-07,0
2027,0,0,1,0,-4.786997e-07,0
2028,0,0,1,0,-7.161170e-07,0
2029,0,0,1,0,-6.385174e-07,0
2030,0,0,1,0,-8.862589e-07,0
2031,0,0,1,0,-8.096266e-07,0
2032,0,0,1,0,-1.051016e-06,0
2033,0,0,1,0,-9.804640e-07,0
2034,0,0,1,0,-1.200952e-06,0
2035,0,0,1,0,-1.140889e-06,0
2036,0,0,1,0,-1.327474e-06,0
2037,0,0,1,0,-1.281678e-06,0
2038,0,0,1,0,-1.422266e-06,0
2039,0,0,1,0,-1.394609e-06,0
2040,0,0,1,0,-1.479397e-06,0
2041,0,0,1,0,-1.472160e-06,0
2042,0,0,1,0,-1.495156e-06,0
2043,0,0,1,0,-1.509818e-06,0
2044,0,0,1,0,-1.466285e-06,0
2045,0,0,1,0,-1.504404e-06,0
2046,0,0,1,0,-1.394197e-06,0
2047,0,0,1,0,-1.455316e-06,0
2048,0,0,1,0,-1.286025e-06,0
2049,0,0,1,0,-1.367401e-06,0
2050,0,0,1,0,-1.156015e-06,0
2051,0,0,1,0,-1.251297e-06,0
2052,0,0,1,0,-1.018598e-06,0
2053,0,0,1,0,-1.120256e-06,0
2054,0,0,1,0,-1.037483e-06,0
2055,0,0,1,0,-2.050893e-07,0
2056,0,0,1,0,-1.048935e-07,0
2057,0,0,1,0,0,0
2058,0,0,1,0,-2.837264e-07,0
2059,0,0,1,0,-2.413928e-07,0
2060,0,0,1,0,-4.035713e-07,0
2061,0,0,1,0,-3.334853e-07,0
2062,0,0,1,0,-5.529368e-07,0
2063,0,0,1,0,-4.668559e-07,0
2064,0,0,1,0,-7.192763e-07,0
2065,0,0,1,0,-6.218342e-07,0
2066,0,0,1,0,-8.908008e-07,0
2067,0,0,1,0,-7.879567e-07,0
2068,0,0,1,0,-1.057235e-06,0
2069,0,0,1,0,-9.544374e-07,0
2070,0,0,1,0,-1.208522e-06,0
2071,0,0,1,0,-1.111360e-06,0
2072,0,0,1,0,-1.336356e-06,0
2073,0,0,1,0,-1.249683e-06,0
2074,0,0,1,0,-1.432876e-06,0
2075,0,0,1,0,-1.361686e-06,0
2076,0,0,1,0,-1.492158e-06,0
2077,0,0,1,0,-1.440651e-06,0
2078,0,0,1,0,-1.510479e-06,0
2079,0,0,1,0,-1.481860e-06,0
2080,0,0,1,0,-1.486169e-06,0
2081,0,0,1,0,-1.482796e-06,0
2082,0,0,1,0,-1.421572e-06,0
2083,0,0,1,0,-1.443947e-06,0
2084,0,0,1,0,-1.323898e-06,0
2085,0,0,1,0,-1.369815e-06,0
2086,0,0,1,0,-1.207203e-06,0
2087,0,0,1,0,-1.269656e-06,0
2088,0,0,1,0,-1.079740e-06,0
2089,0,0,1,0,-1.152648e-06,0
2090,0,0,1,0,-1.073616e-06,0
2091,0,0,1,0,-1.996888e-07,0
2092,0,0,1,0,-1.037607e-07,0
2093,0,0,1,0,0,0
2094,0,0,1,0,-2.716424e-07,0
2095,0,0,1,0,-2.299904e-07,0
2096,0,0,1,0,-3.835391e-07,0
2097,0,0,1,0,-3.101633e-07,0
2098,0,0,1,0,-5.226563e-07,0
2099,0,0,1,0,-4.291150e-07,0
2100,0,0,1,0,-6.778472e-07,0
2101,0,0,1,0,-5.673115e-07,0
2102,0,0,1,0,-8.384422e-07,0
2103,0,0,1,0,-7.161898e-07,0
2104,0,0,1,0,-9.954136e-07,0
2105,0,0,1,0,-8.665003e-07,0
2106,0,0,1,0,-1.139094e-06,0
2107,0,0,1,0,-1.009657e-06,0
2108,0,0,1,0,-1.261905e-06,0
2109,0,0,1,0,-1.137531e-06,0
2110,0,0,1,0,-1.356903e-06,0
2111,0,0,1,0,-1.243387e-06,0
2112,0,0,1,0,-1.418662e-06,0
2113,0,0,1,0,-1.321547e-06,0
2114,0,0,1,0,-1.443615e-06,0
2115,0,0,1,0,-1.367628e-06,0
2116,0,0,1,0,-1.430759e-06,0
2117,0,0,1,0,-1.379402e-06,0
2118,0,0,1,0,-1.382262e-06,0
2119,0,0,1,0,-1.357290e-06,0
2120,0,0,1,0,-1.303530e-06,0
2121,0,0,1,0,-1.304043e-06,0
2122,0,0,1,0,-1.204564e-06,0
2123,0,0,1,0,-1.225330e-06,0
2124,0,0,1,0,-1.087740e-06,0
2125,0,0,1,0,-1.124757e-06,0
2126,0,0,1,0,-1.053958e-06,0
2127,0,0,1,0,-1.904004e-07,0
2128,0,0,1,0,-9.918363e-08,0
2129,0,0,1,0,0,0
2130,0,0,1,0,-2.497579e-07,0
2131,0,0,1,0,-2.122809e-07,0
2132,0,0,1,0,-3.443935e-07,0
2133,0,0,1,0,-2.733787e-07,0
2134,0,0,1,0,-4.618213e-07,0
2135,0,0,1,0,-3.679302e-07,0
2136,0,0,1,0,-5.941924e-07,0
2137,0,0,1,0,-4.783637e-07,0
2138,0,0,1,0,-7.319971e-07,0
2139,0,0,1,0,-5.988438e-07,0
2140,0,0,1,0,-8.685057e-07,0
2141,0,0,1,0,-7.219866e-07,0
2142,0,0,1,0,-9.953651e-07,0
2143,0,0,1,0,-8.414189e-07,0
2144,0,0,1,0,-1.106226e-06,0
2145,0,0,1,0,-9.506113e-07,0
2146,0,0,1,0,-1.195316e-06,0
2147,0,0,1,0,-1.044168e-06,0
2148,0,0,1,0,-1.258093e-06,0
2149,0,0,1,0,-1.117601e-06,0
2150,0,0,1,0,-1.291327e-06,0
2151,0,0,1,0,-1.167272e-06,0
2152,0,0,1,0,-1.293827e-06,0
2153,0,0,1,0,-1.190930e-06,0
2154,0,0,1,0,-1.266502e-06,0
2155,0,0,1,0,-1.188031e-06,0
2156,0,0,1,0,-1.211573e-06,0
2157,0,0,1,0,-1.158566e-06,0
2158,0,0,1,0,-1.132757e-06,0
2159,0,0,1,0,-1.103493e-06,0
2160,0,0,1,0,-1.031055e-06,0
2161,0,0,1,0,-1.020503e-06,0
2162,0,0,1,0,-9.667301e-07,0
2163,0,0,1,0,0,0
2164,0,0,1,0,-6.176891e-08,0
2165,0,0,1,0,-8.792604e-08,0
2166,0,0,1,0,0,0
2167,0,0,1,0,-6.737962e-08,0
2168,0,0,1,0,-1.037948e-07,0
2169,0,0,1,0,0,0
2170,0,0,1,0,-7.463689e-08,0
2171,0,0,1,0,-1.220958e-07,0
2172,0,0,1,0,0,0
2173,0,0,1,0,-8.388942e-08,0
2174,0,0,1,0,-1.421165e-07,0
2175,0,0,1,0,0,0
2176,0,0,1,0,-9.326008e-08,0
2177,0,0,1,0,-1.617417e-07,0
2178,0,0,1,0,0,0
2179,0,0,1,0,-1.779611e-07,0
2180,0,0,1,0,-7.691074e-08,0
2181,0,0,1,0,-3.447416e-08,0
2182,0,0,1,0,-1.028047e-07,0
2183,0,0,1,0,-6.633974e-08,0
2184,0,0,1,0,-1.323868e-07,0
2185,0,0,1,0,-1.052359e-07,0
2186,0,0,1,0,-1.630051e-07,0
2187,0,0,1,0,-1.471731e-07,0
2188,0,0,1,0,-1.908266e-07,0
2189,0,0,1,0,-1.876246e-07,0
2190,0,0,1,0,-2.219673e-07,0
2191,0,0,1,0,-1.851776e-08,0
2192,0,0,1,0,4.176646e-08,0
2193,0,0,1,0,-6.719639e-08,0
2194,0,0,1,0,-1.543706e-08,0
2195,0,0,1,0,-1.217898e-07,0
2196,0,0,1,0,-8.197814e-08,0
2197,0,0,1,0,-1.776589e-07,0
2198,0,0,1,0,-1.533930e-07,0
2199,0,0,1,0,-2.298231e-07,0
2200,0,0,1,0,-2.244590e-07,0
2201,0,0,1,0,-2.896550e-07,0
2202,0,0,1,0,5.180227e-08,0
2203,0,0,1,0,1.326532e-07,0
2204,0,0,1,0,-2.538325e-08,0
2205,0,0,1,0,4.696373e-08,0
2206,0,0,1,0,-1.121138e-07,0
2207,0,0,1,0,-5.333688e-08,0
2208,0,0,1,0,-2.028089e-07,0
2209,0,0,1,0,-1.623853e-07,0
2210,0,0,1,0,-2.905680e-07,0
2211,0,0,1,0,-2.726228e-07,0
2212,0,0,1,0,-3.752506e-07,0
2213,0,0,1,0,1.343614e-07,0
2214,0,0,1,0,2.358501e-07,0
2215,0,0,1,0,2.209270e-08,0
2216,0,0,1,0,1.145946e-07,0
2217,0,0,1,0,-1.040243e-07,0
2218,0,0,1,0,-2.625045e-08,0
2219,0,0,1,0,-2.360720e-07,0
2220,0,0,1,0,-1.783724e-07,0
2221,0,0,1,0,-3.644000e-07,0
2222,0,0,1,0,-3.316074e-07,0
2223,0,0,1,0,-4.742292e-07,0
2224,0,0,1,0,2.219305e-07,0
2225,0,0,1,0,3.419776e-07,0
2226,0,0,1,0,6.957136e-08,0
2227,0,0,1,0,1.821772e-07,0
2228,0,0,1,0,-1.002515e-07,0
2229,0,0,1,0,-2.019098e-09,0
2230,0,0,1,0,-2.767485e-07,0
2231,0,0,1,0,-1.992677e-07,0
2232,0,0,1,0,-4.474416e-07,0
2233,0,0,1,0,-3.963989e-07,0
2234,0,0,1,0,-5.789042e-07,0
2235,0,0,1,0,3.085151e-07,0
2236,0,0,1,0,4.459967e-07,0
2237,0,0,1,0,1.139340e-07,0
2238,0,0,1,0,2.457560e-07,0
2239,0,0,1,0,-1.008876e-07,0
2240,0,0,1,0,1.742514e-08,0
2241,0,0,1,0,-3.221478e-07,0
2242,0,0,1,0,-2.246244e-07,0
2243,0,0,1,0,-5.345450e-07,0
2244,0,0,1,0,-4.643642e-07,0
2245,0,0,1,0,-6.847308e-07,0
2246,0,0,1,0,3.891668e-07,0
2247,0,0,1,0,5.415993e-07,0
2248,0,0,1,0,1.521071e-07,0
2249,0,0,1,0,3.011053e-07,0
2250,0,0,1,0,-1.067723e-07,0
2251,0,0,1,0,2.998055e-08,0
2252,0,0,1,0,-3.706467e-07,0
2253,0,0,1,0,-2.541144e-07,0
2254,0,0,1,0,-6.216079e-07,0
2255,0,0,1,0,-5.324217e-07,0
2256,0,0,1,0,-7.857567e-07,0
2257,0,0,1,0,4.596161e-07,0
2258,0,0,1,0,6.243881e-07,0
2259,0,0,1,0,1.814182e-07,0
2260,0,0,1,0,3.452132e-07,0
2261,0,0,1,0,-1.184874e-07,0
2262,0,0,1,0,3.456794e-08,0
2263,0,0,1,0,-4.204176e-07,0
2264,0,0,1,0,-2.866848e-07,0
2265,0,0,1,0,-7.043406e-07,0
2266,0,0,1,0,-5.974462e-07,0
2267,0,0,1,0,-8.771020e-07,0
2268,0,0,1,0,5.155628e-07,0
2269,0,0,1,0,6.890103e-07,0
2270,0,0,1,0,2.001286e-07,0
2271,0,0,1,0,3.755211e-07,0
2272,0,0,1,0,-1.356067e-07,0
2273,0,0,1,0,3.084770e-08,0
2274,0,0,1,0,-4.691634e-07,0
2275,0,0,1,0,-3.209137e-07,0
2276,0,0,1,0,-7.787872e-07,0
2277,0,0,1,0,-6.564966e-07,0
2278,0,0,1,0,-9.543699e-07,0
2279,0,0,1,0,5.543391e-07,0
2280,0,0,1,0,7.328199e-07,0
2281,0,0,1,0,2.071859e-07,0
2282,0,0,1,0,3.905705e-07,0
2283,0,0,1,0,-1.576318e-07,0
2284,0,0,1,0,1.864429e-08,0
2285,0,0,1,0,-5.149781e-07,0
2286,0,0,1,0,-3.557100e-07,0
2287,0,0,1,0,-8.417350e-07,0
2288,0,0,1,0,-7.072815e-07,0
2289,0,0,1,0,-1.014132e-06,0
2290,0,0,1,0,5.742611e-07,0
2291,0,0,1,0,7.543465e-07,0
2292,0,0,1,0,2.021486e-07,0
2293,0,0,1,0,3.900656e-07,0
2294,0,0,1,0,-1.838602e-07,0
2295,0,0,1,0,-1.312498e-09,0
2296,0,0,1,0,-5.561086e-07,0
2297,0,0,1,0,-3.895122e-07,0
2298,0,0,1,0,-8.904503e-07,0
2299,0,0,1,0,-7.475723e-07,0
2300,0,0,1,0,-1.053608e-06,0
2301,0,0,1,0,5.753063e-07,0
2302,0,0,1,0,7.533634e-07,0
2303,0,0,1,0,1.861819e-07,0
2304,0,0,1,0,3.755858e-07,0
2305,0,0,1,0,-2.124473e-07,0
2306,0,0,1,0,-2.652212e-08,0
2307,0,0,1,0,-5.904254e-07,0
2308,0,0,1,0,-4.196756e-07,0
2309,0,0,1,0,-9.227346e-07,0
2310,0,0,1,0,-7.751080e-07,0
2311,0,0,1,0,-1.071083e-06,0
2312,0,0,1,0,5.591535e-07,0
2313,0,0,1,0,7.310757e-07,0
2314,0,0,1,0,1.623964e-07,0
2315,0,0,1,0,3.505209e-07,0
2316,0,0,1,0,-2.398130e-07,0
2317,0,0,1,0,-5.241159e-08,0
2318,0,0,1,0,-6.148384e-07,0
2319,0,0,1,0,-4.417031e-07,0
2320,0,0,1,0,-9.366725e-07,0
2321,0,0,1,0,-7.866813e-07,0
2322,0,0,1,0,-1.065455e-06,0
2323,0,0,1,0,5.290791e-07,0
2324,0,0,1,0,6.899789e-07,0
2325,0,0,1,0,1.361733e-07,0
2326,0,0,1,0,3.203573e-07,0
2327,0,0,1,0,-2.598758e-07,0
2328,0,0,1,0,-7.178208e-08,0
2329,0,0,1,0,-6.242129e-07,0
2330,0,0,1,0,-4.486815e-07,0
2331,0,0,1,0,-9.293926e-07,0
2332,0,0,1,0,-7.775009e-07,0
2333,0,0,1,0,-1.035178e-06,0
2334,0,0,1,0,4.892308e-07,0
2335,0,0,1,0,6.323160e-07,0
2336,0,0,1,0,1.150706e-07,0
2337,0,0,1,0,2.933072e-07,0
2338,0,0,1,0,-2.642769e-07,0
2339,0,0,1,0,-7.385365e-08,0
2340,0,0,1,0,-6.119774e-07,0
2341,0,0,1,0,-4.305957e-07,0
2342,0,0,1,0,-8.977920e-07,0
2343,0,0,1,0,-7.410221e-07,0
2344,0,0,1,0,-9.782758e-07,0
2345,0,0,1,0,4.551959e-07,0
2346,0,0,1,0,5.757862e-07,0
2347,0,0,1,0,1.170901e-07,0
2348,0,0,1,0,2.838832e-07,0
2349,0,0,1,0,-2.348397e-07,0
2350,0,0,1,0,-4.350546e-08,0
2351,0,0,1,0,-5.628374e-07,0
2352,0,0,1,0,-3.725434e-07,0
2353,0,0,1,0,-8.323624e-07,0
2354,0,0,1,0,-6.663386e-07,0
2355,0,0,1,0,-8.915970e-07,0
2356,0,0,1,0,3.377315e-07,0
2357,0,0,1,0,5.622758e-08,0
2358,0,0,1,0,-2.481161e-07,0
2359,0,0,1,0,-5.423145e-07,0
2360,0,0,1,0,-7.919829e-07,0
2361,0,0,1,0,0,0
2362,0,0,1,0,-9.329811e-08,0
2363,0,0,1,0,-1.783948e-07,0
2364,0,0,1,0,0,0
2365,0,0,1,0,-8.442531e-08,0
2366,0,0,1,0,-1.623623e-07,0
2367,0,0,1,0,0,0
2368,0,0,1,0,-7.614978e-08,0
2369,0,0,1,0,-1.447992e-07,0
2370,0,0,1,0,0,0
2371,0,0,1,0,-6.923005e-08,0
2372,0,0,1,0,-1.265830e-07,0
2373,0,0,1,0,0,0
2374,0,0,1,0,-6.330732e-08,0
2375,0,0,1,0,-1.085666e-07,0
2376,0,0,1,0,0,0
2377,0,0,1,0,-9.197356e-08,0
2378,0,0,1,0,-1.910552e-07,0
2379,0,0,1,0,-2.220560e-07,0
2380,0,0,1,0,-1.650839e-07,0
2381,0,0,1,0,-1.890777e-07,0
2382,0,0,1,0,-1.375492e-07,0
2383,0,0,1,0,-1.520514e-07,0
2384,0,0,1,0,-1.098769e-07,0
2385,0,0,1,0,-1.132895e-07,0
2386,0,0,1,0,-8.417583e-08,0
2387,0,0,1,0,-7.581472e-08,0
2388,0,0,1,0,-4.365984e-08,0
2389,0,0,1,0,-2.319125e-07,0
2390,0,0,1,0,-2.914705e-07,0
2391,0,0,1,0,-1.830237e-07,0
2392,0,0,1,0,-2.302833e-07,0
2393,0,0,1,0,-1.308220e-07,0
2394,0,0,1,0,-1.636268e-07,0
2395,0,0,1,0,-7.844083e-08,0
2396,0,0,1,0,-9.517060e-08,0
2397,0,0,1,0,-3.018784e-08,0
2398,0,0,1,0,-2.946792e-08,0
2399,0,0,1,0,2.853005e-08,0
2400,0,0,1,0,-2.952193e-07,0
2401,0,0,1,0,-3.770112e-07,0
2402,0,0,1,0,-2.129712e-07,0
2403,0,0,1,0,-2.802300e-07,0
2404,0,0,1,0,-1.267119e-07,0
2405,0,0,1,0,-1.758187e-07,0
2406,0,0,1,0,-4.165070e-08,0
2407,0,0,1,0,-7.019806e-08,0
2408,0,0,1,0,3.611264e-08,0
2409,0,0,1,0,2.955263e-08,0
2410,0,0,1,0,1.162619e-07,0
2411,0,0,1,0,-3.675427e-07,0
2412,0,0,1,0,-4.731259e-07,0
2413,0,0,1,0,-2.451023e-07,0
2414,0,0,1,0,-3.359254e-07,0
2415,0,0,1,0,-1.182356e-07,0
2416,0,0,1,0,-1.888198e-07,0
2417,0,0,1,0,4.803666e-09,0
2418,0,0,1,0,-4.192194e-08,0
2419,0,0,1,0,1.161856e-07,0
2420,0,0,1,0,9.567882e-08,0
2421,0,0,1,0,2.161345e-07,0
2422,0,0,1,0,-4.476015e-07,0
2423,0,0,1,0,-5.746941e-07,0
2424,0,0,1,0,-2.835913e-07,0
2425,0,0,1,0,-3.987183e-07,0
2426,0,0,1,0,-1.139915e-07,0
2427,0,0,1,0,-2.095972e-07,0
2428,0,0,1,0,5.065822e-08,0
2429,0,0,1,0,-1.944078e-08,0
2430,0,0,1,0,2.004890e-07,0
2431,0,0,1,0,1.603373e-07,0
2432,0,0,1,0,3.189567e-07,0
2433,0,0,1,0,-5.316260e-07,0
2434,0,0,1,0,-6.766800e-07,0
2435,0,0,1,0,-3.275200e-07,0
2436,0,0,1,0,-4.640162e-07,0
2437,0,0,1,0,-1.150051e-07,0
2438,0,0,1,0,-2.339365e-07,0
2439,0,0,1,0,9.326749e-08,0
2440,0,0,1,0,-5.006759e-10,0
2441,0,0,1,0,2.847524e-07,0
2442,0,0,1,0,2.225642e-07,0
2443,0,0,1,0,4.216511e-07,0
2444,0,0,1,0,-6.151732e-07,0
2445,0,0,1,0,-7.736225e-07,0
2446,0,0,1,0,-3.738196e-07,0
2447,0,0,1,0,-5.288138e-07,0
2448,0,0,1,0,-1.202081e-07,0
2449,0,0,1,0,-2.614680e-07,0
2450,0,0,1,0,1.309798e-07,0
2451,0,0,1,0,1.275474e-08,0
2452,0,0,1,0,3.645495e-07,0
2453,0,0,1,0,2.777655e-07,0
2454,0,0,1,0,5.168916e-07,0
2455,0,0,1,0,-6.939538e-07,0
2456,0,0,1,0,-8.606901e-07,0
2457,0,0,1,0,-4.205831e-07,0
2458,0,0,1,0,-5.901182e-07,0
2459,0,0,1,0,-1.300402e-07,0
2460,0,0,1,0,-2.912360e-07,0
2461,0,0,1,0,1.612008e-07,0
2462,0,0,1,0,1.926976e-08,0
2463,0,0,1,0,4.352193e-07,0
2464,0,0,1,0,3.231352e-07,0
2465,0,0,1,0,6.004802e-07,0
2466,0,0,1,0,-7.641126e-07,0
2467,0,0,1,0,-9.328241e-07,0
2468,0,0,1,0,-4.658494e-07,0
2469,0,0,1,0,-6.449165e-07,0
2470,0,0,1,0,-1.445442e-07,0
2471,0,0,1,0,-3.222159e-07,0
2472,0,0,1,0,1.819057e-07,0
2473,0,0,1,0,1.800807e-08,0
2474,0,0,1,0,4.928673e-07,0
2475,0,0,1,0,3.554858e-07,0
2476,0,0,1,0,6.670874e-07,0
2477,0,0,1,0,-8.214748e-07,0
2478,0,0,1,0,-9.851002e-07,0
2479,0,0,1,0,-5.073373e-07,0
2480,0,0,1,0,-6.894278e-07,0
2481,0,0,1,0,-1.634588e-07,0
2482,0,0,1,0,-3.524883e-07,0
2483,0,0,1,0,1.912389e-07,0
2484,0,0,1,0,8.672575e-09,0
2485,0,0,1,0,5.336155e-07,0
2486,0,0,1,0,3.723442e-07,0
2487,0,0,1,0,7.124326e-07,0
2488,0,0,1,0,-8.611262e-07,0
2489,0,0,1,0,-1.012304e-06,0
2490,0,0,1,0,-5.414102e-07,0
2491,0,0,1,0,-7.190771e-07,0
2492,0,0,1,0,-1.853101e-07,0
2493,0,0,1,0,-3.791260e-07,0
2494,0,0,1,0,1.881688e-07,0
2495,0,0,1,0,-8.167971e-09,0
2496,0,0,1,0,5.540215e-07,0
2497,0,0,1,0,3.716212e-07,0
2498,0,0,1,0,7.318753e-07,0
2499,0,0,1,0,-8.783984e-07,0
2500,0,0,1,0,-1.009691e-06,0
2501,0,0,1,0,-5.644245e-07,0
2502,0,0,1,0,-7.297153e-07,0
2503,0,0,1,0,-2.081973e-07,0
2504,0,0,1,0,-3.991655e-07,0
2505,0,0,1,0,1.723011e-07,0
2506,0,0,1,0,-3.133996e-08,0
2507,0,0,1,0,5.511703e-07,0
2508,0,0,1,0,3.522384e-07,0
2509,0,0,1,0,7.219181e-07,0
2510,0,0,1,0,-8.684198e-07,0
2511,0,0,1,0,-9.721783e-07,0
2512,0,0,1,0,-5.721392e-07,0
2513,0,0,1,0,-7.158053e-07,0
2514,0,0,1,0,-2.292987e-07,0
2515,0,0,1,0,-4.078337e-07,0
2516,0,0,1,0,1.443153e-07,0
2517,0,0,1,0,-5.803449e-08,0
2518,0,0,1,0,5.231585e-07,0
2519,0,0,1,0,3.141510e-07,0
2520,0,0,1,0,6.793109e-07,0
2521,0,0,1,0,-8.255240e-07,0
2522,0,0,1,0,-8.961227e-07,0
2523,0,0,1,0,-5.582348e-07,0
2524,0,0,1,0,-6.709492e-07,0
2525,0,0,1,0,-2.433944e-07,0
2526,0,0,1,0,-3.983858e-07,0
2527,0,0,1,0,1.069385e-07,0
2528,0,0,1,0,-8.313685e-08,0
2529,0,0,1,0,4.694601e-07,0
2530,0,0,1,0,2.598765e-07,0
2531,0,0,1,0,6.040457e-07,0
2532,0,0,1,0,-7.444603e-07,0
2533,0,0,1,0,-7.770035e-07,0
2534,0,0,1,0,-5.153383e-07,0
2535,0,0,1,0,-5.867062e-07,0
2536,0,0,1,0,-2.436016e-07,0
2537,0,0,1,0,-3.607003e-07,0
2538,0,0,1,0,6.470014e-08,0
2539,0,0,1,0,-9.789506e-08,0
2540,0,0,1,0,3.917387e-07,0
2541,0,0,1,0,1.946431e-07,0
2542,0,0,1,0,4.964551e-07,0
2543,0,0,1,0,-6.166650e-07,0
2544,0,0,1,0,-6.230338e-07,0
2545,0,0,1,0,-4.273203e-07,0
2546,0,0,1,0,-4.564372e-07,0
2547,0,0,1,0,-2.112324e-07,0
2548,0,0,1,0,-2.787513e-07,0
2549,0,0,1,0,3.506869e-08,0
2550,0,0,1,0,-8.331928e-08,0
2551,0,0,1,0,3.055976e-07,0
2552,0,0,1,0,1.376067e-07,0
2553,0,0,1,0,3.813215e-07,0
2554,0,0,1,0,-5.179127e-07,0
2555,0,0,1,0,-3.652559e-07,0
2556,0,0,1,0,-2.125167e-07,0
2557,0,0,1,0,-4.822469e-08,0
2558,0,0,1,0,1.393131e-07,0
2559,0,0,1,0,-1.068200e-10,0
2560,0,0,1,0,-1.367883e-10,0
2561,0,0,1,0,2.923697e-11,0
2562,0,0,1,0,8.273256e-11,0
2563,0,0,1,0,-3.100147e-10,0
2564,0,0,1,0,-1.811957e-10,0
2565,0,0,1,0,-1.058743e-10,0
2566,0,0,1,0,2.509378e-10,0
2567,0,0,1,0,2.074188e-10,0
2568,0,0,1,0,2.126318e-10,0
2569,0,0,1,0,2.297381e-10,0
2570,0,0,1,0,2.915376e-11,0
2571,0,0,1,0,1.129785e-10,0
2572,0,0,1,0,-5.243900e-11,0
2573,0,0,1,0,1.195927e-11,0
2574,0,0,1,0,8.672773e-11,0
2575,0,0,1,0,7.460487e-11,0
2576,0,0,1,0,4.542144e-11,0
2577,0,0,1,0,2.605476e-11,0
2578,0,0,1,0,-4.250833e-11,0
2579,0,0,1,0,-1.042019e-10,0
2580,0,0,1,0,-3.017910e-10,0
2581,0,0,1,0,-1.284674e-10,0
2582,0,0,1,0,2.654750e-10,0
2583,0,0,1,0,5.612051e-10,0
2584,0,0,1,0,-2.985127e-10,0
2585,0,0,1,0,-3.427473e-10,0
2586,0,0,1,0,-2.388334e-10,0
2587,0,0,1,0,-4.211013e-11,0
2588,0,0,1,0,1.677259e-10,0
2589,0,0,1,0,6.452905e-10,0
2590,0,0,1,0,-3.771343e-10,0
2591,0,0,1,0,-4.361695e-10,0
2592,0,0,1,0,-7.173629e-11,0
2593,0,0,1,0,-8.088903e-10,0
2594,0,0,1,0,-6.921502e-10,0
2595,0,0,1,0,-9.978263e-10,0
2596,0,0,1,0,-9.150895e-10,0
2597,0,0,1,0,-7.416548e-10,0
2598,0,0,1,0,-7.504796e-10,0
2599,0,0,1,0,-8.930883e-10,0
2600,0,0,1,0,-5.608974e-10,0
2601,0,0,1,0,-4.546747e-10,0
2602,0,0,1,0,-3.020140e-10,0
2603,0,0,1,0,4.097509e-11,0
2604,0,0,1,0,-3.808952e-10,0
2605,0,0,1,0,5.691959e-11,0
2606,0,0,1,0,-4.120192e-10,0
2607,0,0,1,0,-1.153650e-10,0
2608,0,0,1,0,-3.622554e-10,0
2609,0,0,1,0,3.012786e-10,0
2610,0,0,1,0,8.479340e-10,0
2611,0,0,1,0,5.418040e-10,0
2612,0,0,1,0,9.678371e-10,0
2613,0,0,1,0,4.423946e-10,0
2614,0,0,1,0,6.652035e-10,0
2615,0,0,1,0,4.666571e-11,0
2616,0,0,1,0,6.258698e-11,0
2617,0,0,1,0,-1.086483e-10,0
2618,0,0,1,0,-2.042033e-10,0
2619,0,0,1,0,-4.511079e-10,0
2620,0,0,1,0,-3.760976e-10,0
2621,0,0,1,0,-2.409629e-10,0
2622,0,0,1,0,-2.544572e-10,0
2623,0,0,1,0,-2.582691e-11,0
2624,0,0,1,0,-7.765434e-11,0
2625,0,0,1,0,-4.056915e-10,0
2626,0,0,1,0,-1.571030e-10,0
2627,0,0,1,0,-2.544133e-11,0
2628,0,0,1,0,-3.773488e-11,0
2629,0,0,1,0,1.755374e-10,0
2630,0,0,1,0,4.494836e-12,0
2631,0,0,1,0,8.436086e-11,0
2632,0,0,1,0,2.207715e-10,0
2633,0,0,1,0,5.952233e-11,0
2634,0,0,1,0,1.290957e-10,0
2635,0,0,1,0,8.807986e-11,0
2636,0,0,1,0,8.505929e-11,0
2637,0,0,1,0,-9.812933e-12,0
2638,0,0,1,0,-1.338792e-11,0
2639,0,0,1,0,-1.339268e-10,0
2640,0,0,1,0,-5.468628e-10,0
2641,0,0,1,0,-3.364097e-11,0
2642,0,0,1,0,-3.794456e-10,0
2643,0,0,1,0,-3.592675e-11,0
2644,0,0,1,0,4.530745e-10,0
2645,0,0,1,0,1.549588e-10,0
2646,0,0,1,0,4.373892e-10,0
2647,0,0,1,0,8.539840e-11,0
2648,0,0,1,0,1.993731e-10,0
2649,0,0,1,0,9.973470e-12,0
2650,0,0,1,0,1.265267e-09,0
2651,0,0,1,0,9.823501e-10,0
2652,0,0,1,0,1.195586e-09,0
2653,0,0,1,0,6.219453e-10,0
2654,0,0,1,0,4.709362e-10,0
2655,0,0,1,0,1.395455e-10,0
2656,0,0,1,0,1.283599e-09,0
2657,0,0,1,0,1.590257e-09,0
2658,0,0,1,0,1.428259e-09,0
2659,0,0,1,0,1.062546e-09,0
2660,0,0,1,0,5.867111e-10,0
2661,0,0,1,0,1.941711e-10,0
2662,0,0,1,0,1.127440e-09,0
2663,0,0,1,0,6.983891e-10,0
2664,0,0,1,0,1.159582e-10,0
2665,0,0,1,0,-8.585918e-12,0
2666,0,0,1,0,-1.517522e-12,0
FIELD POINTS
6
1,1,0
1,1,1
1,1,2
1,1,3
1,1,4
1,1,5
SOLVE